CVE_ID;CVSSv4_B_Vector;CVSSv3_B_Vector;CVSSv4_B_Score;CVSSv3_B_Score;Threat;EPSS;Affected_Products;CPE;MDR_Risk_Class;Context;CVSSv4_BTE_Hospital_Vector;CVSSv4_BTE_Home_Vector;CVSSv4_BTE_Hospital_Score;CVSSv4_BTE_Home_Score;CVSSv4_BT_Vector;CVSSv4_BT_Score
CVE-2017-5149;CVSS:4.0/AV:N/AC:H/AT:P/PR:N/UI:N/VC:L/VI:H/VA:H/SC:L/SI:H/SA:H;CVSS:3.0/AV:N/AC:H/PR:N/UI:N/S:C/C:L/I:H/A:H;9.2;8.9;U;0.00318;['Inductive models EX1100: versions prior to Version 8.2.2', 'Inductive models EX1100 with MerlinOnDemand capability: versions prior to Version 8.2.2', 'RF models EX1150: versions prior to Version 8.2.2'];;IIa;both;CVSS:4.0/AV:N/AC:H/AT:P/PR:N/UI:N/VC:L/VI:H/VA:H/SC:L/SI:H/SA:H/E:U/CR:L/IR:M/AR:M/MSI:S/MSA:S;CVSS:4.0/AV:N/AC:H/AT:P/PR:N/UI:N/VC:L/VI:H/VA:H/SC:L/SI:H/SA:H/E:U/CR:H/IR:H/AR:H/MSI:S/MSA:S;7.0;8.4;CVSS:4.0/AV:N/AC:H/AT:P/PR:N/UI:N/VC:L/VI:H/VA:H/SC:L/SI:H/SA:H/E:U;6.9
CVE-2016-9355;CVSS:4.0/AV:P/AC:L/AT:N/PR:N/UI:N/VC:H/VI:H/VA:H/SC:H/SI:H/SA:N;CVSS:3.0/AV:P/AC:L/PR:N/UI:N/S:U/C:H/I:H/A:H;8.4;6.8;U;0.00192;['Alaris 8015 PC unit: Version 9.7', 'Alaris 8015 PC unit: Versions 9.33 and prior', 'Alaris 8015 PC unit: Version 9.5 and prior versions'];;IIb;both;CVSS:4.0/AV:P/AC:L/AT:N/PR:N/UI:N/VC:H/VI:H/VA:H/SC:H/SI:H/SA:N/E:U/CR:L/IR:M/AR:M/MSI:S;CVSS:4.0/AV:P/AC:L/AT:N/PR:N/UI:N/VC:H/VI:H/VA:H/SC:H/SI:H/SA:N/E:U/CR:H/IR:H/AR:H/MSI:S;5.4;7.2;CVSS:4.0/AV:P/AC:L/AT:N/PR:N/UI:N/VC:H/VI:H/VA:H/SC:H/SI:H/SA:N/E:U;5.4
CVE-2017-6022;CVSS:4.0/AV:N/AC:L/AT:N/PR:N/UI:N/VC:L/VI:L/VA:L/ SC:L/SI:N/SA:N;CVSS:3.0/AV:N/AC:L/PR:N/UI:N/S:U/C:L/I:L/A:L;6.9;7.3;U;0.00525;['PerformA: Version 2.0.14.0 and prior versions', 'KLA Journal Service: Version 1.0.51 and prior versions'];;IIa;both;CVSS:4.0/AV:N/AC:L/AT:N/PR:N/UI:N/VC:L/VI:L/VA:L/SC:L/SI:N/SA:N/E:U/CR:L/IR:M/AR:M;CVSS:4.0/AV:N/AC:L/AT:N/PR:N/UI:N/VC:L/VI:L/VA:L/SC:L/SI:N/SA:N/E:U/CR:H/IR:H/AR:H;2.7;2.7;CVSS:4.0/AV:N/AC:L/AT:N/PR:N/UI:N/VC:L/VI:L/VA:L/ SC:L/SI:N/SA:N/E:U;2.7
CVE-2017-6018;CVSS:4.0/AV:N/AC:L/AT:N/PR:N/UI:P/VC:L/VI:L/VA:N/SC:N/SI:L/SA:N;CVSS:3.0/AV:N/AC:L/PR:N/UI:R/S:U/C:L/I:L/A:N;5.3;5.4;U;0.00145;['SpaceStation with SpaceCom module (integrated as part number 8713142U): software versions prior to Version 012U000040', 'SpaceStation (part number 8713140U) with installed SpaceCom module (part number 8713160U): software versions prior to Version 012U000040'];;IIa;hospital;CVSS:4.0/AV:N/AC:L/AT:N/PR:N/UI:P/VC:L/VI:L/VA:N/SC:N/SI:L/SA:N/E:U/CR:L/IR:M/AR:M/MSI:S;;4.6;N/A;CVSS:4.0/AV:N/AC:L/AT:N/PR:N/UI:P/VC:L/VI:L/VA:N/SC:N/SI:L/SA:N/E:U;1.3
CVE-2008-4250;CVSS:4.0/AV:N/AC:L/AT:N/PR:N/UI:N/VC:H/VI:H/VA:H/SC:N/SI:H/SA:H;CVSS:3.0/AV:N/AC:L/PR:N/UI:N/S:U/C:H/I:H/A:H;9.9;9.8;P;0.94126;['Siemens SPECT Workplaces/Symbia.net: All Windows XP-based versions'];;IIb;hospital;CVSS:4.0/AV:N/AC:L/AT:N/PR:N/UI:N/VC:H/VI:H/VA:H/SC:N/SI:H/SA:H/E:P/CR:L/IR:M/AR:M/MSI:S/MSA:S;;9.4;N/A;CVSS:4.0/AV:N/AC:L/AT:N/PR:N/UI:N/VC:H/VI:H/VA:H/SC:N/SI:H/SA:H/E:P;9.3
CVE-2017-7269;CVSS:4.0/AV:N/AC:L/AT:N/PR:N/UI:N/VC:H/VI:H/VA:H/SC:N/SI:H/SA:H;CVSS:3.0/AV:N/AC:L/PR:N/UI:N/S:U/C:H/I:H/A:H;9.9;9.8;A;0.94381;['Siemens SPECT Workplaces/Symbia.net: All Windows XP-based versions'];;IIb;hospital;CVSS:4.0/AV:N/AC:L/AT:N/PR:N/UI:N/VC:H/VI:H/VA:H/SC:N/SI:H/SA:H/E:A/CR:L/IR:M/AR:M/MSI:S/MSA:S;;9.9;N/A;CVSS:4.0/AV:N/AC:L/AT:N/PR:N/UI:N/VC:H/VI:H/VA:H/SC:N/SI:H/SA:H/E:A;9.9
CVE-2015-1635;CVSS:4.0/AV:N/AC:L/AT:N/PR:N/UI:N/VC:H/VI:H/VA:H/SC:N/SI:H/SA:H;CVSS:3.0/AV:N/AC:L/PR:N/UI:N/S:U/C:H/I:H/A:H;9.9;9.8;A;0.9431;['Siemens PET/CT Systems: All Windows 7-based versions'];;IIb;hospital;CVSS:4.0/AV:N/AC:L/AT:N/PR:N/UI:N/VC:H/VI:H/VA:H/SC:N/SI:H/SA:H/E:A/CR:L/IR:M/AR:M/MSI:S/MSA:S;;9.9;N/A;CVSS:4.0/AV:N/AC:L/AT:N/PR:N/UI:N/VC:H/VI:H/VA:H/SC:N/SI:H/SA:H/E:A;9.9
CVE-2015-1497;CVSS:4.0/AV:N/AC:L/AT:N/PR:N/UI:N/VC:H/VI:H/VA:H/SC:N/SI:H/SA:H;CVSS:3.0/AV:N/AC:L/PR:N/UI:N/S:U/C:H/I:H/A:H;9.9;9.8;P;0.8933;['Siemens PET/CT Systems: All Windows 7-based versions'];;IIb;hospital;CVSS:4.0/AV:N/AC:L/AT:N/PR:N/UI:N/VC:H/VI:H/VA:H/SC:N/SI:H/SA:H/E:P/CR:L/IR:M/AR:M/MSI:S/MSA:S;;9.4;N/A;CVSS:4.0/AV:N/AC:L/AT:N/PR:N/UI:N/VC:H/VI:H/VA:H/SC:N/SI:H/SA:H/E:P;9.3
CVE-2015-7861;CVSS:4.0/AV:N/AC:L/AT:N/PR:N/UI:N/VC:H/VI:H/VA:H/SC:N/SI:H/SA:H;CVSS:3.0/AV:N/AC:L/PR:N/UI:N/S:U/C:H/I:H/A:H;9.9;9.8;U;0.10159;['Siemens PET/CT Systems: All Windows 7-based versions'];;IIb;hospital;CVSS:4.0/AV:N/AC:L/AT:N/PR:N/UI:N/VC:H/VI:H/VA:H/SC:N/SI:H/SA:H/E:U/CR:L/IR:M/AR:M/MSI:S/MSA:S;;9.1;N/A;CVSS:4.0/AV:N/AC:L/AT:N/PR:N/UI:N/VC:H/VI:H/VA:H/SC:N/SI:H/SA:H/E:U;9.0
CVE-2015-7860;CVSS:4.0/AV:N/AC:L/AT:N/PR:N/UI:N/VC:H/VI:H/VA:H/SC:N/SI:H/SA:H;CVSS:3.0/AV:N/AC:L/PR:N/UI:N/S:U/C:H/I:H/A:H;9.9;9.8;U;0.14156;['Siemens PET/CT Systems: All Windows 7-based versions'];;IIb;hospital;CVSS:4.0/AV:N/AC:L/AT:N/PR:N/UI:N/VC:H/VI:H/VA:H/SC:N/SI:H/SA:H/E:U/CR:L/IR:M/AR:M/MSI:S/MSA:S;;9.1;N/A;CVSS:4.0/AV:N/AC:L/AT:N/PR:N/UI:N/VC:H/VI:H/VA:H/SC:N/SI:H/SA:H/E:U;9.0
CVE-2017-12701;CVSS:4.0/AV:A/AC:L/AT:N/PR:L/UI:N/VC:N/VI:L/VA:L/SC:N/SI:N/SA:H;CVSS:3.0/AV:A/AC:L/PR:L/UI:N/S:U/C:N/I:L/A:L;6.1;4.6;U;0.00533;['Luna CPAP Machine: all devices released prior to July 1 2017'];;IIa;both;CVSS:4.0/AV:A/AC:L/AT:N/PR:L/UI:N/VC:N/VI:L/VA:L/SC:N/SI:N/SA:H/E:U/CR:L/IR:M/AR:M/MSA:S;CVSS:4.0/AV:A/AC:L/AT:N/PR:L/UI:N/VC:N/VI:L/VA:L/SC:N/SI:N/SA:H/E:U/CR:H/IR:H/AR:H/MSA:S;4.3;4.3;CVSS:4.0/AV:A/AC:L/AT:N/PR:L/UI:N/VC:N/VI:L/VA:L/SC:N/SI:N/SA:H/E:U;2.1
CVE-2017-9656;CVSS:4.0/AV:N/AC:L/AT:P/PR:H/UI:N/VC:H/VI:H/VA:H/SC:H/SI:H/SA:H;CVSS:3.0/AV:N/AC:L/PR:H/UI:N/S:C/C:H/I:H/A:H;8.9;9.1;U;0.01387;['DoseWise Portal: Versions 1.1.7.333 and 2.1.1.3069'];;IIa;both;CVSS:4.0/AV:N/AC:L/AT:P/PR:H/UI:N/VC:H/VI:H/VA:H/SC:H/SI:H/SA:H/E:U/CR:L/IR:M/AR:M/MSI:S/MSA:S;CVSS:4.0/AV:N/AC:L/AT:P/PR:H/UI:N/VC:H/VI:H/VA:H/SC:H/SI:H/SA:H/E:U/CR:H/IR:H/AR:H/MSI:S/MSA:S;6.8;7.5;CVSS:4.0/AV:N/AC:L/AT:P/PR:H/UI:N/VC:H/VI:H/VA:H/SC:H/SI:H/SA:H/E:U;5.1
CVE-2017-9654;CVSS:4.0/AV:N/AC:L/AT:P/PR:L/UI:N/VC:H/VI:N/VA:N/SC:H/SI:N/SA:N;CVSS:3.0/AV:N/AC:L/PR:L/UI:N/S:U/C:H/I:N/A:N;7.0;6.5;U;0.00308;['DoseWise Portal: Versions 1.1.7.333 and 2.1.1.3069'];;IIa;both;CVSS:4.0/AV:N/AC:L/AT:P/PR:L/UI:N/VC:H/VI:N/VA:N/SC:H/SI:N/SA:N/E:U/CR:L/IR:M/AR:M;CVSS:4.0/AV:N/AC:L/AT:P/PR:L/UI:N/VC:H/VI:N/VA:N/SC:H/SI:N/SA:N/E:U/CR:H/IR:H/AR:H;1.9;3.8;CVSS:4.0/AV:N/AC:L/AT:P/PR:L/UI:N/VC:H/VI:N/VA:N/SC:H/SI:N/SA:N/E:U;3.8
CVE-2017-12712;CVSS:4.0/AV:A/AC:H/AT:N/PR:N/UI:N/VC:H/VI:H/VA:H/SC:L/SI:N/SA:L;CVSS:3.0/AV:A/AC:H/PR:N/UI:N/S:U/C:H/I:H/A:H;7.7;7.5;U;0.00737;['Abbott Laboratories pacemakers'];;III;both;CVSS:4.0/AV:A/AC:H/AT:N/PR:N/UI:N/VC:H/VI:H/VA:H/SC:L/SI:N/SA:L/E:U/CR:L/IR:M/AR:M/MSA:S;CVSS:4.0/AV:A/AC:H/AT:N/PR:N/UI:N/VC:H/VI:H/VA:H/SC:L/SI:N/SA:L/E:U/CR:H/IR:H/AR:H/MSA:S;6.6;7.3;CVSS:4.0/AV:A/AC:H/AT:N/PR:N/UI:N/VC:H/VI:H/VA:H/SC:L/SI:N/SA:L/E:U;5.2
CVE-2017-12716;CVSS:4.0/AV:A/AC:H/AT:P/PR:N/UI:N/VC:L/VI:N/VA:N/SC:H/SI:N/SA:N;CVSS:3.0/AV:A/AC:H/PR:N/UI:N/S:U/C:L/I:N/A:N;4.9;3.1;U;0.00038;['Abbott Laboratories pacemakers'];;III;both;CVSS:4.0/AV:A/AC:H/AT:P/PR:N/UI:N/VC:L/VI:N/VA:N/SC:H/SI:N/SA:N/E:U/CR:L/IR:M/AR:M;CVSS:4.0/AV:A/AC:H/AT:P/PR:N/UI:N/VC:L/VI:N/VA:N/SC:H/SI:N/SA:N/E:U/CR:H/IR:H/AR:H;1.1;1.1;CVSS:4.0/AV:A/AC:H/AT:P/PR:N/UI:N/VC:L/VI:N/VA:N/SC:H/SI:N/SA:N/E:U;1.1
CVE-2017-12714;CVSS:4.0/AV:A/AC:H/AT:P/PR:N/UI:N/VC:N/VI:N/VA:H/SC:N/SI:N/SA:L;CVSS:3.0/AV:A/AC:H/PR:N/UI:N/S:U/C:N/I:N/A:H;6.0;5.3;U;0.00215;['Abbott Laboratories pacemakers'];;III;both;CVSS:4.0/AV:A/AC:H/AT:P/PR:N/UI:N/VC:N/VI:N/VA:H/SC:N/SI:N/SA:L/E:U/CR:L/IR:M/AR:M/MSA:S;CVSS:4.0/AV:A/AC:H/AT:P/PR:N/UI:N/VC:N/VI:N/VA:H/SC:N/SI:N/SA:L/E:U/CR:H/IR:H/AR:H/MSA:S;4.2;5.7;CVSS:4.0/AV:A/AC:H/AT:P/PR:N/UI:N/VC:N/VI:N/VA:H/SC:N/SI:N/SA:L/E:U;2.3
CVE-2017-12718;CVSS:4.0/AV:N/AC:H/AT:P/PR:N/UI:N/VC:H/VI:H/VA:H/SC:N/SI:N/SA:N;CVSS:3.0/AV:N/AC:H/PR:N/UI:N/S:U/C:H/I:H/A:H;9.2;8.1;P;0.34755;['Medfusion 4000 Wireless Syringe Infusion Pump: Version 1.1', 'Medfusion 4000 Wireless Syringe Infusion Pump: Version 1.6', 'Medfusion 4000 Wireless Syringe Infusion Pump: Version 1.5'];;IIb;both;CVSS:4.0/AV:N/AC:H/AT:P/PR:N/UI:N/VC:H/VI:H/VA:H/SC:N/SI:N/SA:N/E:P/CR:L/IR:M/AR:M;CVSS:4.0/AV:N/AC:H/AT:P/PR:N/UI:N/VC:H/VI:H/VA:H/SC:N/SI:N/SA:N/E:P/CR:H/IR:H/AR:H;7.0;8.2;CVSS:4.0/AV:N/AC:H/AT:P/PR:N/UI:N/VC:H/VI:H/VA:H/SC:N/SI:N/SA:N/E:P;8.2
CVE-2017-12722;CVSS:4.0/AV:N/AC:H/AT:P/PR:N/UI:N/VC:L/VI:N/VA:N/SC:L/SI:N/SA:N;CVSS:3.0/AV:N/AC:H/PR:N/UI:N/S:U/C:L/I:N/A:N;6.3;3.7;U;0.00892;['Medfusion 4000 Wireless Syringe Infusion Pump: Version 1.1', 'Medfusion 4000 Wireless Syringe Infusion Pump: Version 1.6', 'Medfusion 4000 Wireless Syringe Infusion Pump: Version 1.5'];;IIb;both;CVSS:4.0/AV:N/AC:H/AT:P/PR:N/UI:N/VC:L/VI:N/VA:N/SC:L/SI:N/SA:N/E:U/CR:L/IR:M/AR:M;CVSS:4.0/AV:N/AC:H/AT:P/PR:N/UI:N/VC:L/VI:N/VA:N/SC:L/SI:N/SA:N/E:U/CR:H/IR:H/AR:H;1.7;1.7;CVSS:4.0/AV:N/AC:H/AT:P/PR:N/UI:N/VC:L/VI:N/VA:N/SC:L/SI:N/SA:N/E:U;1.7
CVE-2017-12725;CVSS:4.0/AV:N/AC:H/AT:P/PR:N/UI:N/VC:L/VI:N/VA:N/SC:L/SI:N/SA:N;CVSS:3.0/AV:N/AC:H/PR:N/UI:N/S:U/C:L/I:N/A:N;6.3;3.7;U;0.00178;['Medfusion 4000 Wireless Syringe Infusion Pump: Version 1.1', 'Medfusion 4000 Wireless Syringe Infusion Pump: Version 1.6', 'Medfusion 4000 Wireless Syringe Infusion Pump: Version 1.5'];;IIb;both;CVSS:4.0/AV:N/AC:H/AT:P/PR:N/UI:N/VC:L/VI:N/VA:N/SC:L/SI:N/SA:N/E:U/CR:L/IR:M/AR:M;CVSS:4.0/AV:N/AC:H/AT:P/PR:N/UI:N/VC:L/VI:N/VA:N/SC:L/SI:N/SA:N/E:U/CR:H/IR:H/AR:H;1.7;1.7;CVSS:4.0/AV:N/AC:H/AT:P/PR:N/UI:N/VC:L/VI:N/VA:N/SC:L/SI:N/SA:N/E:U;1.7
CVE-2017-12720;CVSS:4.0/AV:N/AC:H/AT:P/PR:N/UI:N/VC:L/VI:N/VA:N/SC:L/SI:N/SA:N;CVSS:3.0/AV:N/AC:H/PR:N/UI:N/S:U/C:L/I:N/A:N;6.3;3.7;U;0.02366;['Medfusion 4000 Wireless Syringe Infusion Pump: Version 1.1', 'Medfusion 4000 Wireless Syringe Infusion Pump: Version 1.6', 'Medfusion 4000 Wireless Syringe Infusion Pump: Version 1.5'];;IIb;both;CVSS:4.0/AV:N/AC:H/AT:P/PR:N/UI:N/VC:L/VI:N/VA:N/SC:L/SI:N/SA:N/E:U/CR:L/IR:M/AR:M;CVSS:4.0/AV:N/AC:H/AT:P/PR:N/UI:N/VC:L/VI:N/VA:N/SC:L/SI:N/SA:N/E:U/CR:H/IR:H/AR:H;1.7;1.7;CVSS:4.0/AV:N/AC:H/AT:P/PR:N/UI:N/VC:L/VI:N/VA:N/SC:L/SI:N/SA:N/E:U;1.7
CVE-2017-12724;CVSS:4.0/AV:N/AC:H/AT:P/PR:N/UI:N/VC:L/VI:N/VA:N/SC:L/SI:N/SA:N;CVSS:3.0/AV:N/AC:H/PR:N/UI:N/S:U/C:L/I:N/A:N;6.3;3.7;U;0.00484;['Medfusion 4000 Wireless Syringe Infusion Pump: Version 1.1', 'Medfusion 4000 Wireless Syringe Infusion Pump: Version 1.6', 'Medfusion 4000 Wireless Syringe Infusion Pump: Version 1.5'];;IIb;both;CVSS:4.0/AV:N/AC:H/AT:P/PR:N/UI:N/VC:L/VI:N/VA:N/SC:L/SI:N/SA:N/E:U/CR:L/IR:M/AR:M;CVSS:4.0/AV:N/AC:H/AT:P/PR:N/UI:N/VC:L/VI:N/VA:N/SC:L/SI:N/SA:N/E:U/CR:H/IR:H/AR:H;1.7;1.7;CVSS:4.0/AV:N/AC:H/AT:P/PR:N/UI:N/VC:L/VI:N/VA:N/SC:L/SI:N/SA:N/E:U;1.7
CVE-2017-12726;CVSS:4.0/AV:N/AC:H/AT:P/PR:N/UI:N/VC:L/VI:N/VA:N/SC:L/SI:N/SA:N;CVSS:3.0/AV:N/AC:H/PR:N/UI:N/S:U/C:L/I:N/A:N;6.3;3.7;U;0.00222;['Medfusion 4000 Wireless Syringe Infusion Pump: Version 1.1', 'Medfusion 4000 Wireless Syringe Infusion Pump: Version 1.6', 'Medfusion 4000 Wireless Syringe Infusion Pump: Version 1.5'];;IIb;both;CVSS:4.0/AV:N/AC:H/AT:P/PR:N/UI:N/VC:L/VI:N/VA:N/SC:L/SI:N/SA:N/E:U/CR:L/IR:M/AR:M;CVSS:4.0/AV:N/AC:H/AT:P/PR:N/UI:N/VC:L/VI:N/VA:N/SC:L/SI:N/SA:N/E:U/CR:H/IR:H/AR:H;1.7;1.7;CVSS:4.0/AV:N/AC:H/AT:P/PR:N/UI:N/VC:L/VI:N/VA:N/SC:L/SI:N/SA:N/E:U;1.7
CVE-2017-12721;CVSS:4.0/AV:N/AC:H/AT:P/PR:N/UI:N/VC:L/VI:N/VA:N/SC:L/SI:N/SA:N;CVSS:3.0/AV:N/AC:H/PR:N/UI:N/S:U/C:L/I:N/A:N;6.3;3.7;U;0.00133;['Medfusion 4000 Wireless Syringe Infusion Pump: Version 1.1', 'Medfusion 4000 Wireless Syringe Infusion Pump: Version 1.6', 'Medfusion 4000 Wireless Syringe Infusion Pump: Version 1.5'];;IIb;both;CVSS:4.0/AV:N/AC:H/AT:P/PR:N/UI:N/VC:L/VI:N/VA:N/SC:L/SI:N/SA:N/E:U/CR:L/IR:M/AR:M;CVSS:4.0/AV:N/AC:H/AT:P/PR:N/UI:N/VC:L/VI:N/VA:N/SC:L/SI:N/SA:N/E:U/CR:H/IR:H/AR:H;1.7;1.7;CVSS:4.0/AV:N/AC:H/AT:P/PR:N/UI:N/VC:L/VI:N/VA:N/SC:L/SI:N/SA:N/E:U;1.7
CVE-2017-12723;CVSS:4.0/AV:N/AC:H/AT:P/PR:N/UI:N/VC:L/VI:N/VA:N/SC:L/SI:N/SA:N;CVSS:3.0/AV:N/AC:H/PR:N/UI:N/S:U/C:L/I:N/A:N;6.3;3.7;U;0.00175;['Medfusion 4000 Wireless Syringe Infusion Pump: Version 1.1', 'Medfusion 4000 Wireless Syringe Infusion Pump: Version 1.6', 'Medfusion 4000 Wireless Syringe Infusion Pump: Version 1.5'];;IIb;both;CVSS:4.0/AV:N/AC:H/AT:P/PR:N/UI:N/VC:L/VI:N/VA:N/SC:L/SI:N/SA:N/E:U/CR:L/IR:M/AR:M;CVSS:4.0/AV:N/AC:H/AT:P/PR:N/UI:N/VC:L/VI:N/VA:N/SC:L/SI:N/SA:N/E:U/CR:H/IR:H/AR:H;1.7;1.7;CVSS:4.0/AV:N/AC:H/AT:P/PR:N/UI:N/VC:L/VI:N/VA:N/SC:L/SI:N/SA:N/E:U;1.7
CVE-2017-9657;CVSS:4.0/AV:A/AC:L/AT:P/PR:N/UI:N/VC:N/VI:N/VA:H/SC:N/SI:N/SA:H;CVSS:3.0/AV:A/AC:L/PR:N/UI:N/S:U/C:N/I:N/A:H;7.0;6.5;U;0.00492;['IntelliVue MX40 Patient Worn Monitor (WLAN only): all versions prior to Version B.06.18'];;IIb;both;CVSS:4.0/AV:A/AC:L/AT:P/PR:N/UI:N/VC:N/VI:N/VA:H/SC:N/SI:N/SA:H/E:U/CR:L/IR:M/AR:M/MSA:S;CVSS:4.0/AV:A/AC:L/AT:P/PR:N/UI:N/VC:N/VI:N/VA:H/SC:N/SI:N/SA:H/E:U/CR:H/IR:H/AR:H/MSA:S;4.2;5.7;CVSS:4.0/AV:A/AC:L/AT:P/PR:N/UI:N/VC:N/VI:N/VA:H/SC:N/SI:N/SA:H/E:U;3.8
CVE-2017-9658;CVSS:4.0/AV:A/AC:L/AT:N/PR:N/UI:N/VC:N/VI:N/VA:H/SC:N/SI:N/SA:H;CVSS:3.0/AV:A/AC:L/PR:N/UI:N/S:U/C:N/I:N/A:H;8.3;6.5;U;0.00448;['IntelliVue MX40 Patient Worn Monitor (WLAN only): all versions prior to Version B.06.18'];;IIb;both;CVSS:4.0/AV:A/AC:L/AT:N/PR:N/UI:N/VC:N/VI:N/VA:H/SC:N/SI:N/SA:H/E:U/CR:L/IR:M/AR:M/MSA:S;CVSS:4.0/AV:A/AC:L/AT:N/PR:N/UI:N/VC:N/VI:N/VA:H/SC:N/SI:N/SA:H/E:U/CR:H/IR:H/AR:H/MSA:S;6.1;7.2;CVSS:4.0/AV:A/AC:L/AT:N/PR:N/UI:N/VC:N/VI:N/VA:H/SC:N/SI:N/SA:H/E:U;5.7
CVE-2017-14014;CVSS:4.0/AV:P/AC:L/AT:N/PR:N/UI:N/VC:H/VI:N/VA:N/SC:H/SI:N/SA:N;CVSS:3.0/AV:P/AC:L/PR:N/UI:N/S:U/C:H/I:N/A:N;6.7;4.6;U;0.00115;['ZOOM LATITUDE Programmer/Recorder/Monitor (PRM) - Model 3120: all versions'];;IIb;hospital;CVSS:4.0/AV:P/AC:L/AT:N/PR:N/UI:N/VC:H/VI:N/VA:N/SC:H/SI:N/SA:N/E:U/CR:L/IR:M/AR:M;;1.4;N/A;CVSS:4.0/AV:P/AC:L/AT:N/PR:N/UI:N/VC:H/VI:N/VA:N/SC:H/SI:N/SA:N/E:U;3.5
CVE-2017-14012;CVSS:4.0/AV:P/AC:L/AT:N/PR:N/UI:N/VC:H/VI:N/VA:N/SC:H/SI:N/SA:N;CVSS:3.0/AV:P/AC:L/PR:N/UI:N/S:U/C:H/I:N/A:N;6.7;4.6;U;0.00057;['ZOOM LATITUDE Programmer/Recorder/Monitor (PRM) - Model 3120: all versions'];;IIb;hospital;CVSS:4.0/AV:P/AC:L/AT:N/PR:N/UI:N/VC:H/VI:N/VA:N/SC:H/SI:N/SA:N/E:U/CR:L/IR:M/AR:M;;1.4;N/A;CVSS:4.0/AV:P/AC:L/AT:N/PR:N/UI:N/VC:H/VI:N/VA:N/SC:H/SI:N/SA:N/E:U;3.5
CVE-2017-14111;CVSS:4.0/AV:N/AC:L/AT:N/PR:H/UI:N/VC:H/VI:H/VA:H/SC:H/SI:H/SA:H;CVSS:3.0/AV:N/AC:L/PR:H/UI:N/S:U/C:H/I:H/A:H;9.4;7.2;U;0.0229;['IntelliSpace Cardiovascular: Version 2.3.0 and prior', 'Xcelera: R4.1L1 and prior'];;I;hospital;CVSS:4.0/AV:N/AC:L/AT:N/PR:H/UI:N/VC:H/VI:H/VA:H/SC:H/SI:H/SA:H/E:U/CR:L/IR:M/AR:M;;6.2;N/A;CVSS:4.0/AV:N/AC:L/AT:N/PR:H/UI:N/VC:H/VI:H/VA:H/SC:H/SI:H/SA:H/E:U;7.6
CVE-2017-14018;CVSS:4.0/AV:P/AC:H/AT:P/PR:N/UI:N/VC:N/VI:H/VA:L/SC:N/SI:L/SA:L;CVSS:3.0/AV:P/AC:H/PR:N/UI:N/S:U/C:N/I:H/A:L;4.3;4.8;U;0.00192;['Ethicon Endo-Surgery Generator Gen11: all versions released before November 29 2017'];;IIb;hospital;CVSS:4.0/AV:P/AC:H/AT:P/PR:N/UI:N/VC:N/VI:H/VA:L/SC:N/SI:L/SA:L/E:U/CR:L/IR:M/AR:M/MSI:S/MSA:S;;1.7;N/A;CVSS:4.0/AV:P/AC:H/AT:P/PR:N/UI:N/VC:N/VI:H/VA:L/SC:N/SI:L/SA:L/E:U;0.7
CVE-2018-5438;CVSS:4.0/AV:L/AC:L/AT:N/PR:L/UI:N/VC:H/VI:L/VA:N/SC:H/SI:N/SA:N;CVSS:3.0/AV:L/AC:L/PR:L/UI:R/S:C/C:H/I:L/A:N;8.2;6.7;U;0.00326;['IntelliSpace Cardiovascular: <= 2.3.0'];;I;hospital;CVSS:4.0/AV:L/AC:L/AT:N/PR:L/UI:N/VC:H/VI:L/VA:N/SC:H/SI:N/SA:N/E:U/CR:L/IR:M/AR:M;;3.8;N/A;CVSS:4.0/AV:L/AC:L/AT:N/PR:L/UI:N/VC:H/VI:L/VA:N/SC:H/SI:N/SA:N/E:U;5.5
CVE-2018-5457;CVSS:4.0/AV:L/AC:H/AT:P/PR:L/UI:N/VC:H/VI:H/VA:H/SC:H/SI:H/SA:H;CVSS:3.0/AV:L/AC:H/PR:L/UI:R/S:U/C:H/I:H/A:H;8.8;6.7;U;0.0008;['CareFusion Upgrade Utility used with Windows XP systems: Versions 2.0.2.2 and prior versions'];;I;hospital;CVSS:4.0/AV:L/AC:H/AT:P/PR:L/UI:N/VC:H/VI:H/VA:H/SC:H/SI:H/SA:H/E:U/CR:L/IR:M/AR:M;;4.6;N/A;CVSS:4.0/AV:L/AC:H/AT:P/PR:L/UI:N/VC:H/VI:H/VA:H/SC:H/SI:H/SA:H/E:U;5.8
CVE-2016-8375;CVSS:4.0/AV:P/AC:H/AT:P/PR:N/UI:N/VC:H/VI:N/VA:N/SC:H/SI:N/SA:N;CVSS:3.0/AV:P/AC:H/PR:N/UI:N/S:C/C:H/I:N/A:N;5.6;4.9;U;0.00453;['Alaris 8000 PC unit: all versions', 'Alaris 8015 PC unit: Version 9.7', 'Alaris 8015 PC unit: Versions 9.33 and prior', 'Alaris 8015 PC unit: Version 9.5 and prior versions'];;IIb;both;CVSS:4.0/AV:P/AC:H/AT:P/PR:N/UI:N/VC:H/VI:N/VA:N/SC:H/SI:N/SA:N/E:U/CR:L/IR:M/AR:M;CVSS:4.0/AV:P/AC:H/AT:P/PR:N/UI:N/VC:H/VI:N/VA:N/SC:H/SI:N/SA:N/E:U/CR:H/IR:H/AR:H;0.5;1.3;CVSS:4.0/AV:P/AC:H/AT:P/PR:N/UI:N/VC:H/VI:N/VA:N/SC:H/SI:N/SA:N/E:U;1.3
CVE-2010-5306;CVSS:4.0/AV:N/AC:L/AT:N/PR:N/UI:N/VC:H/VI:H/VA:H/SC:H/SI:H/SA:H;CVSS:3.0/AV:N/AC:L/PR:N/UI:N/S:U/C:H/I:H/A:H;10.0;9.8;U;0.01611;['Optima 520: *', 'Optima 540: *', 'Optima 640: *', 'Optima 680: *'];;IIa;both;CVSS:4.0/AV:N/AC:L/AT:N/PR:N/UI:N/VC:H/VI:H/VA:H/SC:H/SI:H/SA:H/E:U/CR:L/IR:M/AR:M/MSI:S/MSA:S;CVSS:4.0/AV:N/AC:L/AT:N/PR:N/UI:N/VC:H/VI:H/VA:H/SC:H/SI:H/SA:H/E:U/CR:H/IR:H/AR:H/MSI:S/MSA:S;9.2;9.5;CVSS:4.0/AV:N/AC:L/AT:N/PR:N/UI:N/VC:H/VI:H/VA:H/SC:H/SI:H/SA:H/E:U;9.1
CVE-2009-5143;CVSS:4.0/AV:N/AC:L/AT:N/PR:N/UI:N/VC:H/VI:H/VA:H/SC:H/SI:H/SA:H;CVSS:3.0/AV:N/AC:L/PR:N/UI:N/S:U/C:H/I:H/A:H;10.0;9.8;U;0.00568;['Discovery NM530c: < 1.003'];;IIa;hospital;CVSS:4.0/AV:N/AC:L/AT:N/PR:N/UI:N/VC:H/VI:H/VA:H/SC:H/SI:H/SA:H/E:U/CR:L/IR:M/AR:M/MSI:S/MSA:S;;9.2;N/A;CVSS:4.0/AV:N/AC:L/AT:N/PR:N/UI:N/VC:H/VI:H/VA:H/SC:H/SI:H/SA:H/E:U;9.1
CVE-2013-7404;CVSS:4.0/AV:N/AC:L/AT:N/PR:N/UI:N/VC:H/VI:H/VA:H/SC:H/SI:H/SA:H;CVSS:3.0/AV:N/AC:L/PR:N/UI:N/S:U/C:H/I:H/A:H;10.0;9.8;U;0.00568;['Discovery NM750b: < 2.003'];;IIa;hospital;CVSS:4.0/AV:N/AC:L/AT:N/PR:N/UI:N/VC:H/VI:H/VA:H/SC:H/SI:H/SA:H/E:U/CR:L/IR:M/AR:M/MSI:S/MSA:S;;9.2;N/A;CVSS:4.0/AV:N/AC:L/AT:N/PR:N/UI:N/VC:H/VI:H/VA:H/SC:H/SI:H/SA:H/E:U;9.1
CVE-2014-7232;CVSS:4.0/AV:N/AC:L/AT:N/PR:N/UI:N/VC:H/VI:H/VA:H/SC:H/SI:H/SA:H;CVSS:3.0/AV:N/AC:L/PR:N/UI:N/S:U/C:H/I:H/A:H;10.0;9.8;U;0.00624;['Discovery XR656: *', 'Discovery XR656 Plus: *'];;IIa;hospital;CVSS:4.0/AV:N/AC:L/AT:N/PR:N/UI:N/VC:H/VI:H/VA:H/SC:H/SI:H/SA:H/E:U/CR:L/IR:M/AR:M/MSI:S/MSA:S;;9.2;N/A;CVSS:4.0/AV:N/AC:L/AT:N/PR:N/UI:N/VC:H/VI:H/VA:H/SC:H/SI:H/SA:H/E:U;9.1
CVE-2010-5310;CVSS:4.0/AV:N/AC:L/AT:N/PR:N/UI:N/VC:H/VI:H/VA:H/SC:H/SI:H/SA:H;CVSS:3.0/AV:N/AC:L/PR:N/UI:N/S:U/C:H/I:H/A:H;10.0;9.8;U;0.00568;['Revolution XQ/i: *'];;IIa;hospital;CVSS:4.0/AV:N/AC:L/AT:N/PR:N/UI:N/VC:H/VI:H/VA:H/SC:H/SI:H/SA:H/E:U/CR:L/IR:M/AR:M/MSI:S/MSA:S;;9.2;N/A;CVSS:4.0/AV:N/AC:L/AT:N/PR:N/UI:N/VC:H/VI:H/VA:H/SC:H/SI:H/SA:H/E:U;9.1
CVE-2014-7233;CVSS:4.0/AV:N/AC:L/AT:N/PR:N/UI:N/VC:H/VI:H/VA:H/SC:H/SI:H/SA:H;CVSS:3.0/AV:N/AC:L/PR:N/UI:N/S:U/C:H/I:H/A:H;10.0;9.8;U;0.00568;['THUNIS-800+: *'];;IIa;hospital;CVSS:4.0/AV:N/AC:L/AT:N/PR:N/UI:N/VC:H/VI:H/VA:H/SC:H/SI:H/SA:H/E:U/CR:L/IR:M/AR:M/MSI:S/MSA:S;;9.2;N/A;CVSS:4.0/AV:N/AC:L/AT:N/PR:N/UI:N/VC:H/VI:H/VA:H/SC:H/SI:H/SA:H/E:U;9.1
CVE-2012-6693;CVSS:4.0/AV:N/AC:L/AT:N/PR:N/UI:N/VC:H/VI:H/VA:H/SC:H/SI:H/SA:H;CVSS:3.0/AV:N/AC:L/PR:N/UI:N/S:U/C:H/I:H/A:H;10.0;9.8;U;0.00624;['Centricity PACS Server: *'];;IIa;hospital;CVSS:4.0/AV:N/AC:L/AT:N/PR:N/UI:N/VC:H/VI:H/VA:H/SC:H/SI:H/SA:H/E:U/CR:L/IR:M/AR:M/MSI:S/MSA:S;;9.2;N/A;CVSS:4.0/AV:N/AC:L/AT:N/PR:N/UI:N/VC:H/VI:H/VA:H/SC:H/SI:H/SA:H/E:U;9.1
CVE-2012-6694;CVSS:4.0/AV:N/AC:L/AT:N/PR:N/UI:N/VC:H/VI:H/VA:H/SC:H/SI:H/SA:H;CVSS:3.0/AV:N/AC:L/PR:N/UI:N/S:U/C:H/I:H/A:H;10.0;9.8;U;0.00624;['Centricity PACS Server: *'];;IIa;hospital;CVSS:4.0/AV:N/AC:L/AT:N/PR:N/UI:N/VC:H/VI:H/VA:H/SC:H/SI:H/SA:H/E:U/CR:L/IR:M/AR:M/MSI:S/MSA:S;;9.2;N/A;CVSS:4.0/AV:N/AC:L/AT:N/PR:N/UI:N/VC:H/VI:H/VA:H/SC:H/SI:H/SA:H/E:U;9.1
CVE-2012-6695;CVSS:4.0/AV:N/AC:L/AT:N/PR:N/UI:N/VC:H/VI:H/VA:H/SC:H/SI:H/SA:H;CVSS:3.0/AV:N/AC:L/PR:N/UI:N/S:U/C:H/I:H/A:H;10.0;9.8;U;0.00624;['Centricity PACS Server: *'];;IIa;hospital;CVSS:4.0/AV:N/AC:L/AT:N/PR:N/UI:N/VC:H/VI:H/VA:H/SC:H/SI:H/SA:H/E:U/CR:L/IR:M/AR:M/MSI:S/MSA:S;;9.2;N/A;CVSS:4.0/AV:N/AC:L/AT:N/PR:N/UI:N/VC:H/VI:H/VA:H/SC:H/SI:H/SA:H/E:U;9.1
CVE-2013-7442;CVSS:4.0/AV:N/AC:L/AT:N/PR:N/UI:N/VC:H/VI:H/VA:H/SC:H/SI:H/SA:H;CVSS:3.0/AV:N/AC:L/PR:N/UI:N/S:U/C:H/I:H/A:H;10.0;9.8;U;0.00624;['Centricity PACS Server: *'];;IIa;hospital;CVSS:4.0/AV:N/AC:L/AT:N/PR:N/UI:N/VC:H/VI:H/VA:H/SC:H/SI:H/SA:H/E:U/CR:L/IR:M/AR:M/MSI:S/MSA:S;;9.2;N/A;CVSS:4.0/AV:N/AC:L/AT:N/PR:N/UI:N/VC:H/VI:H/VA:H/SC:H/SI:H/SA:H/E:U;9.1
CVE-2017-14008;CVSS:4.0/AV:N/AC:L/AT:N/PR:N/UI:N/VC:H/VI:H/VA:H/SC:L/SI:L/SA:L;CVSS:3.0/AV:N/AC:L/PR:N/UI:N/S:U/C:H/I:H/A:H;9.3;9.8;U;0.06938;['Centricity PACS RA1000: *'];;IIa;hospital;CVSS:4.0/AV:N/AC:L/AT:N/PR:N/UI:N/VC:H/VI:H/VA:H/SC:L/SI:L/SA:L/E:U/CR:L/IR:M/AR:M/MSI:S/MSA:S;;9.1;N/A;CVSS:4.0/AV:N/AC:L/AT:N/PR:N/UI:N/VC:H/VI:H/VA:H/SC:L/SI:L/SA:L/E:U;8.1
CVE-2011-5322;CVSS:4.0/AV:N/AC:L/AT:N/PR:N/UI:N/VC:H/VI:H/VA:H/SC:H/SI:H/SA:H;CVSS:3.0/AV:N/AC:L/PR:N/UI:N/S:U/C:H/I:H/A:H;10.0;9.8;U;0.00419;['Centricity PACS-IW: *'];;IIa;hospital;CVSS:4.0/AV:N/AC:L/AT:N/PR:N/UI:N/VC:H/VI:H/VA:H/SC:H/SI:H/SA:H/E:U/CR:L/IR:M/AR:M/MSI:S/MSA:S;;9.2;N/A;CVSS:4.0/AV:N/AC:L/AT:N/PR:N/UI:N/VC:H/VI:H/VA:H/SC:H/SI:H/SA:H/E:U;9.1
CVE-2007-6757;CVSS:4.0/AV:N/AC:L/AT:N/PR:N/UI:N/VC:H/VI:H/VA:H/SC:H/SI:H/SA:H;CVSS:3.0/AV:N/AC:L/PR:N/UI:N/S:U/C:H/I:H/A:H;10.0;9.8;U;0.01611;['Centricity DMS: *'];;IIa;hospital;CVSS:4.0/AV:N/AC:L/AT:N/PR:N/UI:N/VC:H/VI:H/VA:H/SC:H/SI:H/SA:H/E:U/CR:L/IR:M/AR:M/MSI:S/MSA:S;;9.2;N/A;CVSS:4.0/AV:N/AC:L/AT:N/PR:N/UI:N/VC:H/VI:H/VA:H/SC:H/SI:H/SA:H/E:U;9.1
CVE-2003-1603;CVSS:4.0/AV:N/AC:L/AT:N/PR:N/UI:N/VC:H/VI:H/VA:H/SC:H/SI:H/SA:H;CVSS:3.0/AV:N/AC:L/PR:N/UI:N/S:U/C:H/I:H/A:H;10.0;9.8;U;0.00615;['Discovery VH: *', 'Millenium VG: *'];;IIa;hospital;CVSS:4.0/AV:N/AC:L/AT:N/PR:N/UI:N/VC:H/VI:H/VA:H/SC:H/SI:H/SA:H/E:U/CR:L/IR:M/AR:M/MSI:S/MSA:S;;9.2;N/A;CVSS:4.0/AV:N/AC:L/AT:N/PR:N/UI:N/VC:H/VI:H/VA:H/SC:H/SI:H/SA:H/E:U;9.1
CVE-2001-1594;CVSS:4.0/AV:N/AC:L/AT:N/PR:N/UI:N/VC:H/VI:H/VA:H/SC:H/SI:H/SA:H;CVSS:3.0/AV:N/AC:L/PR:N/UI:N/S:U/C:H/I:H/A:H;10.0;9.8;U;0.00568;['eNTEGRA 2.0/2.5 Processing and Review Workstation: *'];;IIa;hospital;CVSS:4.0/AV:N/AC:L/AT:N/PR:N/UI:N/VC:H/VI:H/VA:H/SC:H/SI:H/SA:H/E:U/CR:L/IR:M/AR:M/MSI:S/MSA:S;;9.2;N/A;CVSS:4.0/AV:N/AC:L/AT:N/PR:N/UI:N/VC:H/VI:H/VA:H/SC:H/SI:H/SA:H/E:U;9.1
CVE-2010-5309;CVSS:4.0/AV:N/AC:L/AT:N/PR:N/UI:N/VC:H/VI:H/VA:H/SC:L/SI:H/SA:L;CVSS:3.0/AV:N/AC:L/PR:N/UI:N/S:U/C:H/I:H/A:H;9.9;9.8;U;0.00568;['CADstream: *'];;IIa;hospital;CVSS:4.0/AV:N/AC:L/AT:N/PR:N/UI:N/VC:H/VI:H/VA:H/SC:L/SI:H/SA:L/E:U/CR:L/IR:M/AR:M/MSI:S/MSA:S;;9.1;N/A;CVSS:4.0/AV:N/AC:L/AT:N/PR:N/UI:N/VC:H/VI:H/VA:H/SC:L/SI:H/SA:L/E:U;9.0
CVE-2010-5307;CVSS:4.0/AV:N/AC:L/AT:N/PR:N/UI:N/VC:H/VI:H/VA:H/SC:H/SI:H/SA:H;CVSS:3.0/AV:N/AC:L/PR:N/UI:N/S:U/C:H/I:H/A:H;10.0;9.8;U;0.00568;['Optima MR360: *'];;IIa;hospital;CVSS:4.0/AV:N/AC:L/AT:N/PR:N/UI:N/VC:H/VI:H/VA:H/SC:H/SI:H/SA:H/E:U/CR:L/IR:M/AR:M/MSI:S/MSA:S;;9.2;N/A;CVSS:4.0/AV:N/AC:L/AT:N/PR:N/UI:N/VC:H/VI:H/VA:H/SC:H/SI:H/SA:H/E:U;9.1
CVE-2017-14004;CVSS:4.0/AV:N/AC:L/AT:N/PR:N/UI:N/VC:H/VI:H/VA:H/SC:L/SI:L/SA:L;CVSS:3.0/AV:N/AC:L/PR:N/UI:N/S:U/C:H/I:H/A:H;9.3;9.8;U;0.00914;['GEMNet License server (EchoServer): *'];;I;hospital;CVSS:4.0/AV:N/AC:L/AT:N/PR:N/UI:N/VC:H/VI:H/VA:H/SC:L/SI:L/SA:L/E:U/CR:L/IR:M/AR:M;;6.7;N/A;CVSS:4.0/AV:N/AC:L/AT:N/PR:N/UI:N/VC:H/VI:H/VA:H/SC:L/SI:L/SA:L/E:U;8.1
CVE-2004-2777;CVSS:4.0/AV:N/AC:L/AT:N/PR:N/UI:N/VC:H/VI:H/VA:H/SC:H/SI:H/SA:H;CVSS:3.0/AV:N/AC:L/PR:N/UI:N/S:U/C:H/I:H/A:H;10.0;9.8;U;0.00419;['Image Vault 3.x medical imaging software: *'];;IIa;hospital;CVSS:4.0/AV:N/AC:L/AT:N/PR:N/UI:N/VC:H/VI:H/VA:H/SC:H/SI:H/SA:H/E:U/CR:L/IR:M/AR:M/MSI:S/MSA:S;;9.2;N/A;CVSS:4.0/AV:N/AC:L/AT:N/PR:N/UI:N/VC:H/VI:H/VA:H/SC:H/SI:H/SA:H/E:U;9.1
CVE-2017-14002;CVSS:4.0/AV:N/AC:L/AT:N/PR:N/UI:N/VC:H/VI:H/VA:H/SC:L/SI:L/SA:L;CVSS:3.0/AV:N/AC:L/PR:N/UI:N/S:U/C:H/I:H/A:H;9.3;9.8;U;0.15378;['Infinia: *', 'Infinia with Hawkeye 4 / 1: *'];;IIb;hospital;CVSS:4.0/AV:N/AC:L/AT:N/PR:N/UI:N/VC:H/VI:H/VA:H/SC:L/SI:L/SA:L/E:U/CR:L/IR:M/AR:M/MSI:S/MSA:S;;9.1;N/A;CVSS:4.0/AV:N/AC:L/AT:N/PR:N/UI:N/VC:H/VI:H/VA:H/SC:L/SI:L/SA:L/E:U;8.1
CVE-2002-2446;CVSS:4.0/AV:N/AC:L/AT:N/PR:N/UI:N/VC:H/VI:H/VA:H/SC:L/SI:H/SA:L;CVSS:3.0/AV:N/AC:L/PR:N/UI:N/S:U/C:H/I:H/A:H;9.9;9.8;U;0.00624;['Millenium MG: *', 'Millenium NC: *', 'Millenium MyoSIGHT: *'];;IIa;hospital;CVSS:4.0/AV:N/AC:L/AT:N/PR:N/UI:N/VC:H/VI:H/VA:H/SC:L/SI:H/SA:L/E:U/CR:L/IR:M/AR:M/MSI:S/MSA:S;;9.1;N/A;CVSS:4.0/AV:N/AC:L/AT:N/PR:N/UI:N/VC:H/VI:H/VA:H/SC:L/SI:H/SA:L/E:U;9.0
CVE-2012-6660;CVSS:4.0/AV:N/AC:L/AT:N/PR:N/UI:N/VC:H/VI:H/VA:H/SC:H/SI:H/SA:H;CVSS:3.0/AV:N/AC:L/PR:N/UI:N/S:U/C:H/I:H/A:H;10.0;9.8;U;0.00568;['Precision MP/i: *'];;IIa;hospital;CVSS:4.0/AV:N/AC:L/AT:N/PR:N/UI:N/VC:H/VI:H/VA:H/SC:H/SI:H/SA:H/E:U/CR:L/IR:M/AR:M/MSI:S/MSA:S;;9.2;N/A;CVSS:4.0/AV:N/AC:L/AT:N/PR:N/UI:N/VC:H/VI:H/VA:H/SC:H/SI:H/SA:H/E:U;9.1
CVE-2017-14006;CVSS:4.0/AV:N/AC:L/AT:N/PR:N/UI:N/VC:H/VI:H/VA:H/SC:H/SI:H/SA:H;CVSS:3.0/AV:N/AC:L/PR:N/UI:N/S:U/C:H/I:H/A:H;10.0;9.8;U;0.00914;['Xeleris 1.0: *', 'Xeleris 1.1: *', 'Xeleris 2.1: *', 'Xeleris 3.0: *', 'Xeleris 3.1: *'];;IIa;hospital;CVSS:4.0/AV:N/AC:L/AT:N/PR:N/UI:N/VC:H/VI:H/VA:H/SC:H/SI:H/SA:H/E:U/CR:L/IR:M/AR:M/MSI:S/MSA:S;;9.2;N/A;CVSS:4.0/AV:N/AC:L/AT:N/PR:N/UI:N/VC:H/VI:H/VA:H/SC:H/SI:H/SA:H/E:U;9.1
CVE-2018-5446;CVSS:4.0/AV:P/AC:H/AT:N/PR:N/UI:N/VC:H/VI:N/VA:N/SC:H/SI:L/SA:L;CVSS:3.0/AV:P/AC:H/PR:N/UI:N/S:C/C:H/I:N/A:N;5.8;4.9;U;0.00061;['29901 Encore Programmer: all versions', '2090 CareLink Programmer: all versions'];;IIa;hospital;CVSS:4.0/AV:P/AC:H/AT:N/PR:N/UI:N/VC:H/VI:N/VA:N/SC:H/SI:L/SA:L/E:U/CR:L/IR:M/AR:M/MSI:S/MSA:S;;1.9;N/A;CVSS:4.0/AV:P/AC:H/AT:N/PR:N/UI:N/VC:H/VI:N/VA:N/SC:H/SI:L/SA:L/E:U;1.6
CVE-2018-5448;CVSS:4.0/AV:A/AC:H/AT:P/PR:L/UI:N/VC:H/VI:N/VA:N/SC:H/SI:N/SA:N;CVSS:3.0/AV:A/AC:H/PR:L/UI:N/S:U/C:H/I:N/A:N;6.9;4.8;U;0.00132;['29901 Encore Programmer: all versions', '2090 CareLink Programmer: all versions'];;IIa;hospital;CVSS:4.0/AV:A/AC:H/AT:P/PR:L/UI:N/VC:H/VI:N/VA:N/SC:H/SI:N/SA:N/E:U/CR:L/IR:M/AR:M;;1.8;N/A;CVSS:4.0/AV:A/AC:H/AT:P/PR:L/UI:N/VC:H/VI:N/VA:N/SC:H/SI:N/SA:N/E:U;3.6
CVE-2018-10596;CVSS:4.0/AV:N/AC:H/AT:P/PR:L/UI:P/VC:H/VI:H/VA:H/SC:H/SI:H/SA:H;CVSS:3.0/AV:N/AC:H/PR:L/UI:R/S:U/C:H/I:H/A:H;8.9;7.1;U;0.00054;['29901 Encore Programmer: all versions', '2090 CareLink Programmer: all versions'];;IIa;hospital;CVSS:4.0/AV:N/AC:H/AT:P/PR:L/UI:P/VC:H/VI:H/VA:H/SC:H/SI:H/SA:H/E:U/CR:L/IR:M/AR:M/MSI:S/MSA:S;;6.8;N/A;CVSS:4.0/AV:N/AC:H/AT:P/PR:L/UI:P/VC:H/VI:H/VA:H/SC:H/SI:H/SA:H/E:U;5.9
CVE-2018-5474;CVSS:4.0/AV:N/AC:L/AT:N/PR:N/UI:N/VC:H/VI:H/VA:H/SC:H/SI:H/SA:H;CVSS:3.0/AV:N/AC:L/PR:N/UI:N/S:U/C:H/I:H/A:H;10.0;9.8;U;0.07102;['IntelliSpace Portal 8.0.x: *', 'IntelliSpace Portal 7.0.x: *'];;IIa;both;CVSS:4.0/AV:N/AC:L/AT:N/PR:N/UI:N/VC:H/VI:H/VA:H/SC:H/SI:H/SA:H/E:U/CR:L/IR:M/AR:M/MSI:S/MSA:S;CVSS:4.0/AV:N/AC:L/AT:N/PR:N/UI:N/VC:H/VI:H/VA:H/SC:H/SI:H/SA:H/E:U/CR:H/IR:H/AR:H/MSI:S/MSA:S;9.2;9.5;CVSS:4.0/AV:N/AC:L/AT:N/PR:N/UI:N/VC:H/VI:H/VA:H/SC:H/SI:H/SA:H/E:U;9.1
CVE-2017-0143;CVSS:4.0/AV:N/AC:H/AT:N/PR:N/UI:N/VC:H/VI:H/VA:H/SC:H/SI:H/SA:H;CVSS:3.0/AV:N/AC:H/PR:N/UI:N/S:U/C:H/I:H/A:H;9.5;8.1;A;0.94022;['IntelliSpace Portal 8.0.x: *', 'IntelliSpace Portal 7.0.x: *', 'ExactaMix EM2400: Versions 1.10 1.11 1.13 1.14', 'ExactaMix EM1200: Versions 1.1 1.2 1.4 1.5'];;IIa;both;CVSS:4.0/AV:N/AC:H/AT:N/PR:N/UI:N/VC:H/VI:H/VA:H/SC:H/SI:H/SA:H/E:A/CR:L/IR:M/AR:M/MSI:S/MSA:S;CVSS:4.0/AV:N/AC:H/AT:N/PR:N/UI:N/VC:H/VI:H/VA:H/SC:H/SI:H/SA:H/E:A/CR:H/IR:H/AR:H/MSI:S/MSA:S;9.7;9.9;CVSS:4.0/AV:N/AC:H/AT:N/PR:N/UI:N/VC:H/VI:H/VA:H/SC:H/SI:H/SA:H/E:A;9.5
CVE-2017-0144;CVSS:4.0/AV:N/AC:H/AT:P/PR:N/UI:N/VC:H/VI:H/VA:H/SC:H/SI:H/SA:H;CVSS:3.0/AV:N/AC:H/PR:N/UI:N/S:U/C:H/I:H/A:H;9.5;8.1;A;0.94412;['IntelliSpace Portal 8.0.x: *', 'IntelliSpace Portal 7.0.x: *'];;IIa;both;CVSS:4.0/AV:N/AC:H/AT:P/PR:N/UI:N/VC:H/VI:H/VA:H/SC:H/SI:H/SA:H/E:A/CR:L/IR:M/AR:M/MSI:S/MSA:S;CVSS:4.0/AV:N/AC:H/AT:P/PR:N/UI:N/VC:H/VI:H/VA:H/SC:H/SI:H/SA:H/E:A/CR:H/IR:H/AR:H/MSI:S/MSA:S;9.7;9.9;CVSS:4.0/AV:N/AC:H/AT:P/PR:N/UI:N/VC:H/VI:H/VA:H/SC:H/SI:H/SA:H/E:A;9.5
CVE-2017-0145;CVSS:4.0/AV:N/AC:H/AT:P/PR:N/UI:N/VC:H/VI:H/VA:H/SC:H/SI:H/SA:H;CVSS:3.0/AV:N/AC:H/PR:N/UI:N/S:U/C:H/I:H/A:H;9.5;8.1;A;0.93501;['IntelliSpace Portal 8.0.x: *', 'IntelliSpace Portal 7.0.x: *'];;IIa;both;CVSS:4.0/AV:N/AC:H/AT:P/PR:N/UI:N/VC:H/VI:H/VA:H/SC:H/SI:H/SA:H/E:A/CR:L/IR:M/AR:M/MSI:S/MSA:S;CVSS:4.0/AV:N/AC:H/AT:P/PR:N/UI:N/VC:H/VI:H/VA:H/SC:H/SI:H/SA:H/E:A/CR:H/IR:H/AR:H/MSI:S/MSA:S;9.7;9.9;CVSS:4.0/AV:N/AC:H/AT:P/PR:N/UI:N/VC:H/VI:H/VA:H/SC:H/SI:H/SA:H/E:A;9.5
CVE-2017-0146;CVSS:4.0/AV:N/AC:H/AT:P/PR:N/UI:N/VC:H/VI:H/VA:H/SC:H/SI:H/SA:H;CVSS:3.0/AV:N/AC:H/PR:N/UI:N/S:U/C:H/I:H/A:H;9.5;8.1;A;0.93882;['IntelliSpace Portal 8.0.x: *', 'IntelliSpace Portal 7.0.x: *'];;IIa;both;CVSS:4.0/AV:N/AC:H/AT:P/PR:N/UI:N/VC:H/VI:H/VA:H/SC:H/SI:H/SA:H/E:A/CR:L/IR:M/AR:M/MSI:S/MSA:S;CVSS:4.0/AV:N/AC:H/AT:P/PR:N/UI:N/VC:H/VI:H/VA:H/SC:H/SI:H/SA:H/E:A/CR:H/IR:H/AR:H/MSI:S/MSA:S;9.7;9.9;CVSS:4.0/AV:N/AC:H/AT:P/PR:N/UI:N/VC:H/VI:H/VA:H/SC:H/SI:H/SA:H/E:A;9.5
CVE-2017-0148;CVSS:4.0/AV:N/AC:H/AT:P/PR:N/UI:N/VC:H/VI:H/VA:H/SC:H/SI:H/SA:H;CVSS:3.0/AV:N/AC:H/PR:N/UI:N/S:U/C:H/I:H/A:H;9.5;8.1;A;0.94175;['IntelliSpace Portal 8.0.x: *', 'IntelliSpace Portal 7.0.x: *'];;IIa;both;CVSS:4.0/AV:N/AC:H/AT:P/PR:N/UI:N/VC:H/VI:H/VA:H/SC:H/SI:H/SA:H/E:A/CR:L/IR:M/AR:M/MSI:S/MSA:S;CVSS:4.0/AV:N/AC:H/AT:P/PR:N/UI:N/VC:H/VI:H/VA:H/SC:H/SI:H/SA:H/E:A/CR:H/IR:H/AR:H/MSI:S/MSA:S;9.7;9.9;CVSS:4.0/AV:N/AC:H/AT:P/PR:N/UI:N/VC:H/VI:H/VA:H/SC:H/SI:H/SA:H/E:A;9.5
CVE-2017-0272;CVSS:4.0/AV:N/AC:H/AT:N/PR:N/UI:N/VC:H/VI:H/VA:H/SC:H/SI:H/SA:L;CVSS:3.0/AV:N/AC:H/PR:N/UI:N/S:U/C:H/I:H/A:H;9.5;8.1;U;0.04026;['IntelliSpace Portal 8.0.x: *', 'IntelliSpace Portal 7.0.x: *'];;IIa;both;CVSS:4.0/AV:N/AC:H/AT:N/PR:N/UI:N/VC:H/VI:H/VA:H/SC:H/SI:H/SA:L/E:U/CR:L/IR:M/AR:M/MSI:S/MSA:S;CVSS:4.0/AV:N/AC:H/AT:N/PR:N/UI:N/VC:H/VI:H/VA:H/SC:H/SI:H/SA:L/E:U/CR:H/IR:H/AR:H/MSI:S/MSA:S;8.4;9.2;CVSS:4.0/AV:N/AC:H/AT:N/PR:N/UI:N/VC:H/VI:H/VA:H/SC:H/SI:H/SA:L/E:U;8.3
CVE-2017-0277;CVSS:4.0/AV:N/AC:H/AT:N/PR:N/UI:N/VC:H/VI:L/VA:L/SC:H/SI:H/SA:H;CVSS:3.0/AV:N/AC:H/PR:N/UI:N/S:U/C:H/I:L/A:L;9.2;7.0;U;0.01338;['IntelliSpace Portal 8.0.x: *', 'IntelliSpace Portal 7.0.x: *'];;IIa;both;CVSS:4.0/AV:N/AC:H/AT:N/PR:N/UI:N/VC:H/VI:L/VA:L/SC:H/SI:H/SA:H/E:U/CR:L/IR:M/AR:M/MSI:S/MSA:S;CVSS:4.0/AV:N/AC:H/AT:N/PR:N/UI:N/VC:H/VI:L/VA:L/SC:H/SI:H/SA:H/E:U/CR:H/IR:H/AR:H/MSI:S/MSA:S;7.0;8.5;CVSS:4.0/AV:N/AC:H/AT:N/PR:N/UI:N/VC:H/VI:L/VA:L/SC:H/SI:H/SA:H/E:U;7.0
CVE-2017-0278;CVSS:4.0/AV:N/AC:H/AT:N/PR:N/UI:N/VC:H/VI:L/VA:L/SC:H/SI:H/SA:H;CVSS:3.0/AV:N/AC:H/PR:N/UI:N/S:U/C:H/I:L/A:L;9.2;7.0;U;0.01542;['IntelliSpace Portal 8.0.x: *', 'IntelliSpace Portal 7.0.x: *'];;IIa;both;CVSS:4.0/AV:N/AC:H/AT:N/PR:N/UI:N/VC:H/VI:L/VA:L/SC:H/SI:H/SA:H/E:U/CR:L/IR:M/AR:M/MSI:S/MSA:S;CVSS:4.0/AV:N/AC:H/AT:N/PR:N/UI:N/VC:H/VI:L/VA:L/SC:H/SI:H/SA:H/E:U/CR:H/IR:H/AR:H/MSI:S/MSA:S;7.0;8.5;CVSS:4.0/AV:N/AC:H/AT:N/PR:N/UI:N/VC:H/VI:L/VA:L/SC:H/SI:H/SA:H/E:U;7.0
CVE-2017-0279;CVSS:4.0/AV:N/AC:H/AT:P/PR:N/UI:N/VC:H/VI:L/VA:L/SC:H/SI:L/SA:L;CVSS:3.0/AV:N/AC:H/PR:N/UI:N/S:U/C:H/I:L/A:L;9.1;7.0;U;0.01338;['IntelliSpace Portal 8.0.x: *', 'IntelliSpace Portal 7.0.x: *'];;IIa;both;CVSS:4.0/AV:N/AC:H/AT:P/PR:N/UI:N/VC:H/VI:L/VA:L/SC:H/SI:L/SA:L/E:U/CR:L/IR:M/AR:M/MSI:S/MSA:S;CVSS:4.0/AV:N/AC:H/AT:P/PR:N/UI:N/VC:H/VI:L/VA:L/SC:H/SI:L/SA:L/E:U/CR:H/IR:H/AR:H/MSI:S/MSA:S;7.0;8.5;CVSS:4.0/AV:N/AC:H/AT:P/PR:N/UI:N/VC:H/VI:L/VA:L/SC:H/SI:L/SA:L/E:U;6.7
CVE-2017-0269;CVSS:4.0/AV:N/AC:H/AT:P/PR:N/UI:N/VC:N/VI:N/VA:H/SC:N/SI:N/SA:H;CVSS:3.0/AV:N/AC:H/PR:N/UI:N/S:U/C:N/I:N/A:H;8.9;5.9;U;0.07532;['IntelliSpace Portal 8.0.x: *', 'IntelliSpace Portal 7.0.x: *'];;IIa;both;CVSS:4.0/AV:N/AC:H/AT:P/PR:N/UI:N/VC:N/VI:N/VA:H/SC:N/SI:N/SA:H/E:U/CR:L/IR:M/AR:M/MSA:S;CVSS:4.0/AV:N/AC:H/AT:P/PR:N/UI:N/VC:N/VI:N/VA:H/SC:N/SI:N/SA:H/E:U/CR:H/IR:H/AR:H/MSA:S;6.5;7.9;CVSS:4.0/AV:N/AC:H/AT:P/PR:N/UI:N/VC:N/VI:N/VA:H/SC:N/SI:N/SA:H/E:U;6.3
CVE-2017-0273;CVSS:4.0/AV:N/AC:H/AT:P/PR:N/UI:N/VC:N/VI:N/VA:H/SC:N/SI:N/SA:H;CVSS:3.0/AV:N/AC:H/PR:N/UI:N/S:U/C:N/I:N/A:H;8.9;5.9;U;0.07532;['IntelliSpace Portal 8.0.x: *', 'IntelliSpace Portal 7.0.x: *'];;IIa;both;CVSS:4.0/AV:N/AC:H/AT:P/PR:N/UI:N/VC:N/VI:N/VA:H/SC:N/SI:N/SA:H/E:U/CR:L/IR:M/AR:M/MSA:S;CVSS:4.0/AV:N/AC:H/AT:P/PR:N/UI:N/VC:N/VI:N/VA:H/SC:N/SI:N/SA:H/E:U/CR:H/IR:H/AR:H/MSA:S;6.5;7.9;CVSS:4.0/AV:N/AC:H/AT:P/PR:N/UI:N/VC:N/VI:N/VA:H/SC:N/SI:N/SA:H/E:U;6.3
CVE-2017-0280;CVSS:4.0/AV:N/AC:H/AT:P/PR:N/UI:N/VC:N/VI:N/VA:H/SC:N/SI:N/SA:H;CVSS:3.0/AV:N/AC:H/PR:N/UI:N/S:U/C:N/I:N/A:H;8.9;5.9;U;0.03486;['IntelliSpace Portal 8.0.x: *', 'IntelliSpace Portal 7.0.x: *'];;IIa;both;CVSS:4.0/AV:N/AC:H/AT:P/PR:N/UI:N/VC:N/VI:N/VA:H/SC:N/SI:N/SA:H/E:U/CR:L/IR:M/AR:M/MSA:S;CVSS:4.0/AV:N/AC:H/AT:P/PR:N/UI:N/VC:N/VI:N/VA:H/SC:N/SI:N/SA:H/E:U/CR:H/IR:H/AR:H/MSA:S;6.5;7.9;CVSS:4.0/AV:N/AC:H/AT:P/PR:N/UI:N/VC:N/VI:N/VA:H/SC:N/SI:N/SA:H/E:U;6.3
CVE-2017-0147;CVSS:4.0/AV:N/AC:H/AT:N/PR:N/UI:N/VC:H/VI:N/VA:N/SC:H/SI:N/SA:N;CVSS:3.0/AV:N/AC:H/PR:N/UI:N/S:U/C:H/I:N/A:N;8.9;5.9;A;0.92418;['IntelliSpace Portal 8.0.x: *', 'IntelliSpace Portal 7.0.x: *'];;IIa;both;CVSS:4.0/AV:N/AC:H/AT:N/PR:N/UI:N/VC:H/VI:N/VA:N/SC:H/SI:N/SA:N/E:A/CR:L/IR:M/AR:M;CVSS:4.0/AV:N/AC:H/AT:N/PR:N/UI:N/VC:H/VI:N/VA:N/SC:H/SI:N/SA:N/E:A/CR:H/IR:H/AR:H;7.8;8.9;CVSS:4.0/AV:N/AC:H/AT:N/PR:N/UI:N/VC:H/VI:N/VA:N/SC:H/SI:N/SA:N/E:A;8.9
CVE-2017-0267;CVSS:4.0/AV:N/AC:H/AT:P/PR:N/UI:N/VC:H/VI:N/VA:N/SC:H/SI:N/SA:N;CVSS:3.0/AV:N/AC:H/PR:N/UI:N/S:U/C:H/I:N/A:N;8.9;5.9;U;0.27236;['IntelliSpace Portal 8.0.x: *', 'IntelliSpace Portal 7.0.x: *'];;IIa;both;CVSS:4.0/AV:N/AC:H/AT:P/PR:N/UI:N/VC:H/VI:N/VA:N/SC:H/SI:N/SA:N/E:U/CR:L/IR:M/AR:M;CVSS:4.0/AV:N/AC:H/AT:P/PR:N/UI:N/VC:H/VI:N/VA:N/SC:H/SI:N/SA:N/E:U/CR:H/IR:H/AR:H;4.5;6.3;CVSS:4.0/AV:N/AC:H/AT:P/PR:N/UI:N/VC:H/VI:N/VA:N/SC:H/SI:N/SA:N/E:U;6.3
CVE-2017-0268;CVSS:4.0/AV:N/AC:H/AT:P/PR:N/UI:N/VC:H/VI:N/VA:N/SC:H/SI:N/SA:N;CVSS:3.0/AV:N/AC:H/PR:N/UI:N/S:U/C:H/I:N/A:N;8.9;5.9;U;0.15006;['IntelliSpace Portal 8.0.x: *', 'IntelliSpace Portal 7.0.x: *'];;IIa;both;CVSS:4.0/AV:N/AC:H/AT:P/PR:N/UI:N/VC:H/VI:N/VA:N/SC:H/SI:N/SA:N/E:U/CR:L/IR:M/AR:M;CVSS:4.0/AV:N/AC:H/AT:P/PR:N/UI:N/VC:H/VI:N/VA:N/SC:H/SI:N/SA:N/E:U/CR:H/IR:H/AR:H;4.5;6.3;CVSS:4.0/AV:N/AC:H/AT:P/PR:N/UI:N/VC:H/VI:N/VA:N/SC:H/SI:N/SA:N/E:U;6.3
CVE-2017-0270;CVSS:4.0/AV:N/AC:H/AT:P/PR:N/UI:N/VC:H/VI:N/VA:N/SC:H/SI:N/SA:N;CVSS:3.0/AV:N/AC:H/PR:N/UI:N/S:U/C:H/I:N/A:N;8.9;5.9;U;0.15006;['IntelliSpace Portal 8.0.x: *', 'IntelliSpace Portal 7.0.x: *'];;IIa;both;CVSS:4.0/AV:N/AC:H/AT:P/PR:N/UI:N/VC:H/VI:N/VA:N/SC:H/SI:N/SA:N/E:U/CR:L/IR:M/AR:M;CVSS:4.0/AV:N/AC:H/AT:P/PR:N/UI:N/VC:H/VI:N/VA:N/SC:H/SI:N/SA:N/E:U/CR:H/IR:H/AR:H;4.5;6.3;CVSS:4.0/AV:N/AC:H/AT:P/PR:N/UI:N/VC:H/VI:N/VA:N/SC:H/SI:N/SA:N/E:U;6.3
CVE-2017-0271;CVSS:4.0/AV:N/AC:H/AT:P/PR:N/UI:N/VC:H/VI:N/VA:N/SC:H/SI:N/SA:N;CVSS:3.0/AV:N/AC:H/PR:N/UI:N/S:U/C:H/I:N/A:N;8.9;5.9;U;0.25205;['IntelliSpace Portal 8.0.x: *', 'IntelliSpace Portal 7.0.x: *'];;IIa;both;CVSS:4.0/AV:N/AC:H/AT:P/PR:N/UI:N/VC:H/VI:N/VA:N/SC:H/SI:N/SA:N/E:U/CR:L/IR:M/AR:M;CVSS:4.0/AV:N/AC:H/AT:P/PR:N/UI:N/VC:H/VI:N/VA:N/SC:H/SI:N/SA:N/E:U/CR:H/IR:H/AR:H;4.5;6.3;CVSS:4.0/AV:N/AC:H/AT:P/PR:N/UI:N/VC:H/VI:N/VA:N/SC:H/SI:N/SA:N/E:U;6.3
CVE-2017-0274;CVSS:4.0/AV:N/AC:H/AT:P/PR:N/UI:N/VC:H/VI:N/VA:N/SC:H/SI:N/SA:N;CVSS:3.0/AV:N/AC:H/PR:N/UI:N/S:U/C:H/I:N/A:N;8.9;5.9;U;0.15006;['IntelliSpace Portal 8.0.x: *', 'IntelliSpace Portal 7.0.x: *'];;IIa;both;CVSS:4.0/AV:N/AC:H/AT:P/PR:N/UI:N/VC:H/VI:N/VA:N/SC:H/SI:N/SA:N/E:U/CR:L/IR:M/AR:M;CVSS:4.0/AV:N/AC:H/AT:P/PR:N/UI:N/VC:H/VI:N/VA:N/SC:H/SI:N/SA:N/E:U/CR:H/IR:H/AR:H;4.5;6.3;CVSS:4.0/AV:N/AC:H/AT:P/PR:N/UI:N/VC:H/VI:N/VA:N/SC:H/SI:N/SA:N/E:U;6.3
CVE-2017-0275;CVSS:4.0/AV:N/AC:H/AT:P/PR:N/UI:N/VC:H/VI:N/VA:N/SC:H/SI:N/SA:N;CVSS:3.0/AV:N/AC:H/PR:N/UI:N/S:U/C:H/I:N/A:N;8.9;5.9;U;0.0515;['IntelliSpace Portal 8.0.x: *', 'IntelliSpace Portal 7.0.x: *'];;IIa;both;CVSS:4.0/AV:N/AC:H/AT:P/PR:N/UI:N/VC:H/VI:N/VA:N/SC:H/SI:N/SA:N/E:U/CR:L/IR:M/AR:M;CVSS:4.0/AV:N/AC:H/AT:P/PR:N/UI:N/VC:H/VI:N/VA:N/SC:H/SI:N/SA:N/E:U/CR:H/IR:H/AR:H;4.5;6.3;CVSS:4.0/AV:N/AC:H/AT:P/PR:N/UI:N/VC:H/VI:N/VA:N/SC:H/SI:N/SA:N/E:U;6.3
CVE-2017-0276;CVSS:4.0/AV:N/AC:H/AT:P/PR:N/UI:N/VC:H/VI:N/VA:N/SC:H/SI:N/SA:N;CVSS:3.0/AV:N/AC:H/PR:N/UI:N/S:U/C:H/I:N/A:N;8.9;5.9;U;0.02683;['IntelliSpace Portal 8.0.x: *', 'IntelliSpace Portal 7.0.x: *'];;IIa;both;CVSS:4.0/AV:N/AC:H/AT:P/PR:N/UI:N/VC:H/VI:N/VA:N/SC:H/SI:N/SA:N/E:U/CR:L/IR:M/AR:M;CVSS:4.0/AV:N/AC:H/AT:P/PR:N/UI:N/VC:H/VI:N/VA:N/SC:H/SI:N/SA:N/E:U/CR:H/IR:H/AR:H;4.5;6.3;CVSS:4.0/AV:N/AC:H/AT:P/PR:N/UI:N/VC:H/VI:N/VA:N/SC:H/SI:N/SA:N/E:U;6.3
CVE-2018-5472;CVSS:4.0/AV:N/AC:L/AT:N/PR:N/UI:N/VC:H/VI:H/VA:H/SC:H/SI:H/SA:H;CVSS:3.0/AV:N/AC:L/PR:N/UI:N/S:U/C:H/I:H/A:H;10.0;9.8;U;0.02301;['IntelliSpace Portal 8.0.x: *', 'IntelliSpace Portal 7.0.x: *'];;IIa;both;CVSS:4.0/AV:N/AC:L/AT:N/PR:N/UI:N/VC:H/VI:H/VA:H/SC:H/SI:H/SA:H/E:U/CR:L/IR:M/AR:M/MSI:S/MSA:S;CVSS:4.0/AV:N/AC:L/AT:N/PR:N/UI:N/VC:H/VI:H/VA:H/SC:H/SI:H/SA:H/E:U/CR:H/IR:H/AR:H/MSI:S/MSA:S;9.2;9.5;CVSS:4.0/AV:N/AC:L/AT:N/PR:N/UI:N/VC:H/VI:H/VA:H/SC:H/SI:H/SA:H/E:U;9.1
CVE-2018-5468;CVSS:4.0/AV:N/AC:L/AT:N/PR:N/UI:N/VC:H/VI:H/VA:H/SC:H/SI:H/SA:H;CVSS:3.0/AV:N/AC:L/PR:N/UI:N/S:U/C:H/I:H/A:H;10.0;9.8;U;0.02681;['IntelliSpace Portal 8.0.x: *', 'IntelliSpace Portal 7.0.x: *'];;IIa;both;CVSS:4.0/AV:N/AC:L/AT:N/PR:N/UI:N/VC:H/VI:H/VA:H/SC:H/SI:H/SA:H/E:U/CR:L/IR:M/AR:M/MSI:S/MSA:S;CVSS:4.0/AV:N/AC:L/AT:N/PR:N/UI:N/VC:H/VI:H/VA:H/SC:H/SI:H/SA:H/E:U/CR:H/IR:H/AR:H/MSI:S/MSA:S;9.2;9.5;CVSS:4.0/AV:N/AC:L/AT:N/PR:N/UI:N/VC:H/VI:H/VA:H/SC:H/SI:H/SA:H/E:U;9.1
CVE-2017-0199;CVSS:4.0/AV:L/AC:L/AT:P/PR:N/UI:P/VC:H/VI:H/VA:H/SC:H/SI:H/SA:H;CVSS:3.0/AV:L/AC:L/PR:N/UI:R/S:U/C:H/I:H/A:H;8.8;7.8;A;0.94366;['IntelliSpace Portal 8.0.x: *', 'IntelliSpace Portal 7.0.x: *'];;IIa;both;CVSS:4.0/AV:L/AC:L/AT:P/PR:N/UI:P/VC:H/VI:H/VA:H/SC:H/SI:H/SA:H/E:A/CR:L/IR:M/AR:M/MSI:S/MSA:S;CVSS:4.0/AV:L/AC:L/AT:P/PR:N/UI:P/VC:H/VI:H/VA:H/SC:H/SI:H/SA:H/E:A/CR:H/IR:H/AR:H/MSI:S/MSA:S;8.8;9.4;CVSS:4.0/AV:L/AC:L/AT:P/PR:N/UI:P/VC:H/VI:H/VA:H/SC:H/SI:H/SA:H/E:A;8.8
CVE-2005-1794;CVSS:4.0/AV:N/AC:L/AT:P/PR:N/UI:N/VC:L/VI:L/VA:N/SC:H/SI:N/SA:N;CVSS:3.0/AV:N/AC:L/PR:N/UI:N/S:U/C:L/I:L/A:N;6.9;6.5;P;0.11912;['IntelliSpace Portal 8.0.x: *', 'IntelliSpace Portal 7.0.x: *'];;IIa;both;CVSS:4.0/AV:N/AC:L/AT:P/PR:N/UI:N/VC:L/VI:L/VA:N/SC:H/SI:N/SA:N/E:P/CR:L/IR:M/AR:M;CVSS:4.0/AV:N/AC:L/AT:P/PR:N/UI:N/VC:L/VI:L/VA:N/SC:H/SI:N/SA:N/E:P/CR:H/IR:H/AR:H;4.6;4.6;CVSS:4.0/AV:N/AC:L/AT:P/PR:N/UI:N/VC:L/VI:L/VA:N/SC:H/SI:N/SA:N/E:U;2.4
CVE-2018-5470;CVSS:4.0/AV:L/AC:L/AT:N/PR:L/UI:N/VC:H/VI:H/VA:H/SC:N/SI:H/SA:N;CVSS:3.0/AV:L/AC:L/PR:L/UI:N/S:U/C:H/I:H/A:H;9.2;7.8;U;0.00129;['IntelliSpace Portal 8.0.x: *', 'IntelliSpace Portal 7.0.x: *'];;IIa;both;CVSS:4.0/AV:L/AC:L/AT:N/PR:L/UI:N/VC:H/VI:H/VA:H/SC:N/SI:H/SA:N/E:U/CR:L/IR:M/AR:M/MSI:S;CVSS:4.0/AV:L/AC:L/AT:N/PR:L/UI:N/VC:H/VI:H/VA:H/SC:N/SI:H/SA:N/E:U/CR:H/IR:H/AR:H/MSI:S;7.4;8.6;CVSS:4.0/AV:L/AC:L/AT:N/PR:L/UI:N/VC:H/VI:H/VA:H/SC:N/SI:H/SA:N/E:U;7.2
CVE-2018-5454;CVSS:4.0/AV:N/AC:L/AT:N/PR:N/UI:N/VC:N/VI:L/VA:N/SC:H/SI:H/SA:L;CVSS:3.0/AV:N/AC:L/PR:N/UI:N/S:U/C:N/I:L/A:N;7.9;5.3;U;0.01928;['IntelliSpace Portal 8.0.x: *', 'IntelliSpace Portal 7.0.x: *'];;IIa;both;CVSS:4.0/AV:N/AC:L/AT:N/PR:N/UI:N/VC:N/VI:L/VA:N/SC:H/SI:H/SA:L/E:U/CR:L/IR:M/AR:M/MSI:S/MSA:S;CVSS:4.0/AV:N/AC:L/AT:N/PR:N/UI:N/VC:N/VI:L/VA:N/SC:H/SI:H/SA:L/E:U/CR:H/IR:H/AR:H/MSI:S/MSA:S;7.2;7.2;CVSS:4.0/AV:N/AC:L/AT:N/PR:N/UI:N/VC:N/VI:L/VA:N/SC:H/SI:H/SA:L/E:U;4.8
CVE-2018-5458;CVSS:4.0/AV:N/AC:L/AT:N/PR:N/UI:N/VC:H/VI:N/VA:N/SC:H/SI:H/SA:L;CVSS:3.0/AV:N/AC:L/PR:N/UI:N/S:U/C:H/I:N/A:N;9.3;7.5;U;0.00125;['IntelliSpace Portal 8.0.x: *', 'IntelliSpace Portal 7.0.x: *'];;IIa;both;CVSS:4.0/AV:N/AC:L/AT:N/PR:N/UI:N/VC:H/VI:N/VA:N/SC:H/SI:H/SA:L/E:U/CR:L/IR:M/AR:M/MSI:S/MSA:S;CVSS:4.0/AV:N/AC:L/AT:N/PR:N/UI:N/VC:H/VI:N/VA:N/SC:H/SI:H/SA:L/E:U/CR:H/IR:H/AR:H/MSI:S/MSA:S;8.2;8.9;CVSS:4.0/AV:N/AC:L/AT:N/PR:N/UI:N/VC:H/VI:N/VA:N/SC:H/SI:H/SA:L/E:U;7.9
CVE-2018-5462;CVSS:4.0/AV:N/AC:L/AT:N/PR:N/UI:N/VC:H/VI:N/VA:N/SC:H/SI:N/SA:N;CVSS:3.0/AV:N/AC:L/PR:N/UI:N/S:U/C:H/I:N/A:N;9.2;7.5;U;0.00313;['IntelliSpace Portal 8.0.x: *', 'IntelliSpace Portal 7.0.x: *'];;IIa;both;CVSS:4.0/AV:N/AC:L/AT:N/PR:N/UI:N/VC:H/VI:N/VA:N/SC:H/SI:N/SA:N/E:U/CR:L/IR:M/AR:M;CVSS:4.0/AV:N/AC:L/AT:N/PR:N/UI:N/VC:H/VI:N/VA:N/SC:H/SI:N/SA:N/E:U/CR:H/IR:H/AR:H;5.9;7.7;CVSS:4.0/AV:N/AC:L/AT:N/PR:N/UI:N/VC:H/VI:N/VA:N/SC:H/SI:N/SA:N/E:U;7.7
CVE-2018-5464;CVSS:4.0/AV:N/AC:L/AT:N/PR:N/UI:N/VC:H/VI:N/VA:N/SC:H/SI:N/SA:N;CVSS:3.0/AV:N/AC:L/PR:N/UI:N/S:U/C:H/I:N/A:N;9.2;7.5;U;0.00313;['IntelliSpace Portal 8.0.x: *', 'IntelliSpace Portal 7.0.x: *'];;IIa;both;CVSS:4.0/AV:N/AC:L/AT:N/PR:N/UI:N/VC:H/VI:N/VA:N/SC:H/SI:N/SA:N/E:U/CR:L/IR:M/AR:M;CVSS:4.0/AV:N/AC:L/AT:N/PR:N/UI:N/VC:H/VI:N/VA:N/SC:H/SI:N/SA:N/E:U/CR:H/IR:H/AR:H;5.9;7.7;CVSS:4.0/AV:N/AC:L/AT:N/PR:N/UI:N/VC:H/VI:N/VA:N/SC:H/SI:N/SA:N/E:U;7.7
CVE-2018-5466;CVSS:4.0/AV:N/AC:L/AT:N/PR:N/UI:N/VC:H/VI:N/VA:N/SC:H/SI:N/SA:N;CVSS:3.0/AV:N/AC:L/PR:N/UI:N/S:U/C:H/I:N/A:N;9.2;7.5;U;0.00313;['IntelliSpace Portal 8.0.x: *', 'IntelliSpace Portal 7.0.x: *'];;IIa;both;CVSS:4.0/AV:N/AC:L/AT:N/PR:N/UI:N/VC:H/VI:N/VA:N/SC:H/SI:N/SA:N/E:U/CR:L/IR:M/AR:M;CVSS:4.0/AV:N/AC:L/AT:N/PR:N/UI:N/VC:H/VI:N/VA:N/SC:H/SI:N/SA:N/E:U/CR:H/IR:H/AR:H;5.9;7.7;CVSS:4.0/AV:N/AC:L/AT:N/PR:N/UI:N/VC:H/VI:N/VA:N/SC:H/SI:N/SA:N/E:U;7.7
CVE-2011-3389;CVSS:4.0/AV:N/AC:H/AT:P/PR:N/UI:N/VC:L/VI:N/VA:N/SC:N/SI:N/SA:N;CVSS:3.0/AV:N/AC:H/PR:N/UI:N/S:U/C:L/I:N/A:N;6.3;3.7;P;0.05423;['IntelliSpace Portal 8.0.x: *', 'IntelliSpace Portal 7.0.x: *'];;IIa;both;CVSS:4.0/AV:N/AC:H/AT:P/PR:N/UI:N/VC:L/VI:N/VA:N/SC:N/SI:N/SA:N/E:P/CR:L/IR:M/AR:M;CVSS:4.0/AV:N/AC:H/AT:P/PR:N/UI:N/VC:L/VI:N/VA:N/SC:N/SI:N/SA:N/E:P/CR:H/IR:H/AR:H;2.9;2.9;CVSS:4.0/AV:N/AC:H/AT:P/PR:N/UI:N/VC:L/VI:N/VA:N/SC:N/SI:N/SA:N/E:U;1.7
CVE-2004-2761;CVSS:4.0/AV:N/AC:H/AT:P/PR:N/UI:N/VC:N/VI:L/VA:N/SC:N/SI:L/SA:N;CVSS:3.0/AV:N/AC:H/PR:N/UI:N/S:U/C:N/I:L/A:N;6.3;3.7;P;0.10729;['IntelliSpace Portal 8.0.x: *', 'IntelliSpace Portal 7.0.x: *'];;IIa;both;CVSS:4.0/AV:N/AC:H/AT:P/PR:N/UI:N/VC:N/VI:L/VA:N/SC:N/SI:L/SA:N/E:P/CR:L/IR:M/AR:M/MSI:S;CVSS:4.0/AV:N/AC:H/AT:P/PR:N/UI:N/VC:N/VI:L/VA:N/SC:N/SI:L/SA:N/E:P/CR:H/IR:H/AR:H/MSI:S;6.9;6.9;CVSS:4.0/AV:N/AC:H/AT:P/PR:N/UI:N/VC:N/VI:L/VA:N/SC:N/SI:L/SA:N/E:P;2.9
CVE-2014-3566;CVSS:4.0/AV:N/AC:H/AT:P/PR:N/UI:P/VC:L/VI:N/VA:N/SC:L/SI:N/SA:N;CVSS:3.1/AV:N/AC:H/PR:N/UI:R/S:C/C:L/I:N/A:N;2.3;3.4;P;0.94237;['IntelliSpace Portal 8.0.x: *', 'IntelliSpace Portal 7.0.x: *'];;IIa;both;CVSS:4.0/AV:N/AC:H/AT:P/PR:N/UI:P/VC:L/VI:N/VA:N/SC:L/SI:N/SA:N/E:P/CR:L/IR:M/AR:M;CVSS:4.0/AV:N/AC:H/AT:P/PR:N/UI:P/VC:L/VI:N/VA:N/SC:L/SI:N/SA:N/E:P/CR:H/IR:H/AR:H;1.3;1.3;CVSS:4.0/AV:N/AC:H/AT:P/PR:N/UI:P/VC:L/VI:N/VA:N/SC:L/SI:N/SA:N/E:P;1.3
CVE-2016-2183;CVSS:4.0/AV:N/AC:L/AT:P/PR:N/UI:N/VC:H/VI:N/VA:N/SC:H/SI:N/SA:N;CVSS:3.1/AV:N/AC:L/PR:N/UI:N/S:U/C:H/I:N/A:N;8.9;7.5;P;0.40603;['IntelliSpace Portal 8.0.x: *', 'IntelliSpace Portal 7.0.x: *'];;IIa;both;CVSS:4.0/AV:N/AC:L/AT:P/PR:N/UI:N/VC:H/VI:N/VA:N/SC:H/SI:N/SA:N/E:P/CR:L/IR:M/AR:M;CVSS:4.0/AV:N/AC:L/AT:P/PR:N/UI:N/VC:H/VI:N/VA:N/SC:H/SI:N/SA:N/E:P/CR:H/IR:H/AR:H;6.5;7.7;CVSS:4.0/AV:N/AC:L/AT:P/PR:N/UI:N/VC:H/VI:N/VA:N/SC:H/SI:N/SA:N/E:P;7.7
CVE-2018-5451;CVSS:4.0/AV:N/AC:L/AT:P/PR:N/UI:N/VC:L/VI:N/VA:N/SC:H/SI:N/SA:N;CVSS:3.0/AV:N/AC:L/PR:N/UI:N/S:U/C:L/I:N/A:N;6.9;5.3;U;0.00695;['Version: R8.0.3 or prior'];;IIa;hospital;CVSS:4.0/AV:N/AC:L/AT:P/PR:N/UI:N/VC:L/VI:N/VA:N/SC:H/SI:N/SA:N/E:U/CR:L/IR:M/AR:M;;2.4;N/A;CVSS:4.0/AV:N/AC:L/AT:P/PR:N/UI:N/VC:L/VI:N/VA:N/SC:H/SI:N/SA:N/E:U;2.4
CVE-2018-7498;CVSS:4.0/AV:N/AC:L/AT:N/PR:N/UI:N/VC:L/VI:N/VA:N/SC:H/SI:L/SA:N;CVSS:3.0/AV:N/AC:L/PR:N/UI:N/S:U/C:L/I:N/A:N;7.8;5.3;U;0.00092;['Version: R8.0.3 or prior'];;IIa;hospital;CVSS:4.0/AV:N/AC:L/AT:N/PR:N/UI:N/VC:L/VI:N/VA:N/SC:H/SI:L/SA:N/E:U/CR:L/IR:M/AR:M/MSI:S;;6.8;N/A;CVSS:4.0/AV:N/AC:L/AT:N/PR:N/UI:N/VC:L/VI:N/VA:N/SC:H/SI:L/SA:N/E:U;4.5
CVE-2017-13077;CVSS:4.0/AV:A/AC:H/AT:P/PR:N/UI:N/VC:H/VI:H/VA:N/SC:H/SI:H/SA:L;CVSS:3.0/AV:A/AC:H/PR:N/UI:N/S:U/C:H/I:H/A:N;8.8;6.8;U;0.01114;['Certain BD Pyxis Products - BD Pyxis Anesthesia ES,', 'Certain BD Pyxis Products - BD Pyxis Anesthesia System 4000,', 'Certain BD Pyxis Products - BD Pyxis Anesthesia System 3500,', 'Certain BD Pyxis Products - BD Pyxis MedStation 4000 T2,', 'Certain BD Pyxis Products - BD Pyxis MedStation ES,', 'Certain BD Pyxis Products - BD Pyxis SupplyStation,', 'Certain BD Pyxis Products - BD Pyxis Supply Roller,', 'Certain BD Pyxis Products - BD Pyxis ParAssist System,', 'Certain BD Pyxis Products - BD Pyxis PARx,', 'Certain BD Pyxis Products - BD Pyxis CIISafe - Workstation,', 'Certain BD Pyxis Products - BD Pyxis StockStation System, and', 'Certain BD Pyxis Products - BD Pyxis Parx handheld', 'S3 MedSurg Bed (enabled with iBed Wireless): Models 3002 S3 and 3005 S3', 'Secure II MedSurg Bed (enabled with iBed Wireless): Model 3002', 'InTouch ICU Bed (enabled with Bed Wireless): Models 2131 and 2141'];;Iia;hospital;CVSS:4.0/AV:A/AC:H/AT:P/PR:N/UI:N/VC:H/VI:H/VA:N/SC:H/SI:H/SA:L/E:U/CR:L/IR:M/AR:M;;4.6;N/A;CVSS:4.0/AV:A/AC:H/AT:P/PR:N/UI:N/VC:H/VI:H/VA:N/SC:H/SI:H/SA:L/E:U;6.0
CVE-2018-8853;CVSS:4.0/AV:L/AC:L/AT:N/PR:L/UI:A/VC:H/VI:L/VA:L/SC:H/SI:H/SA:H;CVSS:3.0/AV:L/AC:L/PR:L/UI:R/S:U/C:H/I:L/A:L;7.2;6.1;U;0.0011;['Brilliance CT Big Bore: Versions 2.3.5 and below', 'Brilliance iCT: Versions 4.1.6 and below', 'Brilliance iCT: SP Versions 3.2.4 and below', 'Brilliance 64: Versions 2.6.2 and below'];;IIa;hospital;CVSS:4.0/AV:L/AC:L/AT:N/PR:L/UI:A/VC:H/VI:L/VA:L/SC:H/SI:H/SA:H/E:U/CR:L/IR:M/AR:M/MSI:S/MSA:S;;4.7;N/A;CVSS:4.0/AV:L/AC:L/AT:N/PR:L/UI:A/VC:H/VI:L/VA:L/SC:H/SI:H/SA:H/E:U;4.5
CVE-2018-8861;CVSS:4.0/AV:L/AC:L/AT:N/PR:L/UI:A/VC:H/VI:L/VA:L/SC:H/SI:L/SA:L;CVSS:3.0/AV:L/AC:L/PR:L/UI:R/S:U/C:H/I:L/A:L;7.0;6.1;U;0.00166;['Brilliance CT Big Bore: Versions 2.3.5 and below', 'Brilliance iCT: Versions 4.1.6 and below', 'Brilliance iCT: SP Versions 3.2.4 and below', 'Brilliance 64: Versions 2.6.2 and below'];;IIa;hospital;CVSS:4.0/AV:L/AC:L/AT:N/PR:L/UI:A/VC:H/VI:L/VA:L/SC:H/SI:L/SA:L/E:U/CR:L/IR:M/AR:M/MSI:S/MSA:S;;4.7;N/A;CVSS:4.0/AV:L/AC:L/AT:N/PR:L/UI:A/VC:H/VI:L/VA:L/SC:H/SI:L/SA:L/E:U;4.1
CVE-2018-8857;CVSS:4.0/AV:L/AC:L/AT:N/PR:N/UI:N/VC:H/VI:H/VA:H/SC:H/SI:H/SA:H;CVSS:3.0/AV:L/AC:L/PR:N/UI:N/S:U/C:H/I:H/A:H;9.4;8.4;U;0.00061;['Brilliance CT Big Bore: Versions 2.3.5 and below', 'Brilliance iCT: Versions 4.1.6 and below', 'Brilliance iCT: SP Versions 3.2.4 and below', 'Brilliance 64: Versions 2.6.2 and below'];;IIa;hospital;CVSS:4.0/AV:L/AC:L/AT:N/PR:N/UI:N/VC:H/VI:H/VA:H/SC:H/SI:H/SA:H/E:U/CR:L/IR:M/AR:M/MSI:S/MSA:S;;7.9;N/A;CVSS:4.0/AV:L/AC:L/AT:N/PR:N/UI:N/VC:H/VI:H/VA:H/SC:H/SI:H/SA:H/E:U;7.6
CVE-2018-6020;CVSS:4.0/AV:N/AC:L/AT:P/PR:N/UI:N/VC:N/VI:L/VA:L/SC:N/SI:L/SA:N;CVSS:3.0/AV:N/AC:L/PR:N/UI:N/S:U/C:N/I:L/A:L;6.3;6.5;U;0.00249;['SX-500: All Versions (end-of-life 2011)', 'GEH-500: Version 1.54 and prior (integrated into GE MobileLink)', 'GEH-SD-320AN: Version GEH-1.1 and prior (integrated into GE MobileLink)', 'SD-320AN: Version 2.01 and prior (end-of-life Nov 2017)'];;I;hospital;CVSS:4.0/AV:N/AC:L/AT:P/PR:N/UI:N/VC:N/VI:L/VA:L/SC:N/SI:L/SA:N/E:U/CR:L/IR:M/AR:M;;1.7;N/A;CVSS:4.0/AV:N/AC:L/AT:P/PR:N/UI:N/VC:N/VI:L/VA:L/SC:N/SI:L/SA:N/E:U;1.7
CVE-2018-6021;CVSS:4.0/AV:N/AC:L/AT:N/PR:L/UI:N/VC:L/VI:L/VA:L/SC:L/SI:L/SA:L;CVSS:3.0/AV:N/AC:L/PR:L/UI:N/S:C/C:L/I:L/A:L;5.3;7.4;U;0.00554;['SX-500: All Versions (end-of-life 2011)', 'GEH-500: Version 1.54 and prior (integrated into GE MobileLink)', 'GEH-SD-320AN: Version GEH-1.1 and prior (integrated into GE MobileLink)', 'SD-320AN: Version 2.01 and prior (end-of-life Nov 2017)'];;I;hospital;CVSS:4.0/AV:N/AC:L/AT:N/PR:L/UI:N/VC:L/VI:L/VA:L/SC:L/SI:L/SA:L/E:U/CR:L/IR:M/AR:M;;1.3;N/A;CVSS:4.0/AV:N/AC:L/AT:N/PR:L/UI:N/VC:L/VI:L/VA:L/SC:L/SI:L/SA:L/E:U;1.3
CVE-2018-8849;CVSS:4.0/AV:P/AC:L/AT:N/PR:N/UI:N/VC:H/VI:N/VA:N/SC:H/SI:N/SA:N;CVSS:3.0/AV:P/AC:L/PR:N/UI:N/S:U/C:H/I:N/A:N;6.7;4.6;U;0.00095;"[""8870 N'Vision removable Application Card: all versions"", ""8840 N'Vision Clinician Programmer: all versions""]";;IIb;both;CVSS:4.0/AV:P/AC:L/AT:N/PR:N/UI:N/VC:H/VI:N/VA:N/SC:H/SI:N/SA:N/E:U/CR:L/IR:M/AR:M;CVSS:4.0/AV:P/AC:L/AT:N/PR:N/UI:N/VC:H/VI:N/VA:N/SC:H/SI:N/SA:N/E:U/CR:H/IR:H/AR:H;1.4;3.5;CVSS:4.0/AV:P/AC:L/AT:N/PR:N/UI:N/VC:H/VI:N/VA:N/SC:H/SI:N/SA:N/E:U;3.5
CVE-2018-10631;CVSS:4.0/AV:P/AC:H/AT:P/PR:N/UI:A/VC:H/VI:H/VA:H/SC:H/SI:H/SA:H;CVSS:3.0/AV:P/AC:H/PR:N/UI:R/S:U/C:H/I:H/A:H;7.3;6.3;U;0.00055;"[""8870 N'Vision removable Application Card: all versions"", ""8840 N'Vision Clinician Programmer: all versions""]";;IIb;both;CVSS:4.0/AV:P/AC:H/AT:P/PR:N/UI:A/VC:H/VI:H/VA:H/SC:H/SI:H/SA:H/E:U/CR:L/IR:M/AR:M/MSI:S/MSA:S;CVSS:4.0/AV:P/AC:H/AT:P/PR:N/UI:A/VC:H/VI:H/VA:H/SC:H/SI:H/SA:H/E:U/CR:H/IR:H/AR:H/MSI:S/MSA:S;4.8;6.0;CVSS:4.0/AV:P/AC:H/AT:P/PR:N/UI:A/VC:H/VI:H/VA:H/SC:H/SI:H/SA:H/E:U;4.1
CVE-2018-8863;CVSS:4.0/AV:N/AC:H/AT:P/PR:N/UI:N/VC:H/VI:N/VA:N/SC:H/SI:N/SA:N;CVSS:3.0/AV:N/AC:H/PR:N/UI:N/S:U/C:H/I:N/A:N;8.9;5.9;U;0.0013;['EncoreAnywhere APAC: <= 2.36.3.3'];;IIa;both;CVSS:4.0/AV:N/AC:H/AT:P/PR:N/UI:N/VC:H/VI:N/VA:N/SC:H/SI:N/SA:N/E:U/CR:L/IR:M/AR:M;CVSS:4.0/AV:N/AC:H/AT:P/PR:N/UI:N/VC:H/VI:N/VA:N/SC:H/SI:N/SA:N/E:U/CR:H/IR:H/AR:H;4.5;6.3;CVSS:4.0/AV:N/AC:H/AT:P/PR:N/UI:N/VC:H/VI:N/VA:N/SC:H/SI:N/SA:N/E:U;6.3
CVE-2018-10593;CVSS:4.0/AV:A/AC:H/AT:P/PR:H/UI:P/VC:N/VI:H/VA:H/SC:H/SI:H/SA:H;CVSS:3.0/AV:A/AC:H/PR:H/UI:R/S:U/C:N/I:H/A:H;6.1;5.6;U;0.00172;['Database (DB) Manager: Version 3.0.1.0', 'BD Kiestra TLA WCA InoqulA+ speciman processor - PerformA: Version 3.0.0.0 and previous versions', 'BD Kiestra TLA WCA InoqulA+ speciman processor - Database (DB) Manager: Version 3.0.1.0', 'BD Kiestra TLA WCA InoqulA+ speciman processor - ReadA Overview: Version 1.1.0.2 and previous', 'PerformA: Version 3.0.0.0 and previous versions', 'ReadA Overview: Version 1.1.0.2 and previous'];;IIa;hospital;CVSS:4.0/AV:A/AC:H/AT:P/PR:H/UI:P/VC:N/VI:H/VA:H/SC:H/SI:H/SA:H/E:U/CR:L/IR:M/AR:M/MSI:S/MSA:S;;2.0;N/A;CVSS:4.0/AV:A/AC:H/AT:P/PR:H/UI:P/VC:N/VI:H/VA:H/SC:H/SI:H/SA:H/E:U;1.9
CVE-2018-10595;CVSS:4.0/AV:A/AC:H/AT:P/PR:H/UI:P/VC:H/VI:H/VA:H/SC:H/SI:H/SA:H;CVSS:3.0/AV:A/AC:H/PR:H/UI:R/S:U/C:H/I:H/A:H;7.3;6.3;U;0.0022;['Database (DB) Manager: Version 3.0.1.0', 'BD Kiestra TLA WCA InoqulA+ speciman processor - PerformA: Version 3.0.0.0 and previous versions', 'BD Kiestra TLA WCA InoqulA+ speciman processor - Database (DB) Manager: Version 3.0.1.0', 'BD Kiestra TLA WCA InoqulA+ speciman processor - ReadA Overview: Version 1.1.0.2 and previous', 'PerformA: Version 3.0.0.0 and previous versions', 'ReadA Overview: Version 1.1.0.2 and previous'];;IIa;hospital;CVSS:4.0/AV:A/AC:H/AT:P/PR:H/UI:P/VC:H/VI:H/VA:H/SC:H/SI:H/SA:H/E:U/CR:L/IR:M/AR:M/MSI:S/MSA:S;;4.8;N/A;CVSS:4.0/AV:A/AC:H/AT:P/PR:H/UI:P/VC:H/VI:H/VA:H/SC:H/SI:H/SA:H/E:U;4.1
CVE-2018-7518;CVSS:4.0/AV:N/AC:L/AT:N/PR:N/UI:N/VC:H/VI:N/VA:N/SC:H/SI:N/SA:N;CVSS:3.0/AV:N/AC:L/PR:N/UI:N/S:U/C:H/I:N/A:N;9.2;7.5;U;0.00248;['TotalAlert Scroll Medical Air Systems: running software Versions 4107600010.23 and prior'];;IIa;hospital;CVSS:4.0/AV:N/AC:L/AT:N/PR:N/UI:N/VC:H/VI:N/VA:N/SC:H/SI:N/SA:N/E:U/CR:L/IR:M/AR:M;;5.9;N/A;CVSS:4.0/AV:N/AC:L/AT:N/PR:N/UI:N/VC:H/VI:N/VA:N/SC:H/SI:N/SA:N/E:U;7.7
CVE-2018-7510;CVSS:4.0/AV:N/AC:L/AT:N/PR:N/UI:N/VC:H/VI:N/VA:N/SC:H/SI:N/SA:N;CVSS:3.0/AV:N/AC:L/PR:N/UI:N/S:U/C:H/I:N/A:N;9.2;7.5;U;0.0026;['TotalAlert Scroll Medical Air Systems: running software Versions 4107600010.23 and prior'];;IIa;hospital;CVSS:4.0/AV:N/AC:L/AT:N/PR:N/UI:N/VC:H/VI:N/VA:N/SC:H/SI:N/SA:N/E:U/CR:L/IR:M/AR:M;;5.9;N/A;CVSS:4.0/AV:N/AC:L/AT:N/PR:N/UI:N/VC:H/VI:N/VA:N/SC:H/SI:N/SA:N/E:U;7.7
CVE-2018-10597;CVSS:4.0/AV:A/AC:H/AT:N/PR:N/UI:N/VC:H/VI:H/VA:H/SC:L/SI:H/SA:L;CVSS:3.0/AV:A/AC:H/PR:N/UI:N/S:C/C:H/I:H/A:H;8.9;8.3;U;0.00133;['Avalon Fetal/Maternal Monitors FM20/FM30/FM40/FM50: with software Revisions F.0 G.0 and J.3', 'IntelliVue Patient Monitors MX (MX400-550): Rev J-M and (X3/MX100 for Rev M only)', 'IntelliVue Patient Monitors MP Series (includingMP2/X2/MP30/MP50/MP70/NP90/MX700/800): Rev B-M'];;IIa;hospital;CVSS:4.0/AV:A/AC:H/AT:N/PR:N/UI:N/VC:H/VI:H/VA:H/SC:L/SI:H/SA:L/E:U/CR:L/IR:M/AR:M/MSI:S/MSA:S;;6.8;N/A;CVSS:4.0/AV:A/AC:H/AT:N/PR:N/UI:N/VC:H/VI:H/VA:H/SC:L/SI:H/SA:L/E:U;6.0
CVE-2018-10599;CVSS:4.0/AV:A/AC:H/AT:N/PR:N/UI:N/VC:H/VI:L/VA:L/SC:H/SI:L/SA:L;CVSS:3.0/AV:A/AC:H/PR:N/UI:N/S:U/C:H/I:L/A:L;7.2;6.4;U;0.00098;['Avalon Fetal/Maternal Monitors FM20/FM30/FM40/FM50: with software Revisions F.0 G.0 and J.3', 'IntelliVue Patient Monitors MX (MX400-550): Rev J-M and (X3/MX100 for Rev M only)', 'IntelliVue Patient Monitors MP Series (includingMP2/X2/MP30/MP50/MP70/NP90/MX700/800): Rev B-M'];;IIa;hospital;CVSS:4.0/AV:A/AC:H/AT:N/PR:N/UI:N/VC:H/VI:L/VA:L/SC:H/SI:L/SA:L/E:U/CR:L/IR:M/AR:M/MSI:S/MSA:S;;5.5;N/A;CVSS:4.0/AV:A/AC:H/AT:N/PR:N/UI:N/VC:H/VI:L/VA:L/SC:H/SI:L/SA:L/E:U;4.3
CVE-2018-10601;CVSS:4.0/AV:A/AC:H/AT:N/PR:N/UI:N/VC:H/VI:L/VA:H/SC:L/SI:L/SA:H;CVSS:3.0/AV:A/AC:H/PR:N/UI:N/S:C/C:H/I:L/A:H;7.3;8.2;U;0.00123;['Avalon Fetal/Maternal Monitors FM20/FM30/FM40/FM50: with software Revisions F.0 G.0 and J.3', 'IntelliVue Patient Monitors MX (MX400-550): Rev J-M and (X3/MX100 for Rev M only)', 'IntelliVue Patient Monitors MP Series (includingMP2/X2/MP30/MP50/MP70/NP90/MX700/800): Rev B-M'];;IIa;hospital;CVSS:4.0/AV:A/AC:H/AT:N/PR:N/UI:N/VC:H/VI:L/VA:H/SC:L/SI:L/SA:H/E:U/CR:L/IR:M/AR:M/MSI:S/MSA:S;;5.4;N/A;CVSS:4.0/AV:A/AC:H/AT:N/PR:N/UI:N/VC:H/VI:L/VA:H/SC:L/SI:L/SA:H/E:U;4.4
CVE-2017-2852;CVSS:4.0/AV:N/AC:L/AT:P/PR:N/UI:N/VC:N/VI:N/VA:H/SC:N/SI:N/SA:H;CVSS:3.0/AV:N/AC:L/PR:N/UI:N/S:U/C:N/I:N/A:H;8.9;7.5;U;0.00415;['Natus Xltek NeuroWorks: Version 8'];;IIa;hospital;CVSS:4.0/AV:N/AC:L/AT:P/PR:N/UI:N/VC:N/VI:N/VA:H/SC:N/SI:N/SA:H/E:U/CR:L/IR:M/AR:M/MSA:S;;6.5;N/A;CVSS:4.0/AV:N/AC:L/AT:P/PR:N/UI:N/VC:N/VI:N/VA:H/SC:N/SI:N/SA:H/E:U;6.3
CVE-2017-2853;CVSS:4.0/AV:N/AC:L/AT:P/PR:N/UI:N/VC:H/VI:H/VA:H/SC:H/SI:H/SA:H;CVSS:3.0/AV:N/AC:L/PR:N/UI:N/S:C/C:H/I:H/A:H;9.5;10.0;U;0.01039;['Natus Xltek NeuroWorks: Version 8'];;IIa;hospital;CVSS:4.0/AV:N/AC:L/AT:P/PR:N/UI:N/VC:H/VI:H/VA:H/SC:H/SI:H/SA:H/E:U/CR:L/IR:M/AR:M/MSI:S/MSA:S;;8.4;N/A;CVSS:4.0/AV:N/AC:L/AT:P/PR:N/UI:N/VC:H/VI:H/VA:H/SC:H/SI:H/SA:H/E:U;8.4
CVE-2017-2858;CVSS:4.0/AV:N/AC:L/AT:P/PR:N/UI:N/VC:N/VI:N/VA:H/SC:N/SI:N/SA:H;CVSS:3.0/AV:N/AC:L/PR:N/UI:N/S:U/C:N/I:N/A:H;8.9;7.5;U;0.00415;['Natus Xltek NeuroWorks: Version 8'];;IIa;hospital;CVSS:4.0/AV:N/AC:L/AT:P/PR:N/UI:N/VC:N/VI:N/VA:H/SC:N/SI:N/SA:H/E:U/CR:L/IR:M/AR:M/MSA:S;;6.5;N/A;CVSS:4.0/AV:N/AC:L/AT:P/PR:N/UI:N/VC:N/VI:N/VA:H/SC:N/SI:N/SA:H/E:U;6.3
CVE-2017-2860;CVSS:4.0/AV:N/AC:L/AT:P/PR:N/UI:N/VC:N/VI:N/VA:H/SC:N/SI:N/SA:H;CVSS:3.0/AV:N/AC:L/PR:N/UI:N/S:U/C:N/I:N/A:H;8.9;7.5;U;0.00415;['Natus Xltek NeuroWorks: Version 8'];;IIa;hospital;CVSS:4.0/AV:N/AC:L/AT:P/PR:N/UI:N/VC:N/VI:N/VA:H/SC:N/SI:N/SA:H/E:U/CR:L/IR:M/AR:M/MSA:S;;6.5;N/A;CVSS:4.0/AV:N/AC:L/AT:P/PR:N/UI:N/VC:N/VI:N/VA:H/SC:N/SI:N/SA:H/E:U;6.3
CVE-2017-2861;CVSS:4.0/AV:N/AC:L/AT:P/PR:N/UI:N/VC:N/VI:N/VA:H/SC:N/SI:H/SA:H;CVSS:3.0/AV:N/AC:L/PR:N/UI:N/S:U/C:N/I:N/A:H;9.0;7.5;U;0.00436;['Natus Xltek NeuroWorks: Version 8'];;IIa;hospital;CVSS:4.0/AV:N/AC:L/AT:P/PR:N/UI:N/VC:N/VI:N/VA:H/SC:N/SI:H/SA:H/E:U/CR:L/IR:M/AR:M/MSI:S/MSA:S;;6.7;N/A;CVSS:4.0/AV:N/AC:L/AT:P/PR:N/UI:N/VC:N/VI:N/VA:H/SC:N/SI:H/SA:H/E:U;6.6
CVE-2017-2867;CVSS:4.0/AV:N/AC:H/AT:P/PR:N/UI:N/VC:H/VI:H/VA:H/SC:L/SI:H/SA:H;CVSS:3.0/AV:N/AC:H/PR:N/UI:N/S:C/C:H/I:H/A:H;9.5;9.0;U;0.01063;['Natus Xltek NeuroWorks: Version 8'];;IIa;hospital;CVSS:4.0/AV:N/AC:H/AT:P/PR:N/UI:N/VC:H/VI:H/VA:H/SC:L/SI:H/SA:H/E:U/CR:L/IR:M/AR:M/MSI:S/MSA:S;;8.4;N/A;CVSS:4.0/AV:N/AC:H/AT:P/PR:N/UI:N/VC:H/VI:H/VA:H/SC:L/SI:H/SA:H/E:U;8.3
CVE-2017-2868;CVSS:4.0/AV:N/AC:L/AT:N/PR:N/UI:N/VC:H/VI:H/VA:H/SC:H/SI:H/SA:H;CVSS:3.0/AV:N/AC:L/PR:N/UI:N/S:C/C:H/I:H/A:H;10.0;10.0;U;0.01063;['Natus Xltek NeuroWorks: Version 8'];;IIa;hospital;CVSS:4.0/AV:N/AC:L/AT:N/PR:N/UI:N/VC:H/VI:H/VA:H/SC:H/SI:H/SA:H/E:U/CR:L/IR:M/AR:M/MSI:S/MSA:S;;9.2;N/A;CVSS:4.0/AV:N/AC:L/AT:N/PR:N/UI:N/VC:H/VI:H/VA:H/SC:H/SI:H/SA:H/E:U;9.1
CVE-2017-2869;CVSS:4.0/AV:N/AC:L/AT:N/PR:N/UI:N/VC:H/VI:H/VA:H/SC:H/SI:H/SA:H;CVSS:3.0/AV:N/AC:L/PR:N/UI:N/S:C/C:H/I:H/A:H;10.0;10.0;U;0.02396;['Natus Xltek NeuroWorks: Version 8'];;IIa;hospital;CVSS:4.0/AV:N/AC:L/AT:N/PR:N/UI:N/VC:H/VI:H/VA:H/SC:H/SI:H/SA:H/E:U/CR:L/IR:M/AR:M/MSI:S/MSA:S;;9.2;N/A;CVSS:4.0/AV:N/AC:L/AT:N/PR:N/UI:N/VC:H/VI:H/VA:H/SC:H/SI:H/SA:H/E:U;9.1
CVE-2018-8870;CVSS:4.0/AV:P/AC:H/AT:N/PR:N/UI:N/VC:H/VI:H/VA:H/SC:H/SI:H/SA:H;CVSS:3.0/AV:P/AC:H/PR:N/UI:N/S:U/C:H/I:H/A:H;7.3;6.4;U;0.00084;['24952 MyCareLink Monitor: all versions', '24950 MyCareLink Monitor: all versions'];;IIa;both;CVSS:4.0/AV:P/AC:H/AT:N/PR:N/UI:N/VC:H/VI:H/VA:H/SC:H/SI:H/SA:H/E:U/CR:L/IR:M/AR:M/MSI:S/MSA:S;CVSS:4.0/AV:P/AC:H/AT:N/PR:N/UI:N/VC:H/VI:H/VA:H/SC:H/SI:H/SA:H/E:U/CR:H/IR:H/AR:H/MSI:S/MSA:S;4.8;6.0;CVSS:4.0/AV:P/AC:H/AT:N/PR:N/UI:N/VC:H/VI:H/VA:H/SC:H/SI:H/SA:H/E:U;4.1
CVE-2018-8868;CVSS:4.0/AV:P/AC:H/AT:N/PR:L/UI:N/VC:H/VI:L/VA:L/SC:H/SI:H/SA:L;CVSS:3.0/AV:P/AC:H/PR:L/UI:N/S:C/C:H/I:L/A:L;6.0;6.2;U;0.00094;['24952 MyCareLink Monitor: all versions', '24950 MyCareLink Monitor: all versions'];;IIa;both;CVSS:4.0/AV:P/AC:H/AT:N/PR:L/UI:N/VC:H/VI:L/VA:L/SC:H/SI:H/SA:L/E:U/CR:L/IR:M/AR:M/MSI:S/MSA:S;CVSS:4.0/AV:P/AC:H/AT:N/PR:L/UI:N/VC:H/VI:L/VA:L/SC:H/SI:H/SA:L/E:U/CR:H/IR:H/AR:H/MSI:S/MSA:S;2.0;3.9;CVSS:4.0/AV:P/AC:H/AT:N/PR:L/UI:N/VC:H/VI:L/VA:L/SC:H/SI:H/SA:L/E:U;1.8
CVE-2018-10626;CVSS:4.0/AV:A/AC:H/AT:P/PR:L/UI:N/VC:L/VI:L/VA:N/SC:L/SI:L/SA:N;CVSS:3.0/AV:A/AC:H/PR:L/UI:N/S:C/C:L/I:L/A:N;2.1;4.4;U;0.00031;['24950 MyCareLink Monitor: all versions', '24952 MyCareLink Monitor: all versions'];;IIa;both;CVSS:4.0/AV:A/AC:H/AT:P/PR:L/UI:N/VC:L/VI:L/VA:N/SC:L/SI:L/SA:N/E:U/CR:L/IR:M/AR:M/MSI:S;CVSS:4.0/AV:A/AC:H/AT:P/PR:L/UI:N/VC:L/VI:L/VA:N/SC:L/SI:L/SA:N/E:U/CR:H/IR:H/AR:H/MSI:S;2.3;2.3;CVSS:4.0/AV:A/AC:H/AT:P/PR:L/UI:N/VC:L/VI:L/VA:N/SC:L/SI:L/SA:N/E:U;0.5
CVE-2018-10622;CVSS:4.0/AV:P/AC:H/AT:P/PR:N/UI:N/VC:H/VI:N/VA:N/SC:L/SI:N/SA:N;CVSS:3.0/AV:P/AC:H/PR:N/UI:N/S:C/C:H/I:N/A:N;4.1;4.9;U;0.00042;['24950 MyCareLink Monitor: all versions', '24952 MyCareLink Monitor: all versions'];;IIa;both;CVSS:4.0/AV:P/AC:H/AT:P/PR:N/UI:N/VC:H/VI:N/VA:N/SC:L/SI:N/SA:N/E:U/CR:L/IR:M/AR:M;CVSS:4.0/AV:P/AC:H/AT:P/PR:N/UI:N/VC:H/VI:N/VA:N/SC:L/SI:N/SA:N/E:U/CR:H/IR:H/AR:H;0.1;0.6;CVSS:4.0/AV:P/AC:H/AT:P/PR:N/UI:N/VC:H/VI:N/VA:N/SC:L/SI:N/SA:N/E:U;0.6
CVE-2018-10634;CVSS:4.0/AV:A/AC:H/AT:P/PR:N/UI:P/VC:H/VI:N/VA:N/SC:H/SI:N/SA:N;CVSS:3.0/AV:A/AC:H/PR:N/UI:R/S:U/C:H/I:N/A:N;6.9;4.8;U;0.00051;['MMT-503 Remote Controller: MMT-512 / MMT-712 Paradigm x12', 'MMT-503 Remote Controller: MMT-523 / MMT-723 Paradigm Revel', 'MMT-503 Remote Controller: MMT-523(K) / MMT-723(K) Paradigm', 'MMT-503 Remote Controller: MMT-515 / MMT-715 Paradigm x15', 'MMT-503 Remote Controller: MMT-551 / MMT-751 MiniMed 530G', 'MMT-500 Remote Controller: MMT-508 MiniMed pump', 'MMT-503 Remote Controller: MMT-511 pump Paradigm', 'MMT-503 Remote Controller: MMT-554 / MMT-754 MiniMed Veo', 'MMT-503 Remote Controller: MMT-522(K) / MMT-722(K) Paradigm REAL-TIME', 'MMT-503 Remote Controller: MMT-522 / MMT-722 Paradigm REAL-TIME'];;IIb;both;CVSS:4.0/AV:A/AC:H/AT:P/PR:N/UI:P/VC:H/VI:N/VA:N/SC:H/SI:N/SA:N/E:U/CR:L/IR:M/AR:M;CVSS:4.0/AV:A/AC:H/AT:P/PR:N/UI:P/VC:H/VI:N/VA:N/SC:H/SI:N/SA:N/E:U/CR:H/IR:H/AR:H;1.8;3.6;CVSS:4.0/AV:A/AC:H/AT:P/PR:N/UI:P/VC:H/VI:N/VA:N/SC:H/SI:N/SA:N/E:U;3.6
CVE-2018-14781;CVSS:4.0/AV:A/AC:H/AT:P/PR:N/UI:N/VC:N/VI:H/VA:N/SC:N/SI:H/SA:N;CVSS:3.0/AV:A/AC:H/PR:N/UI:N/S:U/C:N/I:H/A:N;7.0;5.3;U;0.00094;['MMT-503 Remote Controller: MMT-512 / MMT-712 Paradigm x12', 'MMT-503 Remote Controller: MMT-523 / MMT-723 Paradigm Revel', 'MMT-503 Remote Controller: MMT-523(K) / MMT-723(K) Paradigm', 'MMT-503 Remote Controller: MMT-515 / MMT-715 Paradigm x15', 'MMT-503 Remote Controller: MMT-551 / MMT-751 MiniMed 530G', 'MMT-500 Remote Controller: MMT-508 MiniMed pump', 'MMT-503 Remote Controller: MMT-511 pump Paradigm', 'MMT-503 Remote Controller: MMT-554 / MMT-754 MiniMed Veo', 'MMT-503 Remote Controller: MMT-522(K) / MMT-722(K) Paradigm REAL-TIME', 'MMT-503 Remote Controller: MMT-522 / MMT-722 Paradigm REAL-TIME'];;IIb;both;CVSS:4.0/AV:A/AC:H/AT:P/PR:N/UI:N/VC:N/VI:H/VA:N/SC:N/SI:H/SA:N/E:U/CR:L/IR:M/AR:M/MSI:S;CVSS:4.0/AV:A/AC:H/AT:P/PR:N/UI:N/VC:N/VI:H/VA:N/SC:N/SI:H/SA:N/E:U/CR:H/IR:H/AR:H/MSI:S;4.2;5.7;CVSS:4.0/AV:A/AC:H/AT:P/PR:N/UI:N/VC:N/VI:H/VA:N/SC:N/SI:H/SA:N/E:U;3.8
CVE-2018-14789;CVSS:4.0/AV:L/AC:L/AT:N/PR:H/UI:N/VC:L/VI:L/VA:L/SC:L/SI:L/SA:L;CVSS:3.0/AV:L/AC:L/PR:H/UI:N/S:U/C:L/I:L/A:L;4.6;4.2;U;0.0019;['IntelliSpace Cardiovascular: Version 3.1 or prior', 'Xcelera: Version 4.1 or prior'];;I;hospital;CVSS:4.0/AV:L/AC:L/AT:N/PR:H/UI:N/VC:L/VI:L/VA:L/SC:L/SI:L/SA:L/E:U/CR:L/IR:M/AR:M;;1.0;N/A;CVSS:4.0/AV:L/AC:L/AT:N/PR:H/UI:N/VC:L/VI:L/VA:L/SC:L/SI:L/SA:L/E:U;1.0
CVE-2018-14799;CVSS:4.0/AV:L/AC:L/AT:N/PR:N/UI:N/VC:L/VI:L/VA:L/SC:L/SI:L/SA:L;CVSS:3.0/AV:L/AC:L/PR:N/UI:N/S:U/C:L/I:L/A:L;5.1;5.9;U;0.00217;['PageWriter TC10 TC20 TC30 TC50 TC70 Cardiographs: All versions prior to May 2018'];;IIa;hospital;CVSS:4.0/AV:L/AC:L/AT:N/PR:N/UI:N/VC:L/VI:L/VA:L/SC:L/SI:L/SA:L/E:U/CR:L/IR:M/AR:M/MSI:S/MSA:S;;5.0;N/A;CVSS:4.0/AV:L/AC:L/AT:N/PR:N/UI:N/VC:L/VI:L/VA:L/SC:L/SI:L/SA:L/E:U;1.2
CVE-2018-14801;CVSS:4.0/AV:P/AC:L/AT:N/PR:H/UI:P/VC:H/VI:H/VA:H/SC:H/SI:H/SA:H;CVSS:3.0/AV:P/AC:L/PR:H/UI:R/S:U/C:H/I:H/A:H;8.6;6.1;U;0.00143;['PageWriter TC10 TC20 TC30 TC50 TC70 Cardiographs: All versions prior to May 2018'];;IIa;hospital;CVSS:4.0/AV:P/AC:L/AT:N/PR:H/UI:P/VC:H/VI:H/VA:H/SC:H/SI:H/SA:H/E:U/CR:L/IR:M/AR:M/MSI:S/MSA:S;;5.8;N/A;CVSS:4.0/AV:P/AC:L/AT:N/PR:H/UI:P/VC:H/VI:H/VA:H/SC:H/SI:H/SA:H/E:U;5.6
CVE-1999-0103;CVSS:4.0/AV:A/AC:L/AT:N/PR:L/UI:N/VC:N/VI:N/VA:H/SC:N/SI:N/SA:H;CVSS:3.0/AV:A/AC:L/PR:L/UI:N/S:U/C:N/I:N/A:H;8.2;5.7;U;0.4765;['Philips IntelliVue Information Center iX: Versions B.02'];;IIa;hospital;CVSS:4.0/AV:A/AC:L/AT:N/PR:L/UI:N/VC:N/VI:N/VA:H/SC:N/SI:N/SA:H/E:U/CR:L/IR:M/AR:M/MSA:S;;6.0;N/A;CVSS:4.0/AV:A/AC:L/AT:N/PR:L/UI:N/VC:N/VI:N/VA:H/SC:N/SI:N/SA:H/E:U;5.6
CVE-2018-14786;CVSS:4.0/AV:N/AC:L/AT:N/PR:N/UI:N/VC:L/VI:H/VA:H/SC:H/SI:N/SA:N;CVSS:3.0/AV:N/AC:L/PR:N/UI:N/S:U/C:L/I:H/A:H;9.2;9.4;U;0.07718;['Alaris CC: Versions 2.3.6 and prior', 'Alaris TIVA: Versions 2.3.6 and prior', 'Alaris GH: Versions 2.3.6 and prior', 'Alaris GS: Versions 2.3.6 and prior'];;IIa;hospital;CVSS:4.0/AV:N/AC:L/AT:N/PR:N/UI:N/VC:L/VI:H/VA:H/SC:H/SI:N/SA:N/E:U/CR:L/IR:M/AR:M;;6.1;N/A;CVSS:4.0/AV:N/AC:L/AT:N/PR:N/UI:N/VC:L/VI:H/VA:H/SC:H/SI:N/SA:N/E:U;7.9
CVE-2014-9222;CVSS:4.0/AV:N/AC:L/AT:N/PR:N/UI:N/VC:H/VI:H/VA:H/SC:L/SI:L/SA:L;CVSS:3.0/AV:N/AC:L/PR:N/UI:N/S:U/C:H/I:H/A:H;9.3;9.8;P;0.88278;['Allegro RomPager embedded web server: versions 4.01 through 4.34 included in Capsule DTS all versions affected'];;I;both;CVSS:4.0/AV:N/AC:L/AT:N/PR:N/UI:N/VC:H/VI:H/VA:H/SC:L/SI:L/SA:L/E:P/CR:L/IR:M/AR:M;CVSS:4.0/AV:N/AC:L/AT:N/PR:N/UI:N/VC:H/VI:H/VA:H/SC:L/SI:L/SA:L/E:P/CR:H/IR:H/AR:H;8.0;8.9;CVSS:4.0/AV:N/AC:L/AT:N/PR:N/UI:N/VC:H/VI:H/VA:H/SC:L/SI:L/SA:L/E:P;8.9
CVE-2018-17891;CVSS:4.0/AV:N/AC:H/AT:N/PR:N/UI:N/VC:L/VI:N/VA:N/SC:L/SI:N/SA:N;CVSS:3.0/AV:N/AC:H/PR:N/UI:N/S:U/C:L/I:N/A:N;6.3;3.7;U;0.00168;['RIS Client Builds: Version 11.2 and prior running on a Windows 8.1 machine with IIS/7.5'];;I;both;CVSS:4.0/AV:N/AC:H/AT:N/PR:N/UI:N/VC:L/VI:N/VA:N/SC:L/SI:N/SA:N/E:U/CR:L/IR:M/AR:M;CVSS:4.0/AV:N/AC:H/AT:N/PR:N/UI:N/VC:L/VI:N/VA:N/SC:L/SI:N/SA:N/E:U/CR:H/IR:H/AR:H;1.7;1.7;CVSS:4.0/AV:N/AC:H/AT:N/PR:N/UI:N/VC:L/VI:N/VA:N/SC:L/SI:N/SA:N/E:U;1.7
CVE-2018-10624;CVSS:4.0/AV:A/AC:L/AT:N/PR:N/UI:N/VC:L/VI:N/VA:N/SC:L/SI:N/SA:N;CVSS:3.0/AV:A/AC:L/PR:N/UI:N/S:U/C:L/I:N/A:N;5.3;4.3;U;0.0013;['PeerVue Web Server: all versions up to 7.6.2'];;IIa;hospital;CVSS:4.0/AV:A/AC:L/AT:N/PR:N/UI:N/VC:L/VI:N/VA:N/SC:L/SI:N/SA:N/E:U/CR:L/IR:M/AR:M;CVSS:4.0/AV:A/AC:L/AT:N/PR:N/UI:N/VC:L/VI:N/VA:N/SC:L/SI:N/SA:N/E:U/CR:H/IR:H/AR:H;1.3;1.3;CVSS:4.0/AV:A/AC:L/AT:N/PR:N/UI:N/VC:L/VI:N/VA:N/SC:L/SI:N/SA:N/E:U;1.3
CVE-2018-18561;CVSS:4.0/AV:A/AC:L/AT:P/PR:N/UI:N/VC:H/VI:N/VA:N/SC:H/SI:H/SA:L;CVSS:3.0/AV:A/AC:L/PR:N/UI:N/S:U/C:H/I:N/A:N;7.2;6.5;U;0.00262;['Point of Care handheld medical devices - Accu-Chek Inform II', 'Point of Care handheld medical devices - CoaguChek Pro II', 'Point of Care handheld medical devices - CoaguChek XS Plus', 'Point of Care handheld medical devices - CoaguChek XS Pro', 'Point of Care handheld medical devices - cobas h 232 POC', 'Point of Care handheld medical devices - Including the related base units (BU), base unit hubs and handheld base units (HBU).', 'Point of Care handheld medical devices - Accu-Chek Inform II Base Unit Light', 'Point of Care handheld medical devices - Accu-Chek Inform II Base Unit NEW with Software 04.00.00 or newer'];;IIb;hospital;CVSS:4.0/AV:A/AC:L/AT:P/PR:N/UI:N/VC:H/VI:N/VA:N/SC:H/SI:H/SA:L/E:U/CR:L/IR:M/AR:M/MSI:S/MSA:S;;5.2;N/A;CVSS:4.0/AV:A/AC:L/AT:P/PR:N/UI:N/VC:H/VI:N/VA:N/SC:H/SI:H/SA:L/E:U;4.2
CVE-2018-18562;CVSS:4.0/AV:A/AC:H/AT:P/PR:N/UI:N/VC:N/VI:H/VA:H/SC:N/SI:H/SA:H;CVSS:3.0/AV:A/AC:H/PR:N/UI:N/S:C/C:N/I:H/A:H;7.2;8.0;U;0.00256;['Point of Care handheld medical devices - Accu-Chek Inform II', 'Point of Care handheld medical devices - CoaguChek Pro II', 'Point of Care handheld medical devices - CoaguChek XS Plus', 'Point of Care handheld medical devices - CoaguChek XS Pro', 'Point of Care handheld medical devices - cobas h 232 POC', 'Point of Care handheld medical devices - Including the related base units (BU), base unit hubs and handheld base units (HBU).', 'Point of Care handheld medical devices - Accu-Chek Inform II Base Unit Light', 'Point of Care handheld medical devices - Accu-Chek Inform II Base Unit NEW with Software 04.00.00 or newer'];;IIb;hospital;CVSS:4.0/AV:A/AC:H/AT:P/PR:N/UI:N/VC:N/VI:H/VA:H/SC:N/SI:H/SA:H/E:U/CR:L/IR:M/AR:M/MSI:S/MSA:S;;5.1;N/A;CVSS:4.0/AV:A/AC:H/AT:P/PR:N/UI:N/VC:N/VI:H/VA:H/SC:N/SI:H/SA:H/E:U;4.3
CVE-2018-18563;CVSS:4.0/AV:A/AC:H/AT:P/PR:N/UI:N/VC:N/VI:H/VA:H/SC:L/SI:L/SA:L;CVSS:3.0/AV:A/AC:H/PR:N/UI:N/S:C/C:N/I:H/A:H;6.1;8.0;U;0.0025;['Point of Care handheld medical devices - Accu-Chek Inform II', 'Point of Care handheld medical devices - CoaguChek Pro II', 'Point of Care handheld medical devices - CoaguChek XS Plus', 'Point of Care handheld medical devices - CoaguChek XS Pro', 'Point of Care handheld medical devices - cobas h 232 POC', 'Point of Care handheld medical devices - Including the related base units (BU), base unit hubs and handheld base units (HBU).', 'Point of Care handheld medical devices - Accu-Chek Inform II Base Unit Light', 'Point of Care handheld medical devices - Accu-Chek Inform II Base Unit NEW with Software 04.00.00 or newer'];;IIb;hospital;CVSS:4.0/AV:A/AC:H/AT:P/PR:N/UI:N/VC:N/VI:H/VA:H/SC:L/SI:L/SA:L/E:U/CR:L/IR:M/AR:M/MSI:S/MSA:S;;5.3;N/A;CVSS:4.0/AV:A/AC:H/AT:P/PR:N/UI:N/VC:N/VI:H/VA:H/SC:L/SI:L/SA:L/E:U;2.4
CVE-2018-18564;CVSS:4.0/AV:A/AC:H/AT:P/PR:N/UI:N/VC:H/VI:H/VA:H/SC:L/SI:L/SA:L;CVSS:3.0/AV:A/AC:H/PR:N/UI:N/S:C/C:H/I:H/A:H;7.7;8.3;U;0.00177;['Point of Care handheld medical devices - Accu-Chek Inform II', 'Point of Care handheld medical devices - CoaguChek Pro II', 'Point of Care handheld medical devices - CoaguChek XS Plus', 'Point of Care handheld medical devices - CoaguChek XS Pro', 'Point of Care handheld medical devices - cobas h 232 POC', 'Point of Care handheld medical devices - Including the related base units (BU), base unit hubs and handheld base units (HBU).', 'Point of Care handheld medical devices - Accu-Chek Inform II Base Unit Light', 'Point of Care handheld medical devices - Accu-Chek Inform II Base Unit NEW with Software 04.00.00 or newer'];;IIb;hospital;CVSS:4.0/AV:A/AC:H/AT:P/PR:N/UI:N/VC:H/VI:H/VA:H/SC:L/SI:L/SA:L/E:U/CR:L/IR:M/AR:M/MSI:S/MSA:S;;6.8;N/A;CVSS:4.0/AV:A/AC:H/AT:P/PR:N/UI:N/VC:H/VI:H/VA:H/SC:L/SI:L/SA:L/E:U;5.2
CVE-2018-18565;CVSS:4.0/AV:A/AC:H/AT:P/PR:N/UI:N/VC:H/VI:L/VA:H/SC:L/SI:L/SA:L;CVSS:3.0/AV:A/AC:H/PR:N/UI:N/S:C/C:H/I:L/A:H;6.1;8.2;U;0.00188;['Point of Care handheld medical devices - Accu-Chek Inform II', 'Point of Care handheld medical devices - CoaguChek Pro II', 'Point of Care handheld medical devices - CoaguChek XS Plus', 'Point of Care handheld medical devices - CoaguChek XS Pro', 'Point of Care handheld medical devices - cobas h 232 POC', 'Point of Care handheld medical devices - Including the related base units (BU), base unit hubs and handheld base units (HBU).', 'Point of Care handheld medical devices - Accu-Chek Inform II Base Unit Light', 'Point of Care handheld medical devices - Accu-Chek Inform II Base Unit NEW with Software 04.00.00 or newer'];;IIb;hospital;CVSS:4.0/AV:A/AC:H/AT:P/PR:N/UI:N/VC:H/VI:L/VA:H/SC:L/SI:L/SA:L/E:U/CR:L/IR:M/AR:M/MSI:S/MSA:S;;5.4;N/A;CVSS:4.0/AV:A/AC:H/AT:P/PR:N/UI:N/VC:H/VI:L/VA:H/SC:L/SI:L/SA:L/E:U;2.4
CVE-2018-17906;CVSS:4.0/AV:A/AC:L/AT:N/PR:N/UI:N/VC:L/VI:L/VA:L/SC:L/SI:L/SA:L;CVSS:3.0/AV:A/AC:L/PR:N/UI:N/S:U/C:L/I:L/A:L;5.3;6.3;U;0.00431;['iSite PACS: all versions', 'IntelliSpace PACS: all versions'];;IIb;hospital;CVSS:4.0/AV:A/AC:L/AT:N/PR:N/UI:N/VC:L/VI:L/VA:L/SC:L/SI:L/SA:L/E:U/CR:L/IR:M/AR:M/MSI:S/MSA:S;;5.2;N/A;CVSS:4.0/AV:A/AC:L/AT:N/PR:N/UI:N/VC:L/VI:L/VA:L/SC:L/SI:L/SA:L/E:U;1.3
CVE-2018-19001;CVSS:4.0/AV:P/AC:L/AT:P/PR:N/UI:N/VC:L/VI:L/VA:N/SC:N/SI:N/SA:N;CVSS:3.0/AV:P/AC:L/PR:N/UI:N/S:U/C:L/I:L/A:N;1.0;3.5;U;0.00017;['Philips HealthSuite Health Android App: All Versions'];;I;both;CVSS:4.0/AV:P/AC:L/AT:P/PR:N/UI:N/VC:L/VI:L/VA:N/SC:N/SI:N/SA:N/E:U/CR:L/IR:M/AR:M;CVSS:4.0/AV:P/AC:L/AT:P/PR:N/UI:N/VC:L/VI:L/VA:N/SC:N/SI:N/SA:N/E:U/CR:H/IR:H/AR:H;0.1;0.1;CVSS:4.0/AV:P/AC:L/AT:P/PR:N/UI:N/VC:L/VI:L/VA:N/SC:N/SI:N/SA:N/E:U;0.1
CVE-2018-18984;CVSS:4.0/AV:P/AC:L/AT:P/PR:N/UI:N/VC:H/VI:N/VA:N/SC:H/SI:N/SA:N;CVSS:3.0/AV:P/AC:L/PR:N/UI:N/S:U/C:H/I:N/A:N;5.6;4.6;U;0.00059;['CareLink 9790 Programmer: all versions', '29901 Encore Programmer: all versions', 'CareLink 2090 Programmer: all versions'];;IIa;hospital;CVSS:4.0/AV:P/AC:L/AT:P/PR:N/UI:N/VC:H/VI:N/VA:N/SC:H/SI:N/SA:N/E:U/CR:L/IR:M/AR:M;;0.5;N/A;CVSS:4.0/AV:P/AC:L/AT:P/PR:N/UI:N/VC:H/VI:N/VA:N/SC:H/SI:N/SA:N/E:U;1.3
CVE-2018-19010;CVSS:4.0/AV:A/AC:L/AT:P/PR:N/UI:N/VC:N/VI:N/VA:H/SC:N/SI:N/SA:H;CVSS:3.0/AV:A/AC:L/PR:N/UI:N/S:U/C:N/I:N/A:H;7.0;6.5;U;0.00206;['Delta XL: all versions', 'Kappa: all versions', 'Infinity Delta: all versions', 'Infinity Explorer C700: all versions'];;IIb;both;CVSS:4.0/AV:A/AC:L/AT:P/PR:N/UI:N/VC:N/VI:N/VA:H/SC:N/SI:N/SA:H/E:U/CR:L/IR:M/AR:M/MSA:S;CVSS:4.0/AV:A/AC:L/AT:P/PR:N/UI:N/VC:N/VI:N/VA:H/SC:N/SI:N/SA:H/E:U/CR:H/IR:H/AR:H/MSA:S;4.2;5.7;CVSS:4.0/AV:A/AC:L/AT:P/PR:N/UI:N/VC:N/VI:N/VA:H/SC:N/SI:N/SA:H/E:U;3.8
CVE-2018-19014;CVSS:4.0/AV:A/AC:L/AT:P/PR:N/UI:N/VC:L/VI:N/VA:N/SC:L/SI:N/SA:N;CVSS:3.0/AV:A/AC:L/PR:N/UI:N/S:U/C:L/I:N/A:N;2.3;4.3;U;0.00113;['Delta XL: all versions', 'Kappa: all versions', 'Infinity Delta: all versions', 'Infinity Explorer C700: all versions'];;IIb;both;CVSS:4.0/AV:A/AC:L/AT:P/PR:N/UI:N/VC:L/VI:N/VA:N/SC:L/SI:N/SA:N/E:U/CR:L/IR:M/AR:M;CVSS:4.0/AV:A/AC:L/AT:P/PR:N/UI:N/VC:L/VI:N/VA:N/SC:L/SI:N/SA:N/E:U/CR:H/IR:H/AR:H;0.6;0.6;CVSS:4.0/AV:A/AC:L/AT:P/PR:N/UI:N/VC:L/VI:N/VA:N/SC:L/SI:N/SA:N/E:U;0.6
CVE-2018-19012;CVSS:4.0/AV:L/AC:L/AT:P/PR:N/UI:N/VC:H/VI:H/VA:H/SC:H/SI:H/SA:H;CVSS:3.0/AV:L/AC:L/PR:N/UI:N/S:U/C:H/I:H/A:H;8.9;8.4;U;0.00067;['Delta XL: all versions', 'Kappa: all versions', 'Infinity Delta: all versions', 'Infinity Explorer C700: all versions'];;IIb;both;CVSS:4.0/AV:L/AC:L/AT:P/PR:N/UI:N/VC:H/VI:H/VA:H/SC:H/SI:H/SA:H/E:U/CR:L/IR:M/AR:M/MSI:S/MSA:S;CVSS:4.0/AV:L/AC:L/AT:P/PR:N/UI:N/VC:H/VI:H/VA:H/SC:H/SI:H/SA:H/E:U/CR:H/IR:H/AR:H/MSI:S/MSA:S;6.8;7.5;CVSS:4.0/AV:L/AC:L/AT:P/PR:N/UI:N/VC:H/VI:H/VA:H/SC:H/SI:H/SA:H/E:U;5.9
CVE-2019-6517;CVSS:4.0/AV:P/AC:L/AT:N/PR:N/UI:N/VC:H/VI:H/VA:H/SC:L/SI:L/SA:L;CVSS:3.0/AV:P/AC:L/PR:N/UI:N/S:U/C:H/I:H/A:H;7.0;6.8;U;0.00122;['FACSLyric: IVD Windows 10 Professional Operating System U.S. release', 'FACSLyric: Research Use Only Windows 10 Professional Operating System U.S. and Malaysian Releases between November 2017 and November 2018'];;IIa;hospital;CVSS:4.0/AV:P/AC:L/AT:N/PR:N/UI:N/VC:H/VI:H/VA:H/SC:L/SI:L/SA:L/E:U/CR:L/IR:M/AR:M/MSI:S/MSA:S;;5.6;N/A;CVSS:4.0/AV:P/AC:L/AT:N/PR:N/UI:N/VC:H/VI:H/VA:H/SC:L/SI:L/SA:L/E:U;4.0
CVE-2019-6538;CVSS:4.0/AV:A/AC:L/AT:P/PR:N/UI:N/VC:N/VI:H/VA:H/SC:N/SI:H/SA:H;CVSS:3.0/AV:A/AC:L/PR:N/UI:N/S:C/C:N/I:H/A:H;7.2;9.3;U;0.00247;['MyCareLink Monitor: Versions 24950 and 24952', 'Brava CRT-D: (all models)', 'Amplia CRT-D: (all models)', 'CareLink Monitor: Version 2490C', 'CareLink 2090 Programmer: (all models)', 'Concerto CRT-D: (all models)', 'Evera ICD: (all models)', 'Mirro ICD: (all models)', 'Virtuoso II ICD: (all models)', 'Concerto II CRT-D: (all models)', 'Visia AF ICD: (all models)', 'Mirro MRI ICD: (all models)', 'Viva CRT-D: (all models)', 'Virtuoso ICD: (all models)', 'Claria CRT-D: (all models)', 'Secura ICD: (all models)', 'Primo ICD: (all models)', 'Consulta CRT-D: (all models)', 'Protecta ICD and CRT-D: (all models)', 'Maximo II CRT-D and ICD: (all models)', 'Compia CRT-D: (all models)', 'Nayamed ND ICD: (all models)'];;III;both;CVSS:4.0/AV:A/AC:L/AT:P/PR:N/UI:N/VC:N/VI:H/VA:H/SC:N/SI:H/SA:H/E:U/CR:L/IR:M/AR:M/MSI:S/MSA:S;CVSS:4.0/AV:A/AC:L/AT:P/PR:N/UI:N/VC:N/VI:H/VA:H/SC:N/SI:H/SA:H/E:U/CR:H/IR:H/AR:H/MSI:S/MSA:S;5.1;6.0;CVSS:4.0/AV:A/AC:L/AT:P/PR:N/UI:N/VC:N/VI:H/VA:H/SC:N/SI:H/SA:H/E:U;4.3
CVE-2019-6540;CVSS:4.0/AV:A/AC:L/AT:P/PR:N/UI:N/VC:H/VI:N/VA:N/SC:H/SI:N/SA:N;CVSS:3.0/AV:A/AC:L/PR:N/UI:N/S:U/C:H/I:N/A:N;7.0;6.5;U;0.00018;['MyCareLink Monitor: Versions 24950 and 24952', 'Brava CRT-D: (all models)', 'Amplia CRT-D: (all models)', 'CareLink Monitor: Version 2490C', 'CareLink 2090 Programmer: (all models)', 'Concerto CRT-D: (all models)', 'Evera ICD: (all models)', 'Mirro ICD: (all models)', 'Virtuoso II ICD: (all models)', 'Concerto II CRT-D: (all models)', 'Visia AF ICD: (all models)', 'Mirro MRI ICD: (all models)', 'Viva CRT-D: (all models)', 'Virtuoso ICD: (all models)', 'Claria CRT-D: (all models)', 'Secura ICD: (all models)', 'Primo ICD: (all models)', 'Consulta CRT-D: (all models)', 'Protecta ICD and CRT-D: (all models)', 'Maximo II CRT-D and ICD: (all models)', 'Compia CRT-D: (all models)', 'Nayamed ND ICD: (all models)'];;III;both;CVSS:4.0/AV:A/AC:L/AT:P/PR:N/UI:N/VC:H/VI:N/VA:N/SC:H/SI:N/SA:N/E:U/CR:L/IR:M/AR:M;CVSS:4.0/AV:A/AC:L/AT:P/PR:N/UI:N/VC:H/VI:N/VA:N/SC:H/SI:N/SA:N/E:U/CR:H/IR:H/AR:H;1.9;3.8;CVSS:4.0/AV:A/AC:L/AT:P/PR:N/UI:N/VC:H/VI:N/VA:N/SC:H/SI:N/SA:N/E:U;3.8
CVE-2019-10948;CVSS:4.0/AV:N/AC:L/AT:P/PR:N/UI:N/VC:N/VI:N/VA:H/SC:N/SI:N/SA:H;CVSS:3.0/AV:N/AC:L/PR:N/UI:N/S:U/C:N/I:N/A:H;8.9;7.5;U;0.00229;['FCR XC-2: CR-IR 357', 'FCR Capsula X: CR-IR 357', 'FCR Carbon X: CR-IR 357'];;IIb;hospital;CVSS:4.0/AV:N/AC:L/AT:P/PR:N/UI:N/VC:N/VI:N/VA:H/SC:N/SI:N/SA:H/E:U/CR:L/IR:M/AR:M/MSA:S;;6.5;N/A;CVSS:4.0/AV:N/AC:L/AT:P/PR:N/UI:N/VC:N/VI:N/VA:H/SC:N/SI:N/SA:H/E:U;6.3
CVE-2019-10950;CVSS:4.0/AV:N/AC:L/AT:N/PR:N/UI:N/VC:H/VI:H/VA:H/SC:H/SI:H/SA:H;CVSS:3.0/AV:N/AC:L/PR:N/UI:N/S:U/C:H/I:H/A:H;10.0;9.8;U;0.0113;['FCR XC-2: CR-IR 357', 'FCR Capsula X: CR-IR 357', 'FCR Carbon X: CR-IR 357'];;IIb;hospital;CVSS:4.0/AV:N/AC:L/AT:N/PR:N/UI:N/VC:H/VI:H/VA:H/SC:H/SI:H/SA:H/E:U/CR:L/IR:M/AR:M/MSI:S/MSA:S;;9.2;N/A;CVSS:4.0/AV:N/AC:L/AT:N/PR:N/UI:N/VC:H/VI:H/VA:H/SC:H/SI:H/SA:H/E:U;9.1
CVE-2019-6562;CVSS:4.0/AV:A/AC:L/AT:N/PR:L/UI:A/VC:L/VI:L/VA:N/SC:L/SI:L/SA:N;CVSS:3.0/AV:A/AC:L/PR:L/UI:R/S:U/C:L/I:L/A:N;2.4;4.1;U;0.00159;['Tasy EMR Versions: 3.02.1744 and prior', 'Tasy WebPortal: Versions 3.02.1757 and prior'];;I;hospital;CVSS:4.0/AV:A/AC:L/AT:N/PR:L/UI:A/VC:L/VI:L/VA:N/SC:L/SI:L/SA:N/E:U/CR:L/IR:M/AR:M;;0.4;N/A;CVSS:4.0/AV:A/AC:L/AT:N/PR:L/UI:A/VC:L/VI:L/VA:N/SC:L/SI:L/SA:N/E:U;0.4
CVE-2019-13557;CVSS:4.0/AV:N/AC:L/AT:N/PR:L/UI:N/VC:L/VI:N/VA:N/SC:L/SI:N/SA:N;CVSS:3.0/AV:N/AC:L/PR:L/UI:N/S:U/C:L/I:N/A:N;5.3;4.3;U;0.00168;['Tasy EMR Versions: 3.02.1744 and prior', 'Tasy WebPortal: Versions 3.02.1757 and prior'];;I;hospital;CVSS:4.0/AV:N/AC:L/AT:N/PR:L/UI:N/VC:L/VI:N/VA:N/SC:L/SI:N/SA:N/E:U/CR:L/IR:M/AR:M;;1.3;N/A;CVSS:4.0/AV:N/AC:L/AT:N/PR:L/UI:N/VC:L/VI:N/VA:N/SC:L/SI:N/SA:N/E:U;1.3
CVE-2019-10962;CVSS:4.0/AV:N/AC:L/AT:P/PR:N/UI:N/VC:L/VI:L/VA:L/SC:L/SI:L/SA:L;CVSS:3.0/AV:N/AC:L/PR:N/UI:N/S:U/C:L/I:L/A:L;6.3;7.3;U;0.0015;['Alaris Gateway Workstation Alaris GS: software Version 2.3.6 and below', 'Alaris Gateway Workstation: 1.1.6', 'Alaris Gateway Workstation: 1.1.5', 'Alaris Gateway Workstation Alaris GH: software Version 2.3.6 and below', 'Alaris Gateway Workstation Alaris CC: software Version 2.3.6 and below', 'Alaris Gateway Workstation: 1.3.1 Build 13', 'Alaris Gateway Workstation: 1.1.3 MR Build 11', 'Alaris Gateway Workstation Alaris TIVA: software Version 2.3.6 and below', 'Alaris Gateway Workstation: 1.0.13', 'Alaris Gateway Workstation: 1.3.0 Build 14', 'Alaris Gateway Workstation: 1.1.3 Build 10'];;IIb;hospital;CVSS:4.0/AV:N/AC:L/AT:P/PR:N/UI:N/VC:L/VI:L/VA:L/SC:L/SI:L/SA:L/E:U/CR:L/IR:M/AR:M/MSI:S/MSA:S;;5.0;N/A;CVSS:4.0/AV:N/AC:L/AT:P/PR:N/UI:N/VC:L/VI:L/VA:L/SC:L/SI:L/SA:L/E:U;1.7
CVE-2019-10959;CVSS:4.0/AV:N/AC:L/AT:N/PR:N/UI:N/VC:L/VI:H/VA:H/SC:L/SI:H/SA:H;CVSS:3.0/AV:N/AC:L/PR:N/UI:N/S:C/C:L/I:H/A:H;9.3;10.0;U;0.01062;['Alaris Gateway Workstation Alaris GS: software Version 2.3.6 and below', 'Alaris Gateway Workstation: 1.1.6', 'Alaris Gateway Workstation: 1.1.5', 'Alaris Gateway Workstation Alaris GH: software Version 2.3.6 and below', 'Alaris Gateway Workstation Alaris CC: software Version 2.3.6 and below', 'Alaris Gateway Workstation: 1.3.1 Build 13', 'Alaris Gateway Workstation: 1.1.3 MR Build 11', 'Alaris Gateway Workstation Alaris TIVA: software Version 2.3.6 and below', 'Alaris Gateway Workstation: 1.0.13', 'Alaris Gateway Workstation: 1.3.0 Build 14', 'Alaris Gateway Workstation: 1.1.3 Build 10'];;IIb;hospital;CVSS:4.0/AV:N/AC:L/AT:N/PR:N/UI:N/VC:L/VI:H/VA:H/SC:L/SI:H/SA:H/E:U/CR:L/IR:M/AR:M/MSI:S/MSA:S;;8.2;N/A;CVSS:4.0/AV:N/AC:L/AT:N/PR:N/UI:N/VC:L/VI:H/VA:H/SC:L/SI:H/SA:H/E:U;8.0
CVE-2019-10964;CVSS:4.0/AV:A/AC:L/AT:N/PR:N/UI:N/VC:H/VI:H/VA:H/SC:H/SI:H/SA:H;CVSS:3.0/AV:A/AC:L/PR:N/UI:N/S:U/C:H/I:H/A:H;9.4;8.8;U;0.00548;['MiniMed Paradigm 522K/722K pumps: All versions', 'MiniMed Paradigm 515/715 pumps: All versions', 'MiniMed 508 pump: All versions', 'MiniMed Paradigm 712E pump: All versions', 'MiniMed Paradigm Veo 554/754 pumps: Software versions 2.6A or lower', 'MiniMed Paradigm 522/722 pumps: All versions', 'MiniMed Paradigm Veo 554CM and 754CM models only: Software versions 2.7A or lower', 'MiniMed Paradigm 523K/723K pumps: Software versions 2.4A or lower', 'MiniMed Paradigm 523/723 pumps: Software versions 2.4A or lower', 'MiniMed Paradigm 511 pump: All versions', 'MiniMed Paradigm 512/712 pumps: All versions'];;III;both;CVSS:4.0/AV:A/AC:L/AT:N/PR:N/UI:N/VC:H/VI:H/VA:H/SC:H/SI:H/SA:H/E:U/CR:L/IR:M/AR:M/MSI:S/MSA:S;CVSS:4.0/AV:A/AC:L/AT:N/PR:N/UI:N/VC:H/VI:H/VA:H/SC:H/SI:H/SA:H/E:U/CR:H/IR:H/AR:H/MSI:S/MSA:S;8.0;9.1;CVSS:4.0/AV:A/AC:L/AT:N/PR:N/UI:N/VC:H/VI:H/VA:H/SC:H/SI:H/SA:H/E:U;7.7
CVE-2019-10966;CVSS:4.0/AV:N/AC:L/AT:P/PR:N/UI:N/VC:N/VI:L/VA:N/SC:N/SI:L/SA:N;CVSS:3.0/AV:N/AC:L/PR:N/UI:N/S:U/C:N/I:L/A:N;6.3;5.3;U;0.00311;['GE Aespire: 7100 7900 100 Protiva Carestation View', 'GE Aestiva: 7100 7900 MRI', 'GE Carestation: 620 650 650c', 'GE Aisys: Aisys CS2 Avance Amingo Avance CS2'];;III;hospital;CVSS:4.0/AV:N/AC:L/AT:P/PR:N/UI:N/VC:N/VI:L/VA:N/SC:N/SI:L/SA:N/E:U/CR:L/IR:M/AR:M/MSI:S;;4.2;N/A;CVSS:4.0/AV:N/AC:L/AT:P/PR:N/UI:N/VC:N/VI:L/VA:N/SC:N/SI:L/SA:N/E:U;1.7
CVE-2019-10968;CVSS:4.0/AV:L/AC:H/AT:N/PR:H/UI:N/VC:N/VI:L/VA:N/SC:L/SI:N/SA:N;CVSS:3.0/AV:L/AC:H/PR:H/UI:N/S:U/C:N/I:L/A:N;1.8;1.9;U;0.00055;['Holter 2010 Plus: all versions'];;IIa;both;CVSS:4.0/AV:L/AC:H/AT:N/PR:H/UI:N/VC:N/VI:L/VA:N/SC:L/SI:N/SA:N/E:U/CR:L/IR:M/AR:M;CVSS:4.0/AV:L/AC:H/AT:N/PR:H/UI:N/VC:N/VI:L/VA:N/SC:L/SI:N/SA:N/E:U/CR:H/IR:H/AR:H;0.2;0.2;CVSS:4.0/AV:L/AC:H/AT:N/PR:H/UI:N/VC:N/VI:L/VA:N/SC:L/SI:N/SA:N/E:U;0.2
CVE-2018-18630;CVSS:4.0/AV:L/AC:L/AT:P/PR:L/UI:N/VC:H/VI:H/VA:H/SC:H/SI:H/SA:H;CVSS:3.0/AV:L/AC:L/PR:L/UI:N/S:U/C:H/I:H/A:H;8.8;7.8;U;0.0004;['Change Healthcare Cardiology: 14.1.x', 'Horizon Cardiology: 12.x', 'McKesson Cardiology: 14. x', 'McKesson Cardiology: 13.x', 'Horizon Cardiology: 11.x and earlier'];;IIb;hospital;CVSS:4.0/AV:L/AC:L/AT:P/PR:L/UI:N/VC:H/VI:H/VA:H/SC:H/SI:H/SA:H/E:U/CR:L/IR:M/AR:M/MSI:S/MSA:S;;6.6;N/A;CVSS:4.0/AV:L/AC:L/AT:P/PR:L/UI:N/VC:H/VI:H/VA:H/SC:H/SI:H/SA:H/E:U;5.8
CVE-2019-10988;CVSS:4.0/AV:L/AC:H/AT:P/PR:H/UI:N/VC:L/VI:L/VA:N/SC:L/SI:L/SA:N;CVSS:3.0/AV:L/AC:H/PR:H/UI:N/S:U/C:L/I:L/A:N;1.8;3.0;U;0.00052;['Philips HDI 4000 Ultrasound Systems: All versions running on old unsupported operating systems such as Windows 2000'];;IIa;hospital;CVSS:4.0/AV:L/AC:H/AT:P/PR:H/UI:N/VC:L/VI:L/VA:N/SC:L/SI:L/SA:N/E:U/CR:L/IR:M/AR:M/MSI:S;;1.9;N/A;CVSS:4.0/AV:L/AC:H/AT:P/PR:H/UI:N/VC:L/VI:L/VA:N/SC:L/SI:L/SA:N/E:U;0.2
CVE-2019-13517;CVSS:4.0/AV:A/AC:L/AT:P/PR:L/UI:N/VC:H/VI:H/VA:L/SC:H/SI:H/SA:L;CVSS:3.0/AV:A/AC:L/PR:L/UI:N/S:U/C:H/I:H/A:L;8.8;7.6;U;0.00234;['Pyxis ES Versions 1.3.4 through to 1.5.3', 'Pyxis Enterprise Server with Windows Server: Versions 4.4 through 4.12'];;I;hospital;CVSS:4.0/AV:A/AC:L/AT:P/PR:L/UI:N/VC:H/VI:H/VA:L/SC:H/SI:H/SA:L/E:U/CR:L/IR:M/AR:M;;4.5;N/A;CVSS:4.0/AV:A/AC:L/AT:P/PR:L/UI:N/VC:H/VI:H/VA:L/SC:H/SI:H/SA:L/E:U;5.8
CVE-2019-13530;CVSS:4.0/AV:A/AC:H/AT:P/PR:H/UI:N/VC:H/VI:H/VA:H/SC:H/SI:H/SA:H;CVSS:3.0/AV:A/AC:H/PR:H/UI:N/S:U/C:H/I:H/A:H;8.8;6.4;U;0.00258;['IntelliVue MP monitors MX800/700/600 ((865240/41/42) WLAN: Version B, Firmware A.01.09, Part #: N/A (Replaced by Version C)', 'IntelliVue MP monitors MP2/X2 (M8102A/M3002A) WLAN: Version B, Firmware A.01.09, Part #: N/A (Replaced by Version C)', 'IntelliVue MP monitors MP5/5SC (M8105A/5AS) WLAN: Version A, Firmware A.03.09, Part #: M8096-67501', 'IntelliVue MP monitors MP20-MP90 (M8001A/2A/3A/4A/5A/7A/8A/10A) WLAN: Version A Firmware A.03.09'];;IIb;hospital;CVSS:4.0/AV:A/AC:H/AT:P/PR:H/UI:N/VC:H/VI:H/VA:H/SC:H/SI:H/SA:H/E:U/CR:L/IR:M/AR:M/MSI:S/MSA:S;;6.6;N/A;CVSS:4.0/AV:A/AC:H/AT:P/PR:H/UI:N/VC:H/VI:H/VA:H/SC:H/SI:H/SA:H/E:U;5.8
CVE-2019-13534;CVSS:4.0/AV:A/AC:H/AT:P/PR:H/UI:N/VC:H/VI:H/VA:H/SC:H/SI:H/SA:H;CVSS:3.0/AV:A/AC:H/PR:H/UI:N/S:U/C:H/I:H/A:H;8.8;6.4;U;0.00115;['IntelliVue MP monitors MX800/700/600 ((865240/41/42) WLAN: Version B, Firmware A.01.09, Part #: N/A (Replaced by Version C)', 'IntelliVue MP monitors MP2/X2 (M8102A/M3002A) WLAN: Version B, Firmware A.01.09, Part #: N/A (Replaced by Version C)', 'IntelliVue MP monitors MP5/5SC (M8105A/5AS) WLAN: Version A, Firmware A.03.09, Part #: M8096-67501', 'IntelliVue MP monitors MP20-MP90 (M8001A/2A/3A/4A/5A/7A/8A/10A) WLAN: Version A Firmware A.03.09'];;IIb;hospital;CVSS:4.0/AV:A/AC:H/AT:P/PR:H/UI:N/VC:H/VI:H/VA:H/SC:H/SI:H/SA:H/E:U/CR:L/IR:M/AR:M/MSI:S/MSA:S;;6.6;N/A;CVSS:4.0/AV:A/AC:H/AT:P/PR:H/UI:N/VC:H/VI:H/VA:H/SC:H/SI:H/SA:H/E:U;5.8
CVE-2019-12256;CVSS:4.0/AV:N/AC:L/AT:P/PR:N/UI:N/VC:H/VI:H/VA:H/SC:L/SI:L/SA:L;CVSS:3.0/AV:N/AC:L/PR:N/UI:N/S:U/C:H/I:H/A:H;9.2;9.8;P;0.08195;['OSE by ENEA, INTEGRITY RTOS by Green Hills Software, ITRON, ZebOS by IP Infusion, and VxWorks by Wind River - The Interpeak IPnet stack has been identified to be affected by CVE-2019-12255, CVE-2019-12262, and CVE-2019-12264.', 'OSE by ENEA, INTEGRITY RTOS by Green Hills Software, ITRON, ZebOS by IP Infusion, and VxWorks by Wind River - ENEA reports that OSE4 and OSE5 may have been bundled with Interpeak IPnet from 2004-2006. In 2007, ENEA replaced Interpeak IPnet with OSENet.', 'ENEA OSE 5', 'OSE by ENEA, INTEGRITY RTOS by Green Hills Software, ITRON, ZebOS by IP Infusion, and VxWorks by Wind River - Green Hills Software reports Interpeak IPnet was a third-party add-on for INTREGRITY RTOS from 2003-2006.', 'All versions of VxWorks under CURRENT support (6.9.4.11, Vx7 SR540, Vx7 SR610) are affected by one or more of the CVE numbers detailed below.', 'All versions of the discontinued product Advanced Networking Technology (ANT) are likely affected by one or more of the CVE numbers below', 'OSE by ENEA, INTEGRITY RTOS by Green Hills Software, ITRON, ZebOS by IP Infusion, and VxWorks by Wind River - Older, end-of-life versions of VxWorks back to 6.5 are also affected by one or more of the CVE numbers below.', 'OSE by ENEA, INTEGRITY RTOS by Green Hills Software, ITRON, ZebOS by IP Infusion, and VxWorks by Wind River - The VxWorks bootrom network stack leverages the same IPnet source as VxWorks, as a result, is also technically vulnerable to CVE-2019-12256. The same patches and mitigations apply to VxWorks and the bootrom network stack;;I;hospital;CVSS:4.0/AV:N/AC:L/AT:P/PR:N/UI:N/VC:H/VI:H/VA:H/SC:L/SI:L/SA:L/E:P/CR:L/IR:M/AR:M;;7.0;N/A;CVSS:4.0/AV:N/AC:L/AT:P/PR:N/UI:N/VC:H/VI:H/VA:H/SC:L/SI:L/SA:L/E:U;7.2
CVE-2019-12257;CVSS:4.0/AV:A/AC:L/AT:P/PR:N/UI:N/VC:H/VI:H/VA:H/SC:L/SI:L/SA:L;CVSS:3.0/AV:A/AC:L/PR:N/UI:N/S:U/C:H/I:H/A:H;7.7;8.8;U;0.14352;['OSE by ENEA, INTEGRITY RTOS by Green Hills Software, ITRON, ZebOS by IP Infusion, and VxWorks by Wind River - The Interpeak IPnet stack has been identified to be affected by CVE-2019-12255, CVE-2019-12262, and CVE-2019-12264.', 'OSE by ENEA, INTEGRITY RTOS by Green Hills Software, ITRON, ZebOS by IP Infusion, and VxWorks by Wind River - ENEA reports that OSE4 and OSE5 may have been bundled with Interpeak IPnet from 2004-2006. In 2007, ENEA replaced Interpeak IPnet with OSENet.', 'ENEA OSE 5', 'OSE by ENEA, INTEGRITY RTOS by Green Hills Software, ITRON, ZebOS by IP Infusion, and VxWorks by Wind River - Green Hills Software reports Interpeak IPnet was a third-party add-on for INTREGRITY RTOS from 2003-2006.', 'All versions of VxWorks under CURRENT support (6.9.4.11, Vx7 SR540, Vx7 SR610) are affected by one or more of the CVE numbers detailed below.', 'All versions of the discontinued product Advanced Networking Technology (ANT) are likely affected by one or more of the CVE numbers below', 'OSE by ENEA, INTEGRITY RTOS by Green Hills Software, ITRON, ZebOS by IP Infusion, and VxWorks by Wind River - Older, end-of-life versions of VxWorks back to 6.5 are also affected by one or more of the CVE numbers below.', 'OSE by ENEA, INTEGRITY RTOS by Green Hills Software, ITRON, ZebOS by IP Infusion, and VxWorks by Wind River - The VxWorks bootrom network stack leverages the same IPnet source as VxWorks, as a result, is also technically vulnerable to CVE-2019-12256. The same patches and mitigations apply to VxWorks and the bootrom network stack;;I;hospital;CVSS:4.0/AV:A/AC:L/AT:P/PR:N/UI:N/VC:H/VI:H/VA:H/SC:L/SI:L/SA:L/E:U/CR:L/IR:M/AR:M;;2.9;N/A;CVSS:4.0/AV:A/AC:L/AT:P/PR:N/UI:N/VC:H/VI:H/VA:H/SC:L/SI:L/SA:L/E:U;5.2
CVE-2019-12255;CVSS:4.0/AV:N/AC:L/AT:P/PR:N/UI:N/VC:H/VI:H/VA:H/SC:H/SI:H/SA:H;CVSS:3.0/AV:N/AC:L/PR:N/UI:N/S:U/C:H/I:H/A:H;9.5;9.8;P;0.77848;['OSE by ENEA, INTEGRITY RTOS by Green Hills Software, ITRON, ZebOS by IP Infusion, and VxWorks by Wind River - The Interpeak IPnet stack has been identified to be affected by CVE-2019-12255, CVE-2019-12262, and CVE-2019-12264.', 'OSE by ENEA, INTEGRITY RTOS by Green Hills Software, ITRON, ZebOS by IP Infusion, and VxWorks by Wind River - ENEA reports that OSE4 and OSE5 may have been bundled with Interpeak IPnet from 2004-2006. In 2007, ENEA replaced Interpeak IPnet with OSENet.', 'ENEA OSE 5', 'OSE by ENEA, INTEGRITY RTOS by Green Hills Software, ITRON, ZebOS by IP Infusion, and VxWorks by Wind River - Green Hills Software reports Interpeak IPnet was a third-party add-on for INTREGRITY RTOS from 2003-2006.', 'All versions of VxWorks under CURRENT support (6.9.4.11, Vx7 SR540, Vx7 SR610) are affected by one or more of the CVE numbers detailed below.', 'All versions of the discontinued product Advanced Networking Technology (ANT) are likely affected by one or more of the CVE numbers below', 'OSE by ENEA, INTEGRITY RTOS by Green Hills Software, ITRON, ZebOS by IP Infusion, and VxWorks by Wind River - Older, end-of-life versions of VxWorks back to 6.5 are also affected by one or more of the CVE numbers below.', 'OSE by ENEA, INTEGRITY RTOS by Green Hills Software, ITRON, ZebOS by IP Infusion, and VxWorks by Wind River - The VxWorks bootrom network stack leverages the same IPnet source as VxWorks, as a result, is also technically vulnerable to CVE-2019-12256. The same patches and mitigations apply to VxWorks and the bootrom network stack;;I;hospital;CVSS:4.0/AV:N/AC:L/AT:P/PR:N/UI:N/VC:H/VI:H/VA:H/SC:H/SI:H/SA:H/E:P/CR:L/IR:M/AR:M;;8.3;N/A;CVSS:4.0/AV:N/AC:L/AT:P/PR:N/UI:N/VC:H/VI:H/VA:H/SC:H/SI:H/SA:H/E:P;9.0
CVE-2019-12260;CVSS:4.0/AV:N/AC:L/AT:P/PR:N/UI:N/VC:H/VI:H/VA:H/SC:H/SI:H/SA:H;CVSS:3.0/AV:N/AC:L/PR:N/UI:N/S:U/C:H/I:H/A:H;9.5;9.8;P;0.21054;['OSE by ENEA, INTEGRITY RTOS by Green Hills Software, ITRON, ZebOS by IP Infusion, and VxWorks by Wind River - The Interpeak IPnet stack has been identified to be affected by CVE-2019-12255, CVE-2019-12262, and CVE-2019-12264.', 'OSE by ENEA, INTEGRITY RTOS by Green Hills Software, ITRON, ZebOS by IP Infusion, and VxWorks by Wind River - ENEA reports that OSE4 and OSE5 may have been bundled with Interpeak IPnet from 2004-2006. In 2007, ENEA replaced Interpeak IPnet with OSENet.', 'ENEA OSE 5', 'OSE by ENEA, INTEGRITY RTOS by Green Hills Software, ITRON, ZebOS by IP Infusion, and VxWorks by Wind River - Green Hills Software reports Interpeak IPnet was a third-party add-on for INTREGRITY RTOS from 2003-2006.', 'All versions of VxWorks under CURRENT support (6.9.4.11, Vx7 SR540, Vx7 SR610) are affected by one or more of the CVE numbers detailed below.', 'All versions of the discontinued product Advanced Networking Technology (ANT) are likely affected by one or more of the CVE numbers below', 'OSE by ENEA, INTEGRITY RTOS by Green Hills Software, ITRON, ZebOS by IP Infusion, and VxWorks by Wind River - Older, end-of-life versions of VxWorks back to 6.5 are also affected by one or more of the CVE numbers below.', 'OSE by ENEA, INTEGRITY RTOS by Green Hills Software, ITRON, ZebOS by IP Infusion, and VxWorks by Wind River - The VxWorks bootrom network stack leverages the same IPnet source as VxWorks, as a result, is also technically vulnerable to CVE-2019-12256. The same patches and mitigations apply to VxWorks and the bootrom network stack;;I;hospital;CVSS:4.0/AV:N/AC:L/AT:P/PR:N/UI:N/VC:H/VI:H/VA:H/SC:H/SI:H/SA:H/E:P/CR:L/IR:M/AR:M;;8.3;N/A;CVSS:4.0/AV:N/AC:L/AT:P/PR:N/UI:N/VC:H/VI:H/VA:H/SC:H/SI:H/SA:H/E:U;8.4
CVE-2019-12261;CVSS:4.0/AV:N/AC:L/AT:P/PR:N/UI:N/VC:H/VI:H/VA:H/SC:H/SI:H/SA:H;CVSS:3.0/AV:N/AC:L/PR:N/UI:R/S:U/C:H/I:H/A:H;9.5;8.8;U;0.13403;['OSE by ENEA, INTEGRITY RTOS by Green Hills Software, ITRON, ZebOS by IP Infusion, and VxWorks by Wind River - The Interpeak IPnet stack has been identified to be affected by CVE-2019-12255, CVE-2019-12262, and CVE-2019-12264.', 'OSE by ENEA, INTEGRITY RTOS by Green Hills Software, ITRON, ZebOS by IP Infusion, and VxWorks by Wind River - ENEA reports that OSE4 and OSE5 may have been bundled with Interpeak IPnet from 2004-2006. In 2007, ENEA replaced Interpeak IPnet with OSENet.', 'ENEA OSE 5', 'OSE by ENEA, INTEGRITY RTOS by Green Hills Software, ITRON, ZebOS by IP Infusion, and VxWorks by Wind River - Green Hills Software reports Interpeak IPnet was a third-party add-on for INTREGRITY RTOS from 2003-2006.', 'All versions of VxWorks under CURRENT support (6.9.4.11, Vx7 SR540, Vx7 SR610) are affected by one or more of the CVE numbers detailed below.', 'All versions of the discontinued product Advanced Networking Technology (ANT) are likely affected by one or more of the CVE numbers below', 'OSE by ENEA, INTEGRITY RTOS by Green Hills Software, ITRON, ZebOS by IP Infusion, and VxWorks by Wind River - Older, end-of-life versions of VxWorks back to 6.5 are also affected by one or more of the CVE numbers below.', 'OSE by ENEA, INTEGRITY RTOS by Green Hills Software, ITRON, ZebOS by IP Infusion, and VxWorks by Wind River - The VxWorks bootrom network stack leverages the same IPnet source as VxWorks, as a result, is also technically vulnerable to CVE-2019-12256. The same patches and mitigations apply to VxWorks and the bootrom network stack;;I;hospital;CVSS:4.0/AV:N/AC:L/AT:P/PR:N/UI:N/VC:H/VI:H/VA:H/SC:H/SI:H/SA:H/E:U/CR:L/IR:M/AR:M;;7.0;N/A;CVSS:4.0/AV:N/AC:L/AT:P/PR:N/UI:N/VC:H/VI:H/VA:H/SC:H/SI:H/SA:H/E:U;8.4
CVE-2019-12263;CVSS:4.0/AV:N/AC:H/AT:P/PR:N/UI:N/VC:H/VI:H/VA:H/SC:N/SI:L/SA:L;CVSS:3.0/AV:N/AC:H/PR:N/UI:N/S:U/C:H/I:H/A:H;9.2;8.1;U;0.01064;['OSE by ENEA, INTEGRITY RTOS by Green Hills Software, ITRON, ZebOS by IP Infusion, and VxWorks by Wind River - The Interpeak IPnet stack has been identified to be affected by CVE-2019-12255, CVE-2019-12262, and CVE-2019-12264.', 'OSE by ENEA, INTEGRITY RTOS by Green Hills Software, ITRON, ZebOS by IP Infusion, and VxWorks by Wind River - ENEA reports that OSE4 and OSE5 may have been bundled with Interpeak IPnet from 2004-2006. In 2007, ENEA replaced Interpeak IPnet with OSENet.', 'ENEA OSE 5', 'OSE by ENEA, INTEGRITY RTOS by Green Hills Software, ITRON, ZebOS by IP Infusion, and VxWorks by Wind River - Green Hills Software reports Interpeak IPnet was a third-party add-on for INTREGRITY RTOS from 2003-2006.', 'All versions of VxWorks under CURRENT support (6.9.4.11, Vx7 SR540, Vx7 SR610) are affected by one or more of the CVE numbers detailed below.', 'All versions of the discontinued product Advanced Networking Technology (ANT) are likely affected by one or more of the CVE numbers below', 'OSE by ENEA, INTEGRITY RTOS by Green Hills Software, ITRON, ZebOS by IP Infusion, and VxWorks by Wind River - Older, end-of-life versions of VxWorks back to 6.5 are also affected by one or more of the CVE numbers below.', 'OSE by ENEA, INTEGRITY RTOS by Green Hills Software, ITRON, ZebOS by IP Infusion, and VxWorks by Wind River - The VxWorks bootrom network stack leverages the same IPnet source as VxWorks, as a result, is also technically vulnerable to CVE-2019-12256. The same patches and mitigations apply to VxWorks and the bootrom network stack;;I;hospital;CVSS:4.0/AV:N/AC:H/AT:P/PR:N/UI:N/VC:H/VI:H/VA:H/SC:N/SI:L/SA:L/E:U/CR:L/IR:M/AR:M;;5.1;N/A;CVSS:4.0/AV:N/AC:H/AT:P/PR:N/UI:N/VC:H/VI:H/VA:H/SC:N/SI:L/SA:L/E:U;7.2
CVE-2019-12258;CVSS:4.0/AV:N/AC:L/AT:N/PR:N/UI:N/VC:N/VI:N/VA:H/SC:N/SI:N/SA:H;CVSS:3.0/AV:N/AC:L/PR:N/UI:N/S:U/C:N/I:N/A:H;9.2;7.5;P;0.11641;['OSE by ENEA, INTEGRITY RTOS by Green Hills Software, ITRON, ZebOS by IP Infusion, and VxWorks by Wind River - The Interpeak IPnet stack has been identified to be affected by CVE-2019-12255, CVE-2019-12262, and CVE-2019-12264.', 'OSE by ENEA, INTEGRITY RTOS by Green Hills Software, ITRON, ZebOS by IP Infusion, and VxWorks by Wind River - ENEA reports that OSE4 and OSE5 may have been bundled with Interpeak IPnet from 2004-2006. In 2007, ENEA replaced Interpeak IPnet with OSENet.', 'ENEA OSE 5', 'OSE by ENEA, INTEGRITY RTOS by Green Hills Software, ITRON, ZebOS by IP Infusion, and VxWorks by Wind River - Green Hills Software reports Interpeak IPnet was a third-party add-on for INTREGRITY RTOS from 2003-2006.', 'All versions of VxWorks under CURRENT support (6.9.4.11, Vx7 SR540, Vx7 SR610) are affected by one or more of the CVE numbers detailed below.', 'All versions of the discontinued product Advanced Networking Technology (ANT) are likely affected by one or more of the CVE numbers below', 'OSE by ENEA, INTEGRITY RTOS by Green Hills Software, ITRON, ZebOS by IP Infusion, and VxWorks by Wind River - Older, end-of-life versions of VxWorks back to 6.5 are also affected by one or more of the CVE numbers below.', 'OSE by ENEA, INTEGRITY RTOS by Green Hills Software, ITRON, ZebOS by IP Infusion, and VxWorks by Wind River - The VxWorks bootrom network stack leverages the same IPnet source as VxWorks, as a result, is also technically vulnerable to CVE-2019-12256. The same patches and mitigations apply to VxWorks and the bootrom network stack;;I;hospital;CVSS:4.0/AV:N/AC:L/AT:N/PR:N/UI:N/VC:N/VI:N/VA:H/SC:N/SI:N/SA:H/E:P/CR:L/IR:M/AR:M;;7.8;N/A;CVSS:4.0/AV:N/AC:L/AT:N/PR:N/UI:N/VC:N/VI:N/VA:H/SC:N/SI:N/SA:H/E:U;7.7
CVE-2019-12264;CVSS:4.0/AV:A/AC:L/AT:P/PR:N/UI:P/VC:L/VI:N/VA:H/SC:N/SI:N/SA:H;CVSS:3.0/AV:A/AC:L/PR:N/UI:N/S:U/C:L/I:N/A:H;7.0;7.1;U;0.00182;['OSE by ENEA, INTEGRITY RTOS by Green Hills Software, ITRON, ZebOS by IP Infusion, and VxWorks by Wind River - The Interpeak IPnet stack has been identified to be affected by CVE-2019-12255, CVE-2019-12262, and CVE-2019-12264.', 'OSE by ENEA, INTEGRITY RTOS by Green Hills Software, ITRON, ZebOS by IP Infusion, and VxWorks by Wind River - ENEA reports that OSE4 and OSE5 may have been bundled with Interpeak IPnet from 2004-2006. In 2007, ENEA replaced Interpeak IPnet with OSENet.', 'ENEA OSE 5', 'OSE by ENEA, INTEGRITY RTOS by Green Hills Software, ITRON, ZebOS by IP Infusion, and VxWorks by Wind River - Green Hills Software reports Interpeak IPnet was a third-party add-on for INTREGRITY RTOS from 2003-2006.', 'All versions of VxWorks under CURRENT support (6.9.4.11, Vx7 SR540, Vx7 SR610) are affected by one or more of the CVE numbers detailed below.', 'All versions of the discontinued product Advanced Networking Technology (ANT) are likely affected by one or more of the CVE numbers below', 'OSE by ENEA, INTEGRITY RTOS by Green Hills Software, ITRON, ZebOS by IP Infusion, and VxWorks by Wind River - Older, end-of-life versions of VxWorks back to 6.5 are also affected by one or more of the CVE numbers below.', 'OSE by ENEA, INTEGRITY RTOS by Green Hills Software, ITRON, ZebOS by IP Infusion, and VxWorks by Wind River - The VxWorks bootrom network stack leverages the same IPnet source as VxWorks, as a result, is also technically vulnerable to CVE-2019-12256. The same patches and mitigations apply to VxWorks and the bootrom network stack;;I;hospital;CVSS:4.0/AV:A/AC:L/AT:P/PR:N/UI:P/VC:L/VI:N/VA:H/SC:N/SI:N/SA:H/E:U/CR:L/IR:M/AR:M;;1.9;N/A;CVSS:4.0/AV:A/AC:L/AT:P/PR:N/UI:P/VC:L/VI:N/VA:H/SC:N/SI:N/SA:H/E:U;3.7
CVE-2019-12262;CVSS:4.0/AV:A/AC:L/AT:N/PR:N/UI:N/VC:L/VI:N/VA:H/SC:N/SI:N/SA:L;CVSS:3.0/AV:A/AC:L/PR:N/UI:N/S:U/C:L/I:N/A:H;7.1;7.1;U;0.0031;['OSE by ENEA, INTEGRITY RTOS by Green Hills Software, ITRON, ZebOS by IP Infusion, and VxWorks by Wind River - The Interpeak IPnet stack has been identified to be affected by CVE-2019-12255, CVE-2019-12262, and CVE-2019-12264.', 'OSE by ENEA, INTEGRITY RTOS by Green Hills Software, ITRON, ZebOS by IP Infusion, and VxWorks by Wind River - ENEA reports that OSE4 and OSE5 may have been bundled with Interpeak IPnet from 2004-2006. In 2007, ENEA replaced Interpeak IPnet with OSENet.', 'ENEA OSE 5', 'OSE by ENEA, INTEGRITY RTOS by Green Hills Software, ITRON, ZebOS by IP Infusion, and VxWorks by Wind River - Green Hills Software reports Interpeak IPnet was a third-party add-on for INTREGRITY RTOS from 2003-2006.', 'All versions of VxWorks under CURRENT support (6.9.4.11, Vx7 SR540, Vx7 SR610) are affected by one or more of the CVE numbers detailed below.', 'All versions of the discontinued product Advanced Networking Technology (ANT) are likely affected by one or more of the CVE numbers below', 'OSE by ENEA, INTEGRITY RTOS by Green Hills Software, ITRON, ZebOS by IP Infusion, and VxWorks by Wind River - Older, end-of-life versions of VxWorks back to 6.5 are also affected by one or more of the CVE numbers below.', 'OSE by ENEA, INTEGRITY RTOS by Green Hills Software, ITRON, ZebOS by IP Infusion, and VxWorks by Wind River - The VxWorks bootrom network stack leverages the same IPnet source as VxWorks, as a result, is also technically vulnerable to CVE-2019-12256. The same patches and mitigations apply to VxWorks and the bootrom network stack;;I;hospital;CVSS:4.0/AV:A/AC:L/AT:N/PR:N/UI:N/VC:L/VI:N/VA:H/SC:N/SI:N/SA:L/E:U/CR:L/IR:M/AR:M;;2.3;N/A;CVSS:4.0/AV:A/AC:L/AT:N/PR:N/UI:N/VC:L/VI:N/VA:H/SC:N/SI:N/SA:L/E:U;5.0
CVE-2019-12259;CVSS:4.0/AV:A/AC:L/AT:P/PR:N/UI:N/VC:L/VI:N/VA:H/SC:N/SI:N/SA:H;CVSS:3.0/AV:A/AC:L/PR:N/UI:R/S:U/C:L/I:N/A:H;7.0;6.3;U;0.09755;['OSE by ENEA, INTEGRITY RTOS by Green Hills Software, ITRON, ZebOS by IP Infusion, and VxWorks by Wind River - The Interpeak IPnet stack has been identified to be affected by CVE-2019-12255, CVE-2019-12262, and CVE-2019-12264.', 'OSE by ENEA, INTEGRITY RTOS by Green Hills Software, ITRON, ZebOS by IP Infusion, and VxWorks by Wind River - ENEA reports that OSE4 and OSE5 may have been bundled with Interpeak IPnet from 2004-2006. In 2007, ENEA replaced Interpeak IPnet with OSENet.', 'ENEA OSE 5', 'OSE by ENEA, INTEGRITY RTOS by Green Hills Software, ITRON, ZebOS by IP Infusion, and VxWorks by Wind River - Green Hills Software reports Interpeak IPnet was a third-party add-on for INTREGRITY RTOS from 2003-2006.', 'All versions of VxWorks under CURRENT support (6.9.4.11, Vx7 SR540, Vx7 SR610) are affected by one or more of the CVE numbers detailed below.', 'All versions of the discontinued product Advanced Networking Technology (ANT) are likely affected by one or more of the CVE numbers below', 'OSE by ENEA, INTEGRITY RTOS by Green Hills Software, ITRON, ZebOS by IP Infusion, and VxWorks by Wind River - Older, end-of-life versions of VxWorks back to 6.5 are also affected by one or more of the CVE numbers below.', 'OSE by ENEA, INTEGRITY RTOS by Green Hills Software, ITRON, ZebOS by IP Infusion, and VxWorks by Wind River - The VxWorks bootrom network stack leverages the same IPnet source as VxWorks, as a result, is also technically vulnerable to CVE-2019-12256. The same patches and mitigations apply to VxWorks and the bootrom network stack;;I;hospital;CVSS:4.0/AV:A/AC:L/AT:P/PR:N/UI:N/VC:L/VI:N/VA:H/SC:N/SI:N/SA:H/E:U/CR:L/IR:M/AR:M;;2.0;N/A;CVSS:4.0/AV:A/AC:L/AT:P/PR:N/UI:N/VC:L/VI:N/VA:H/SC:N/SI:N/SA:H/E:U;3.9
CVE-2019-12265;CVSS:4.0/AV:A/AC:L/AT:N/PR:N/UI:N/VC:L/VI:N/VA:L/SC:N/SI:N/SA:N;CVSS:3.0/AV:A/AC:L/PR:N/UI:N/S:U/C:L/I:N/A:L;5.3;5.4;U;0.04585;['OSE by ENEA, INTEGRITY RTOS by Green Hills Software, ITRON, ZebOS by IP Infusion, and VxWorks by Wind River - The Interpeak IPnet stack has been identified to be affected by CVE-2019-12255, CVE-2019-12262, and CVE-2019-12264.', 'OSE by ENEA, INTEGRITY RTOS by Green Hills Software, ITRON, ZebOS by IP Infusion, and VxWorks by Wind River - ENEA reports that OSE4 and OSE5 may have been bundled with Interpeak IPnet from 2004-2006. In 2007, ENEA replaced Interpeak IPnet with OSENet.', 'ENEA OSE 5', 'OSE by ENEA, INTEGRITY RTOS by Green Hills Software, ITRON, ZebOS by IP Infusion, and VxWorks by Wind River - Green Hills Software reports Interpeak IPnet was a third-party add-on for INTREGRITY RTOS from 2003-2006.', 'All versions of VxWorks under CURRENT support (6.9.4.11, Vx7 SR540, Vx7 SR610) are affected by one or more of the CVE numbers detailed below.', 'All versions of the discontinued product Advanced Networking Technology (ANT) are likely affected by one or more of the CVE numbers below', 'OSE by ENEA, INTEGRITY RTOS by Green Hills Software, ITRON, ZebOS by IP Infusion, and VxWorks by Wind River - Older, end-of-life versions of VxWorks back to 6.5 are also affected by one or more of the CVE numbers below.', 'OSE by ENEA, INTEGRITY RTOS by Green Hills Software, ITRON, ZebOS by IP Infusion, and VxWorks by Wind River - The VxWorks bootrom network stack leverages the same IPnet source as VxWorks, as a result, is also technically vulnerable to CVE-2019-12256. The same patches and mitigations apply to VxWorks and the bootrom network stack;;I;hospital;CVSS:4.0/AV:A/AC:L/AT:N/PR:N/UI:N/VC:L/VI:N/VA:L/SC:N/SI:N/SA:N/E:U/CR:L/IR:M/AR:M;;1.3;N/A;CVSS:4.0/AV:A/AC:L/AT:N/PR:N/UI:N/VC:L/VI:N/VA:L/SC:N/SI:N/SA:N/E:U;1.3
CVE-2019-13546;CVSS:4.0/AV:L/AC:L/AT:P/PR:L/UI:N/VC:H/VI:L/VA:N/SC:H/SI:L/SA:N;CVSS:3.0/AV:L/AC:L/PR:L/UI:N/S:U/C:H/I:L/A:N;6.9;6.1;U;0.00094;['IntelliSpace Perinatal: Versions K and prior'];;IIa;hospital;CVSS:4.0/AV:L/AC:L/AT:P/PR:L/UI:N/VC:H/VI:L/VA:N/SC:H/SI:L/SA:N/E:U/CR:L/IR:M/AR:M/MSI:S;;4.1;N/A;CVSS:4.0/AV:L/AC:L/AT:P/PR:L/UI:N/VC:H/VI:L/VA:N/SC:H/SI:L/SA:N/E:U;3.6
CVE-2019-13531;CVSS:4.0/AV:P/AC:H/AT:N/PR:N/UI:N/VC:N/VI:H/VA:L/SC:L/SI:L/SA:N;CVSS:3.0/AV:P/AC:H/PR:N/UI:N/S:U/C:N/I:H/A:L;4.3;4.8;U;0.00039;['Valleylab FT10 Valleylab LS10: Version 1.20.2 and lower', 'Valleylab FT10 Energy Platform (VLFT10GEN): <= 2.1.0', 'Valleylab FT10 Valleylab LS10: Version 2.0.3 and lower'];;IIb;hospital;CVSS:4.0/AV:P/AC:H/AT:N/PR:N/UI:N/VC:N/VI:H/VA:L/SC:L/SI:L/SA:N/E:U/CR:L/IR:M/AR:M/MSI:S;;1.5;N/A;CVSS:4.0/AV:P/AC:H/AT:N/PR:N/UI:N/VC:N/VI:H/VA:L/SC:L/SI:L/SA:N/E:U;0.7
CVE-2019-13535;CVSS:4.0/AV:P/AC:L/AT:N/PR:N/UI:N/VC:H/VI:N/VA:N/SC:L/SI:L/SA:N;CVSS:3.0/AV:P/AC:L/PR:N/UI:N/S:U/C:H/I:N/A:N;5.1;4.6;U;0.00088;['Valleylab FT10 Valleylab LS10: Version 1.20.2 and lower', 'Valleylab FT10 Energy Platform (VLFT10GEN): <= 2.1.0', 'Valleylab FT10 Valleylab LS10: Version 2.0.3 and lower'];;IIb;hospital;CVSS:4.0/AV:P/AC:L/AT:N/PR:N/UI:N/VC:H/VI:N/VA:N/SC:L/SI:L/SA:N/E:U/CR:L/IR:M/AR:M/MSI:S;;3.7;N/A;CVSS:4.0/AV:P/AC:L/AT:N/PR:N/UI:N/VC:H/VI:N/VA:N/SC:L/SI:L/SA:N/E:U;1.7
CVE-2019-13543;CVSS:4.0/AV:N/AC:L/AT:N/PR:N/UI:N/VC:L/VI:N/VA:N/SC:H/SI:N/SA:N;CVSS:3.0/AV:N/AC:L/PR:N/UI:N/S:C/C:L/I:N/A:N;7.7;5.8;U;0.00169;['Valleylab FX8 Energy Platform (VLFX8GEN) software: Version 1.1.0 and below', 'Valleylab FT10 Energy Platform (VLFT10GEN) software: Version 4.0.0 and below', 'Valleylab Exchange Client: Version 3.4 and below'];;IIb;hospital;CVSS:4.0/AV:N/AC:L/AT:N/PR:N/UI:N/VC:L/VI:N/VA:N/SC:H/SI:N/SA:N/E:U/CR:L/IR:M/AR:M;;4.4;N/A;CVSS:4.0/AV:N/AC:L/AT:N/PR:N/UI:N/VC:L/VI:N/VA:N/SC:H/SI:N/SA:N/E:U;4.4
CVE-2019-13539;CVSS:4.0/AV:L/AC:H/AT:P/PR:L/UI:N/VC:H/VI:H/VA:H/SC:H/SI:L/SA:N;CVSS:3.0/AV:L/AC:H/PR:L/UI:N/S:U/C:H/I:H/A:H;8.6;7.0;U;0.00043;['Valleylab FX8 Energy Platform (VLFX8GEN) software: Version 1.1.0 and below', 'Valleylab FT10 Energy Platform (VLFT10GEN) software: Version 4.0.0 and below', 'Valleylab Exchange Client: Version 3.4 and below'];;IIb;hospital;CVSS:4.0/AV:L/AC:H/AT:P/PR:L/UI:N/VC:H/VI:H/VA:H/SC:H/SI:L/SA:N/E:U/CR:L/IR:M/AR:M/MSI:S;;6.3;N/A;CVSS:4.0/AV:L/AC:H/AT:P/PR:L/UI:N/VC:H/VI:H/VA:H/SC:H/SI:L/SA:N/E:U;5.6
CVE-2019-3464;CVSS:4.0/AV:N/AC:L/AT:P/PR:N/UI:N/VC:H/VI:H/VA:H/SC:H/SI:H/SA:H;CVSS:3.0/AV:N/AC:L/PR:N/UI:N/S:U/C:H/I:H/A:H;9.5;9.8;U;0.07932;['Valleylab FX8 Energy Platform (VLFX8GEN) software: Version 1.1.0 and below', 'Valleylab FT10 Energy Platform (VLFT10GEN) software: Version 4.0.0 and below', 'Valleylab Exchange Client: Version 3.4 and below'];;IIb;hospital;CVSS:4.0/AV:N/AC:L/AT:P/PR:N/UI:N/VC:H/VI:H/VA:H/SC:H/SI:H/SA:H/E:U/CR:L/IR:M/AR:M/MSI:S/MSA:S;;8.4;N/A;CVSS:4.0/AV:N/AC:L/AT:P/PR:N/UI:N/VC:H/VI:H/VA:H/SC:H/SI:H/SA:H/E:U;8.4
CVE-2019-18241;CVSS:4.0/AV:A/AC:L/AT:N/PR:N/UI:N/VC:L/VI:L/VA:L/SC:L/SI:L/SA:L;CVSS:3.0/AV:A/AC:L/PR:N/UI:N/S:U/C:L/I:L/A:L;5.3;6.3;U;0.00051;['IntelliBridge EC80 Hub: all versions', 'IntelliBridge EC40 Hub: all versions'];;I;hospital;CVSS:4.0/AV:A/AC:L/AT:N/PR:N/UI:N/VC:L/VI:L/VA:L/SC:L/SI:L/SA:L/E:U/CR:L/IR:M/AR:M;;1.3;N/A;CVSS:4.0/AV:A/AC:L/AT:N/PR:N/UI:N/VC:L/VI:L/VA:L/SC:L/SI:L/SA:L/E:U;1.3
CVE-2019-18263;CVSS:4.0/AV:A/AC:H/AT:N/PR:N/UI:N/VC:N/VI:N/VA:H/SC:H/SI:L/SA:N;CVSS:3.0/AV:A/AC:H/PR:N/UI:N/S:U/C:N/I:N/A:H;7.1;5.3;U;0.0002;['Pulsera (718095) and Endura (718075): with wireless option (shipped between 26-June-2017 through 07-August 2018)', 'Veradius Unity (718132): with ViewForum option (shipped between 2016-August 2018)', 'Veradius Unity (718132): with wireless option (shipped between 2016-August 2018)', 'Pulsera (718095) and Endura (718075): with ViewForum option (shipped between 26-June-2017 through 07-August 2018)'];;IIa;both;CVSS:4.0/AV:A/AC:H/AT:N/PR:N/UI:N/VC:N/VI:N/VA:H/SC:H/SI:L/SA:N/E:U/CR:L/IR:M/AR:M/MSI:S;CVSS:4.0/AV:A/AC:H/AT:N/PR:N/UI:N/VC:N/VI:N/VA:H/SC:H/SI:L/SA:N/E:U/CR:H/IR:H/AR:H/MSI:S;4.6;5.9;CVSS:4.0/AV:A/AC:H/AT:N/PR:N/UI:N/VC:N/VI:N/VA:H/SC:H/SI:L/SA:N/E:U;3.9
CVE-2020-6961;CVSS:4.0/AV:N/AC:L/AT:N/PR:N/UI:N/VC:H/VI:H/VA:H/SC:H/SI:L/SA:N;CVSS:3.0/AV:N/AC:L/PR:N/UI:N/S:C/C:H/I:H/A:H;9.9;10.0;U;0.0028;['B450: Version 2.X (Impacted by CVE-2020- 6962 and CVE-2020-6965)', 'B850: Version 2.X (Impacted by CVE-2020- 6962 and CVE-2020-6965)', 'B650: Version 1.X (Impacted by CVE-2020- 6962 and CVE-2020-6965)', 'CARESCAPE Central Station (CSCS): Versions 2.X (Impacted by CVE-2020- 6962 and CVE-2020-6964)', 'ApexPro Telemetry Server: Versions 4.2 and prior', 'CARESCAPE Telemetry Server: Version 4.3 (Impacted by CVE-2020- 6962 and CVE-2020-6961)', 'CARESCAPE Central Station (CSCS): Versions 1.X', 'B850: Version 1.X (Impacted by CVE-2020- 6962 and CVE-2020-6965)', 'CARESCAPE Telemetry Server: Versions 4.2 and prior', 'B650: Version 2.X (Impacted by CVE-2020- 6962 and CVE-2020-6965)', 'Clinical Information Center (CIC): Versions 4.X and 5.X'];;I;hospital;CVSS:4.0/AV:N/AC:L/AT:N/PR:N/UI:N/VC:H/VI:H/VA:H/SC:H/SI:L/SA:N/E:U/CR:L/IR:M/AR:M;;7.8;N/A;CVSS:4.0/AV:N/AC:L/AT:N/PR:N/UI:N/VC:H/VI:H/VA:H/SC:H/SI:L/SA:N/E:U;9.0
CVE-2020-6962;CVSS:4.0/AV:N/AC:L/AT:N/PR:N/UI:N/VC:H/VI:H/VA:H/SC:H/SI:H/SA:H;CVSS:3.0/AV:N/AC:L/PR:N/UI:N/S:C/C:H/I:H/A:H;10.0;10.0;U;0.00664;['B450: Version 2.X (Impacted by CVE-2020- 6962 and CVE-2020-6965)', 'B850: Version 2.X (Impacted by CVE-2020- 6962 and CVE-2020-6965)', 'B650: Version 1.X (Impacted by CVE-2020- 6962 and CVE-2020-6965)', 'CARESCAPE Central Station (CSCS): Versions 2.X (Impacted by CVE-2020- 6962 and CVE-2020-6964)', 'ApexPro Telemetry Server: Versions 4.2 and prior', 'CARESCAPE Telemetry Server: Version 4.3 (Impacted by CVE-2020- 6962 and CVE-2020-6961)', 'CARESCAPE Central Station (CSCS): Versions 1.X', 'B850: Version 1.X (Impacted by CVE-2020- 6962 and CVE-2020-6965)', 'CARESCAPE Telemetry Server: Versions 4.2 and prior', 'B650: Version 2.X (Impacted by CVE-2020- 6962 and CVE-2020-6965)', 'Clinical Information Center (CIC): Versions 4.X and 5.X'];;I;hospital;CVSS:4.0/AV:N/AC:L/AT:N/PR:N/UI:N/VC:H/VI:H/VA:H/SC:H/SI:H/SA:H/E:U/CR:L/IR:M/AR:M;;8.0;N/A;CVSS:4.0/AV:N/AC:L/AT:N/PR:N/UI:N/VC:H/VI:H/VA:H/SC:H/SI:H/SA:H/E:U;9.1
CVE-2020-6963;CVSS:4.0/AV:N/AC:L/AT:N/PR:N/UI:N/VC:H/VI:H/VA:H/SC:H/SI:H/SA:H;CVSS:3.0/AV:N/AC:L/PR:N/UI:N/S:C/C:H/I:H/A:H;10.0;10.0;U;0.00608;['B450: Version 2.X (Impacted by CVE-2020- 6962 and CVE-2020-6965)', 'B850: Version 2.X (Impacted by CVE-2020- 6962 and CVE-2020-6965)', 'B650: Version 1.X (Impacted by CVE-2020- 6962 and CVE-2020-6965)', 'CARESCAPE Central Station (CSCS): Versions 2.X (Impacted by CVE-2020- 6962 and CVE-2020-6964)', 'ApexPro Telemetry Server: Versions 4.2 and prior', 'CARESCAPE Telemetry Server: Version 4.3 (Impacted by CVE-2020- 6962 and CVE-2020-6961)', 'CARESCAPE Central Station (CSCS): Versions 1.X', 'B850: Version 1.X (Impacted by CVE-2020- 6962 and CVE-2020-6965)', 'CARESCAPE Telemetry Server: Versions 4.2 and prior', 'B650: Version 2.X (Impacted by CVE-2020- 6962 and CVE-2020-6965)', 'Clinical Information Center (CIC): Versions 4.X and 5.X'];;I;hospital;CVSS:4.0/AV:N/AC:L/AT:N/PR:N/UI:N/VC:H/VI:H/VA:H/SC:H/SI:H/SA:H/E:U/CR:L/IR:M/AR:M;;8.0;N/A;CVSS:4.0/AV:N/AC:L/AT:N/PR:N/UI:N/VC:H/VI:H/VA:H/SC:H/SI:H/SA:H/E:U;9.1
CVE-2020-6964;CVSS:4.0/AV:N/AC:L/AT:N/PR:N/UI:N/VC:H/VI:H/VA:H/SC:H/SI:L/SA:N;CVSS:3.0/AV:N/AC:L/PR:N/UI:N/S:C/C:H/I:H/A:H;9.9;10.0;U;0.00147;['B450: Version 2.X (Impacted by CVE-2020- 6962 and CVE-2020-6965)', 'B850: Version 2.X (Impacted by CVE-2020- 6962 and CVE-2020-6965)', 'B650: Version 1.X (Impacted by CVE-2020- 6962 and CVE-2020-6965)', 'CARESCAPE Central Station (CSCS): Versions 2.X (Impacted by CVE-2020- 6962 and CVE-2020-6964)', 'ApexPro Telemetry Server: Versions 4.2 and prior', 'CARESCAPE Telemetry Server: Version 4.3 (Impacted by CVE-2020- 6962 and CVE-2020-6961)', 'CARESCAPE Central Station (CSCS): Versions 1.X', 'B850: Version 1.X (Impacted by CVE-2020- 6962 and CVE-2020-6965)', 'CARESCAPE Telemetry Server: Versions 4.2 and prior', 'B650: Version 2.X (Impacted by CVE-2020- 6962 and CVE-2020-6965)', 'Clinical Information Center (CIC): Versions 4.X and 5.X'];;I;hospital;CVSS:4.0/AV:N/AC:L/AT:N/PR:N/UI:N/VC:H/VI:H/VA:H/SC:H/SI:L/SA:N/E:U/CR:L/IR:M/AR:M;;7.8;N/A;CVSS:4.0/AV:N/AC:L/AT:N/PR:N/UI:N/VC:H/VI:H/VA:H/SC:H/SI:L/SA:N/E:U;9.0
CVE-2020-6965;CVSS:4.0/AV:N/AC:H/AT:N/PR:L/UI:N/VC:H/VI:H/VA:H/SC:L/SI:L/SA:L;CVSS:3.0/AV:N/AC:H/PR:L/UI:N/S:C/C:H/I:H/A:H;7.7;8.5;U;0.00452;['B450: Version 2.X (Impacted by CVE-2020- 6962 and CVE-2020-6965)', 'B850: Version 2.X (Impacted by CVE-2020- 6962 and CVE-2020-6965)', 'B650: Version 1.X (Impacted by CVE-2020- 6962 and CVE-2020-6965)', 'CARESCAPE Central Station (CSCS): Versions 2.X (Impacted by CVE-2020- 6962 and CVE-2020-6964)', 'ApexPro Telemetry Server: Versions 4.2 and prior', 'CARESCAPE Telemetry Server: Version 4.3 (Impacted by CVE-2020- 6962 and CVE-2020-6961)', 'CARESCAPE Central Station (CSCS): Versions 1.X', 'B850: Version 1.X (Impacted by CVE-2020- 6962 and CVE-2020-6965)', 'CARESCAPE Telemetry Server: Versions 4.2 and prior', 'B650: Version 2.X (Impacted by CVE-2020- 6962 and CVE-2020-6965)', 'Clinical Information Center (CIC): Versions 4.X and 5.X'];;I;hospital;CVSS:4.0/AV:N/AC:H/AT:N/PR:L/UI:N/VC:H/VI:H/VA:H/SC:L/SI:L/SA:L/E:U/CR:L/IR:M/AR:M;;2.9;N/A;CVSS:4.0/AV:N/AC:H/AT:N/PR:L/UI:N/VC:H/VI:H/VA:H/SC:L/SI:L/SA:L/E:U;5.2
CVE-2020-6966;CVSS:4.0/AV:N/AC:L/AT:N/PR:N/UI:N/VC:H/VI:H/VA:H/SC:H/SI:H/SA:H;CVSS:3.0/AV:N/AC:L/PR:N/UI:N/S:C/C:H/I:H/A:H;10.0;10.0;U;0.00212;['B450: Version 2.X (Impacted by CVE-2020- 6962 and CVE-2020-6965)', 'B850: Version 2.X (Impacted by CVE-2020- 6962 and CVE-2020-6965)', 'B650: Version 1.X (Impacted by CVE-2020- 6962 and CVE-2020-6965)', 'CARESCAPE Central Station (CSCS): Versions 2.X (Impacted by CVE-2020- 6962 and CVE-2020-6964)', 'ApexPro Telemetry Server: Versions 4.2 and prior', 'CARESCAPE Telemetry Server: Version 4.3 (Impacted by CVE-2020- 6962 and CVE-2020-6961)', 'CARESCAPE Central Station (CSCS): Versions 1.X', 'B850: Version 1.X (Impacted by CVE-2020- 6962 and CVE-2020-6965)', 'CARESCAPE Telemetry Server: Versions 4.2 and prior', 'B650: Version 2.X (Impacted by CVE-2020- 6962 and CVE-2020-6965)', 'Clinical Information Center (CIC): Versions 4.X and 5.X'];;I;hospital;CVSS:4.0/AV:N/AC:L/AT:N/PR:N/UI:N/VC:H/VI:H/VA:H/SC:H/SI:H/SA:H/E:U/CR:L/IR:M/AR:M;;8.0;N/A;CVSS:4.0/AV:N/AC:L/AT:N/PR:N/UI:N/VC:H/VI:H/VA:H/SC:H/SI:H/SA:H/E:U;9.1
CVE-2019-0708;CVSS:4.0/AV:N/AC:L/AT:N/PR:N/UI:N/VC:H/VI:H/VA:H/SC:H/SI:H/SA:H;CVSS:3.0/AV:N/AC:L/PR:N/UI:N/S:U/C:H/I:H/A:H;10.0;9.8;A;0.94475;['Windows Server 2003: all Service Pack versions', 'Windows XP: all Service Pack versions', 'Windows Server 2008: all Service Pack versions', 'Xhibit Telemetry Receiver (XTR) Model number 96280: v1.0.2', 'Windows 2000: all Service Pack versions', 'Windows 7: all Service Pack versions', 'Windows Vista: all Service Pack versions', 'Windows Server 2003 R2: all Service Pack versions', 'Windows Server 2008 R2: all Service Pack versions', 'Arkon (99999): all versions previously sold by Spacelabs no longer a supported product'];;I;both;CVSS:4.0/AV:N/AC:L/AT:N/PR:N/UI:N/VC:H/VI:H/VA:H/SC:H/SI:H/SA:H/E:A/CR:L/IR:M/AR:M;CVSS:4.0/AV:N/AC:L/AT:N/PR:N/UI:N/VC:H/VI:H/VA:H/SC:H/SI:H/SA:H/E:A/CR:H/IR:H/AR:H;9.6;10.0;CVSS:4.0/AV:N/AC:L/AT:N/PR:N/UI:N/VC:H/VI:H/VA:H/SC:H/SI:H/SA:H/E:A;10.0
CVE-2020-6977;CVSS:4.0/AV:L/AC:L/AT:P/PR:N/UI:N/VC:H/VI:H/VA:H/SC:H/SI:H/SA:H;CVSS:3.1/AV:L/AC:L/PR:N/UI:N/S:U/C:H/I:H/A:H;8.9;8.4;U;0.00038;['GE Healthcare Vivid products, not including EchoPAC: vers:all/*', 'GE Healthcare LOGIQ, not including LOGIQ 100 Pro: vers:all/*', 'GE Healthcare Voluson, not including ImageVault: vers:all/*', 'GE Healthcare Versana Essential: vers:all/*', 'GE Healthcare Invenia ABUS Scan station, not including VScan product line: vers:all/*', 'GE Healthcare Venue, not including Venue 40 R1-3 and Venue 50 R4-5: vers:all/*'];;IIa;hospital;CVSS:4.0/AV:L/AC:L/AT:P/PR:N/UI:N/VC:H/VI:H/VA:H/SC:H/SI:H/SA:H/E:U/CR:L/IR:M/AR:M/MSI:S/MSA:S;;6.8;N/A;CVSS:4.0/AV:L/AC:L/AT:P/PR:N/UI:N/VC:H/VI:H/VA:H/SC:H/SI:H/SA:H/E:U;5.9
CVE-2024-1486;CVSS:4.0/AV:L/AC:H/AT:P/PR:N/UI:N/VC:H/VI:H/VA:H/SC:H/SI:H/SA:L;CVSS:3.1/AV:L/AC:H/PR:N/UI:N/S:U/C:H/I:H/A:H;8.8;7.4;U;0.00027;['GE Healthcare Vivid products, not including EchoPAC: vers:all/*', 'GE Healthcare LOGIQ, not including LOGIQ 100 Pro: vers:all/*', 'GE Healthcare Voluson, not including ImageVault: vers:all/*', 'GE Healthcare Versana Essential: vers:all/*', 'GE Healthcare Invenia ABUS Scan station, not including VScan product line: vers:all/*', 'GE Healthcare Venue, not including Venue 40 R1-3 and Venue 50 R4-5: vers:all/*'];;IIa;hospital;CVSS:4.0/AV:L/AC:H/AT:P/PR:N/UI:N/VC:H/VI:H/VA:H/SC:H/SI:H/SA:L/E:U/CR:L/IR:M/AR:M/MSI:S/MSA:S;;6.8;N/A;CVSS:4.0/AV:L/AC:H/AT:P/PR:N/UI:N/VC:H/VI:H/VA:H/SC:H/SI:H/SA:L/E:U;5.9
CVE-2020-10627;CVSS:4.0/AV:L/AC:L/AT:N/PR:N/UI:N/VC:L/VI:H/VA:L/SC:L/SI:H/SA:L;CVSS:3.0/AV:L/AC:L/PR:N/UI:N/S:U/C:L/I:H/A:L;8.4;7.3;U;0.00085;['Omnipod Insulin Management System: UDI/Model/NDC number ZXP425 (10-Pack) and ZXR425 (10-Pack Canada)', 'Omnipod Insulin Management System: Product ID/Reorder number 19191 and 40160'];;IIb;both;CVSS:4.0/AV:L/AC:L/AT:N/PR:N/UI:N/VC:L/VI:H/VA:L/SC:L/SI:H/SA:L/E:U/CR:L/IR:M/AR:M/MSI:S/MSA:S;CVSS:4.0/AV:L/AC:L/AT:N/PR:N/UI:N/VC:L/VI:H/VA:L/SC:L/SI:H/SA:L/E:U/CR:H/IR:H/AR:H/MSI:S/MSA:S;6.4;7.4;CVSS:4.0/AV:L/AC:L/AT:N/PR:N/UI:N/VC:L/VI:H/VA:L/SC:L/SI:H/SA:L/E:U;5.7
CVE-2020-10598;CVSS:4.0/AV:P/AC:L/AT:P/PR:N/UI:N/VC:H/VI:H/VA:H/SC:H/SI:N/SA:N;CVSS:3.0/AV:P/AC:L/PR:N/UI:N/S:U/C:H/I:H/A:H;6.8;6.8;U;0.00063;['Pyxis Anesthesia (PAS) ES System: v1.6.1', 'Pyxis MedStation ES System: v1.6.1'];;IIa;hospital;CVSS:4.0/AV:P/AC:L/AT:P/PR:N/UI:N/VC:H/VI:H/VA:H/SC:H/SI:N/SA:N/E:U/CR:L/IR:M/AR:M;;1.5;N/A;CVSS:4.0/AV:P/AC:L/AT:P/PR:N/UI:N/VC:H/VI:H/VA:H/SC:H/SI:N/SA:N/E:U;3.3
CVE-2020-12023;CVSS:4.0/AV:A/AC:H/AT:P/PR:H/UI:N/VC:L/VI:N/VA:N/SC:L/SI:N/SA:N;CVSS:3.0/AV:A/AC:H/PR:H/UI:N/S:U/C:L/I:N/A:N;2.0;2.0;U;0.00076;['IntelliBridge Enterprise system integration with IntelliVue Guardian: (IGS)', 'IntelliBridge Enterprise system integration with SureSigns: (VS4)', 'IntelliBridge Enterprise system integration with EarlyVue: (VS30)', 'IntelliBridge Enterprise (IBE): Versions B.12 and prior'];;IIa;hospital;CVSS:4.0/AV:A/AC:H/AT:P/PR:H/UI:N/VC:L/VI:N/VA:N/SC:L/SI:N/SA:N/E:U/CR:L/IR:M/AR:M;;0.4;N/A;CVSS:4.0/AV:A/AC:H/AT:P/PR:H/UI:N/VC:L/VI:N/VA:N/SC:L/SI:N/SA:N/E:U;0.4
CVE-2020-12016;CVSS:4.0/AV:N/AC:H/AT:N/PR:N/UI:N/VC:H/VI:H/VA:H/SC:H/SI:N/SA:N;CVSS:3.0/AV:N/AC:H/PR:N/UI:N/S:U/C:H/I:H/A:H;9.4;8.1;U;0.00206;['ExactaMix EM2400: Versions 1.10 1.11 1.13 1.14', 'ExactaMix EM1200: Versions 1.1 1.2 1.4 1.5'];;IIb;hospital;CVSS:4.0/AV:N/AC:H/AT:N/PR:N/UI:N/VC:H/VI:H/VA:H/SC:H/SI:N/SA:N/E:U/CR:L/IR:M/AR:M;;6.6;N/A;CVSS:4.0/AV:N/AC:H/AT:N/PR:N/UI:N/VC:H/VI:H/VA:H/SC:H/SI:N/SA:N/E:U;8.1
CVE-2020-12012;CVSS:4.0/AV:P/AC:L/AT:N/PR:N/UI:N/VC:H/VI:H/VA:H/SC:H/SI:H/SA:N;CVSS:3.0/AV:P/AC:L/PR:N/UI:N/S:U/C:H/I:H/A:H;8.4;6.8;U;0.00067;['ExactaMix EM2400: Versions 1.10 1.11 1.13 1.14', 'ExactaMix EM1200: Versions 1.1 1.2 1.4 1.5'];;IIb;hospital;CVSS:4.0/AV:P/AC:L/AT:N/PR:N/UI:N/VC:H/VI:H/VA:H/SC:H/SI:H/SA:N/E:U/CR:L/IR:M/AR:M/MSI:S;;5.4;N/A;CVSS:4.0/AV:P/AC:L/AT:N/PR:N/UI:N/VC:H/VI:H/VA:H/SC:H/SI:H/SA:N/E:U;5.4
CVE-2020-12008;CVSS:4.0/AV:N/AC:L/AT:N/PR:N/UI:N/VC:H/VI:N/VA:N/SC:H/SI:N/SA:N;CVSS:3.0/AV:N/AC:L/PR:N/UI:N/S:U/C:H/I:N/A:N;9.2;7.5;U;0.00114;['ExactaMix EM2400: Versions 1.10 1.11 1.13 1.14', 'ExactaMix EM1200: Versions 1.1 1.2 1.4 1.5'];;IIb;hospital;CVSS:4.0/AV:N/AC:L/AT:N/PR:N/UI:N/VC:H/VI:N/VA:N/SC:H/SI:N/SA:N/E:U/CR:L/IR:M/AR:M;;5.9;N/A;CVSS:4.0/AV:N/AC:L/AT:N/PR:N/UI:N/VC:H/VI:N/VA:N/SC:H/SI:N/SA:N/E:U;7.7
CVE-2020-12032;CVSS:4.0/AV:N/AC:H/AT:N/PR:N/UI:N/VC:H/VI:H/VA:H/SC:H/SI:L/SA:L;CVSS:3.0/AV:N/AC:H/PR:N/UI:N/S:U/C:H/I:H/A:H;9.5;8.1;U;0.0011;['ExactaMix EM2400: Versions 1.10 1.11 1.13 1.14', 'ExactaMix EM1200: Versions 1.1 1.2 1.4 1.5'];;IIb;hospital;CVSS:4.0/AV:N/AC:H/AT:N/PR:N/UI:N/VC:H/VI:H/VA:H/SC:H/SI:L/SA:L/E:U/CR:L/IR:M/AR:M/MSI:S/MSA:S;;8.4;N/A;CVSS:4.0/AV:N/AC:H/AT:N/PR:N/UI:N/VC:H/VI:H/VA:H/SC:H/SI:L/SA:L/E:U;8.2
CVE-2020-12024;CVSS:4.0/AV:P/AC:L/AT:N/PR:N/UI:N/VC:H/VI:H/VA:H/SC:H/SI:H/SA:H;CVSS:3.0/AV:P/AC:L/PR:N/UI:N/S:U/C:H/I:H/A:H;8.6;6.8;U;0.00067;['ExactaMix EM2400: Versions 1.10 1.11 1.13 1.14', 'ExactaMix EM1200: Versions 1.1 1.2 1.4 1.5'];;IIb;hospital;CVSS:4.0/AV:P/AC:L/AT:N/PR:N/UI:N/VC:H/VI:H/VA:H/SC:H/SI:H/SA:H/E:U/CR:L/IR:M/AR:M/MSI:S/MSA:S;;5.8;N/A;CVSS:4.0/AV:P/AC:L/AT:N/PR:N/UI:N/VC:H/VI:H/VA:H/SC:H/SI:H/SA:H/E:U;5.6
CVE-2020-12020;CVSS:4.0/AV:L/AC:L/AT:N/PR:L/UI:N/VC:N/VI:L/VA:H/SC:N/SI:N/SA:H;CVSS:3.0/AV:L/AC:L/PR:L/UI:N/S:U/C:N/I:L/A:H;8.2;6.1;U;0.00055;['ExactaMix EM2400: Versions 1.10 1.11 1.13 1.14', 'ExactaMix EM1200: Versions 1.1 1.2 1.4 1.5'];;IIb;hospital;CVSS:4.0/AV:L/AC:L/AT:N/PR:L/UI:N/VC:N/VI:L/VA:H/SC:N/SI:N/SA:H/E:U/CR:L/IR:M/AR:M/MSA:S;;6.0;N/A;CVSS:4.0/AV:L/AC:L/AT:N/PR:L/UI:N/VC:N/VI:L/VA:H/SC:N/SI:N/SA:H/E:U;5.5
CVE-2020-12036;CVSS:4.0/AV:N/AC:L/AT:P/PR:N/UI:N/VC:H/VI:N/VA:N/SC:H/SI:N/SA:N;CVSS:3.0/AV:N/AC:L/PR:N/UI:R/S:U/C:H/I:N/A:N;8.9;6.5;U;0.00079;['PrisMax: all versions prior to 3.x', 'PrismaFlex: all versions'];;IIb;hospital;CVSS:4.0/AV:N/AC:L/AT:P/PR:N/UI:N/VC:H/VI:N/VA:N/SC:H/SI:N/SA:N/E:U/CR:L/IR:M/AR:M;;4.5;N/A;CVSS:4.0/AV:N/AC:L/AT:P/PR:N/UI:N/VC:H/VI:N/VA:N/SC:H/SI:N/SA:N/E:U;6.3
CVE-2020-12035;CVSS:4.0/AV:N/AC:L/AT:P/PR:N/UI:N/VC:H/VI:L/VA:L/SC:N/SI:H/SA:N;CVSS:3.0/AV:N/AC:L/PR:N/UI:R/S:U/C:H/I:L/A:L;9.0;7.6;U;0.00047;['PrisMax: all versions prior to 3.x', 'PrismaFlex: all versions'];;IIb;hospital;CVSS:4.0/AV:N/AC:L/AT:P/PR:N/UI:N/VC:H/VI:L/VA:L/SC:N/SI:H/SA:N/E:U/CR:L/IR:M/AR:M/MSI:S;;6.6;N/A;CVSS:4.0/AV:N/AC:L/AT:P/PR:N/UI:N/VC:H/VI:L/VA:L/SC:N/SI:H/SA:N/E:U;6.4
CVE-2020-12037;CVSS:4.0/AV:P/AC:L/AT:N/PR:L/UI:N/VC:H/VI:L/VA:L/SC:H/SI:L/SA:L;CVSS:3.0/AV:P/AC:L/PR:L/UI:N/S:U/C:H/I:L/A:L;7.0;5.4;U;0.0007;['PrisMax: all versions prior to 3.x', 'PrismaFlex: all versions'];;IIb;hospital;CVSS:4.0/AV:P/AC:L/AT:N/PR:L/UI:N/VC:H/VI:L/VA:L/SC:H/SI:L/SA:L/E:U/CR:L/IR:M/AR:M/MSI:S/MSA:S;;4.7;N/A;CVSS:4.0/AV:P/AC:L/AT:N/PR:L/UI:N/VC:H/VI:L/VA:L/SC:H/SI:L/SA:L/E:U;4.1
CVE-2020-12048;CVSS:4.0/AV:N/AC:L/AT:P/PR:N/UI:N/VC:H/VI:N/VA:N/SC:H/SI:N/SA:N;CVSS:3.0/AV:N/AC:L/PR:N/UI:N/S:U/C:H/I:N/A:N;8.9;7.5;U;0.00061;['Phoenix Hemodialysis Delivery System :SW 3.36 and 3.40'];;IIb;hospital;CVSS:4.0/AV:N/AC:L/AT:P/PR:N/UI:N/VC:H/VI:N/VA:N/SC:H/SI:N/SA:N/E:U/CR:L/IR:M/AR:M;;4.5;N/A;CVSS:4.0/AV:N/AC:L/AT:P/PR:N/UI:N/VC:H/VI:N/VA:N/SC:H/SI:N/SA:N/E:U;6.3
CVE-2020-12039;CVSS:4.0/AV:P/AC:L/AT:N/PR:N/UI:N/VC:L/VI:L/VA:L/SC:H/SI:N/SA:N;CVSS:3.0/AV:P/AC:L/PR:N/UI:N/S:U/C:L/I:L/A:L;4.1;4.3;U;0.00055;['Baxter Spectrum: v8.x model 35700BAX2', 'Sigma Spectrum LVP: v6.x with Wireless Battery Modules v9 v11 v13 v14 v15 v16 v16D38 v17 v17D19 v20D29 to v20D32 and v22D24 to v22D28', 'Sigma Spectrum: v6.x model 35700BAX', 'Baxter Spectrum LVP: v8.x with Wireless Battery Modules v17 v17D19 v20D29 to v20D32 and v22D24 to v22D28', 'Baxter Spectrum: v9.x model 35700BAX3', 'Baxter Spectrum LVP: v9.x with Wireless Battery Module v22D19 to v22D28'];;IIb;hospital;CVSS:4.0/AV:P/AC:L/AT:N/PR:N/UI:N/VC:L/VI:L/VA:L/SC:H/SI:N/SA:N/E:U/CR:L/IR:M/AR:M;;0.8;N/A;CVSS:4.0/AV:P/AC:L/AT:N/PR:N/UI:N/VC:L/VI:L/VA:L/SC:H/SI:N/SA:N/E:U;0.8
CVE-2020-12040;CVSS:4.0/AV:N/AC:L/AT:N/PR:N/UI:N/VC:L/VI:L/VA:L/SC:L/SI:L/SA:L;CVSS:3.0/AV:N/AC:L/PR:N/UI:N/S:U/C:L/I:L/A:L;6.9;7.3;U;0.00177;['Baxter Spectrum: v8.x model 35700BAX2', 'Sigma Spectrum LVP: v6.x with Wireless Battery Modules v9 v11 v13 v14 v15 v16 v16D38 v17 v17D19 v20D29 to v20D32 and v22D24 to v22D28', 'Sigma Spectrum: v6.x model 35700BAX', 'Baxter Spectrum LVP: v8.x with Wireless Battery Modules v17 v17D19 v20D29 to v20D32 and v22D24 to v22D28', 'Baxter Spectrum: v9.x model 35700BAX3', 'Baxter Spectrum LVP: v9.x with Wireless Battery Module v22D19 to v22D28'];;IIb;hospital;CVSS:4.0/AV:N/AC:L/AT:N/PR:N/UI:N/VC:L/VI:L/VA:L/SC:L/SI:L/SA:L/E:U/CR:L/IR:M/AR:M/MSI:S/MSA:S;;7.1;N/A;CVSS:4.0/AV:N/AC:L/AT:N/PR:N/UI:N/VC:L/VI:L/VA:L/SC:L/SI:L/SA:L/E:U;2.7
CVE-2020-12045;CVSS:4.0/AV:N/AC:L/AT:P/PR:N/UI:N/VC:L/VI:L/VA:H/SC:N/SI:N/SA:L;CVSS:3.0/AV:N/AC:L/PR:N/UI:N/S:U/C:L/I:L/A:H;8.3;8.6;U;0.0028;['Baxter Spectrum: v8.x model 35700BAX2', 'Sigma Spectrum LVP: v6.x with Wireless Battery Modules v9 v11 v13 v14 v15 v16 v16D38 v17 v17D19 v20D29 to v20D32 and v22D24 to v22D28', 'Sigma Spectrum: v6.x model 35700BAX', 'Baxter Spectrum LVP: v8.x with Wireless Battery Modules v17 v17D19 v20D29 to v20D32 and v22D24 to v22D28', 'Baxter Spectrum: v9.x model 35700BAX3', 'Baxter Spectrum LVP: v9.x with Wireless Battery Module v22D19 to v22D28'];;IIb;hospital;CVSS:4.0/AV:N/AC:L/AT:P/PR:N/UI:N/VC:L/VI:L/VA:H/SC:N/SI:N/SA:L/E:U/CR:L/IR:M/AR:M/MSA:S;;6.6;N/A;CVSS:4.0/AV:N/AC:L/AT:P/PR:N/UI:N/VC:L/VI:L/VA:H/SC:N/SI:N/SA:L/E:U;4.9
CVE-2020-12041;CVSS:4.0/AV:N/AC:L/AT:N/PR:N/UI:N/VC:L/VI:L/VA:H/SC:L/SI:L/SA:H;CVSS:3.0/AV:N/AC:L/PR:N/UI:N/S:U/C:L/I:L/A:H;9.3;8.6;U;0.0028;['Baxter Spectrum: v8.x model 35700BAX2', 'Sigma Spectrum LVP: v6.x with Wireless Battery Modules v9 v11 v13 v14 v15 v16 v16D38 v17 v17D19 v20D29 to v20D32 and v22D24 to v22D28', 'Sigma Spectrum: v6.x model 35700BAX', 'Baxter Spectrum LVP: v8.x with Wireless Battery Modules v17 v17D19 v20D29 to v20D32 and v22D24 to v22D28', 'Baxter Spectrum: v9.x model 35700BAX3', 'Baxter Spectrum LVP: v9.x with Wireless Battery Module v22D19 to v22D28'];;IIb;hospital;CVSS:4.0/AV:N/AC:L/AT:N/PR:N/UI:N/VC:L/VI:L/VA:H/SC:L/SI:L/SA:H/E:U/CR:L/IR:M/AR:M/MSI:S/MSA:S;;8.2;N/A;CVSS:4.0/AV:N/AC:L/AT:N/PR:N/UI:N/VC:L/VI:L/VA:H/SC:L/SI:L/SA:H/E:U;7.9
CVE-2020-12047;CVSS:4.0/AV:N/AC:L/AT:P/PR:N/UI:N/VC:L/VI:L/VA:L/SC:H/SI:N/SA:N;CVSS:3.0/AV:N/AC:L/PR:N/UI:N/S:U/C:L/I:L/A:L;6.9;7.3;U;0.0028;['Baxter Spectrum: v8.x model 35700BAX2', 'Sigma Spectrum LVP: v6.x with Wireless Battery Modules v9 v11 v13 v14 v15 v16 v16D38 v17 v17D19 v20D29 to v20D32 and v22D24 to v22D28', 'Sigma Spectrum: v6.x model 35700BAX', 'Baxter Spectrum LVP: v8.x with Wireless Battery Modules v17 v17D19 v20D29 to v20D32 and v22D24 to v22D28', 'Baxter Spectrum: v9.x model 35700BAX3', 'Baxter Spectrum LVP: v9.x with Wireless Battery Module v22D19 to v22D28'];;IIb;hospital;CVSS:4.0/AV:N/AC:L/AT:P/PR:N/UI:N/VC:L/VI:L/VA:L/SC:H/SI:N/SA:N/E:U/CR:L/IR:M/AR:M;;2.4;N/A;CVSS:4.0/AV:N/AC:L/AT:P/PR:N/UI:N/VC:L/VI:L/VA:L/SC:H/SI:N/SA:N/E:U;2.4
CVE-2020-12043;CVSS:4.0/AV:N/AC:L/AT:P/PR:N/UI:N/VC:L/VI:L/VA:L/SC:N/SI:L/SA:L;CVSS:3.0/AV:N/AC:L/PR:N/UI:N/S:U/C:L/I:L/A:L;6.3;7.3;U;0.00253;['Baxter Spectrum: v8.x model 35700BAX2', 'Sigma Spectrum LVP: v6.x with Wireless Battery Modules v9 v11 v13 v14 v15 v16 v16D38 v17 v17D19 v20D29 to v20D32 and v22D24 to v22D28', 'Sigma Spectrum: v6.x model 35700BAX', 'Baxter Spectrum LVP: v8.x with Wireless Battery Modules v17 v17D19 v20D29 to v20D32 and v22D24 to v22D28', 'Baxter Spectrum: v9.x model 35700BAX3', 'Baxter Spectrum LVP: v9.x with Wireless Battery Module v22D19 to v22D28'];;IIb;hospital;CVSS:4.0/AV:N/AC:L/AT:P/PR:N/UI:N/VC:L/VI:L/VA:L/SC:N/SI:L/SA:L/E:U/CR:L/IR:M/AR:M/MSI:S/MSA:S;;4.8;N/A;CVSS:4.0/AV:N/AC:L/AT:P/PR:N/UI:N/VC:L/VI:L/VA:L/SC:N/SI:L/SA:L/E:U;1.7
CVE-2019-18246;CVSS:4.0/AV:A/AC:L/AT:N/PR:N/UI:N/VC:L/VI:N/VA:N/SC:L/SI:N/SA:N;CVSS:3.0/AV:A/AC:L/PR:N/UI:N/S:U/C:L/I:N/A:N;5.3;4.3;U;0.00049;['CardioMessenger II-S T-Line T4APP: 2.20', 'CardioMessenger II-S GSM T4APP: 2.20'];;IIa;both;CVSS:4.0/AV:A/AC:L/AT:N/PR:N/UI:N/VC:L/VI:N/VA:N/SC:L/SI:N/SA:N/E:U/CR:L/IR:M/AR:M;CVSS:4.0/AV:A/AC:L/AT:N/PR:N/UI:N/VC:L/VI:N/VA:N/SC:L/SI:N/SA:N/E:U/CR:H/IR:H/AR:H;1.3;1.3;CVSS:4.0/AV:A/AC:L/AT:N/PR:N/UI:N/VC:L/VI:N/VA:N/SC:L/SI:N/SA:N/E:U;1.3
CVE-2019-18248;CVSS:4.0/AV:A/AC:L/AT:N/PR:N/UI:N/VC:L/VI:N/VA:N/SC:H/SI:N/SA:N;CVSS:3.0/AV:A/AC:L/PR:N/UI:N/S:U/C:L/I:N/A:N;6.3;4.3;U;0.00027;['CardioMessenger II-S T-Line T4APP: 2.20', 'CardioMessenger II-S GSM T4APP: 2.20'];;IIa;both;CVSS:4.0/AV:A/AC:L/AT:N/PR:N/UI:N/VC:L/VI:N/VA:N/SC:H/SI:N/SA:N/E:U/CR:L/IR:M/AR:M;CVSS:4.0/AV:A/AC:L/AT:N/PR:N/UI:N/VC:L/VI:N/VA:N/SC:H/SI:N/SA:N/E:U/CR:H/IR:H/AR:H;2.3;2.3;CVSS:4.0/AV:A/AC:L/AT:N/PR:N/UI:N/VC:L/VI:N/VA:N/SC:H/SI:N/SA:N/E:U;2.3
CVE-2019-18252;CVSS:4.0/AV:A/AC:L/AT:N/PR:N/UI:N/VC:L/VI:N/VA:N/SC:L/SI:N/SA:N;CVSS:3.0/AV:A/AC:L/PR:N/UI:N/S:U/C:L/I:N/A:N;5.3;4.3;U;0.00049;['CardioMessenger II-S T-Line T4APP: 2.20', 'CardioMessenger II-S GSM T4APP: 2.20'];;IIa;both;CVSS:4.0/AV:A/AC:L/AT:N/PR:N/UI:N/VC:L/VI:N/VA:N/SC:L/SI:N/SA:N/E:U/CR:L/IR:M/AR:M;CVSS:4.0/AV:A/AC:L/AT:N/PR:N/UI:N/VC:L/VI:N/VA:N/SC:L/SI:N/SA:N/E:U/CR:H/IR:H/AR:H;1.3;1.3;CVSS:4.0/AV:A/AC:L/AT:N/PR:N/UI:N/VC:L/VI:N/VA:N/SC:L/SI:N/SA:N/E:U;1.3
CVE-2019-18254;CVSS:4.0/AV:P/AC:L/AT:N/PR:N/UI:N/VC:H/VI:N/VA:N/SC:H/SI:N/SA:N;CVSS:3.0/AV:P/AC:L/PR:N/UI:N/S:U/C:H/I:N/A:N;6.7;4.6;U;0.0003;['CardioMessenger II-S T-Line T4APP: 2.20', 'CardioMessenger II-S GSM T4APP: 2.20'];;IIa;both;CVSS:4.0/AV:P/AC:L/AT:N/PR:N/UI:N/VC:H/VI:N/VA:N/SC:H/SI:N/SA:N/E:U/CR:L/IR:M/AR:M;CVSS:4.0/AV:P/AC:L/AT:N/PR:N/UI:N/VC:H/VI:N/VA:N/SC:H/SI:N/SA:N/E:U/CR:H/IR:H/AR:H;1.4;3.5;CVSS:4.0/AV:P/AC:L/AT:N/PR:N/UI:N/VC:H/VI:N/VA:N/SC:H/SI:N/SA:N/E:U;3.5
CVE-2019-18256;CVSS:4.0/AV:P/AC:L/AT:N/PR:N/UI:N/VC:H/VI:N/VA:N/SC:H/SI:N/SA:N;CVSS:3.0/AV:P/AC:L/PR:N/UI:N/S:U/C:H/I:N/A:N;6.7;4.6;U;0.00056;['CardioMessenger II-S T-Line T4APP: 2.20', 'CardioMessenger II-S GSM T4APP: 2.20'];;IIa;both;CVSS:4.0/AV:P/AC:L/AT:N/PR:N/UI:N/VC:H/VI:N/VA:N/SC:H/SI:N/SA:N/E:U/CR:L/IR:M/AR:M;CVSS:4.0/AV:P/AC:L/AT:N/PR:N/UI:N/VC:H/VI:N/VA:N/SC:H/SI:N/SA:N/E:U/CR:H/IR:H/AR:H;1.4;3.5;CVSS:4.0/AV:P/AC:L/AT:N/PR:N/UI:N/VC:H/VI:N/VA:N/SC:H/SI:N/SA:N/E:U;3.5
CVE-2019-11479;CVSS:4.0/AV:N/AC:L/AT:N/PR:N/UI:N/VC:N/VI:N/VA:L/SC:N/SI:N/SA:L;CVSS:3.0/AV:N/AC:L/PR:N/UI:N/S:U/C:N/I:N/A:L;6.9;5.3;U;0.13006;['Alaris PC Unit: Versions 9.13 9.19 9.33 and 12.1'];;IIb;hospital;CVSS:4.0/AV:N/AC:L/AT:N/PR:N/UI:N/VC:N/VI:N/VA:L/SC:N/SI:N/SA:L/E:U/CR:L/IR:M/AR:M/MSA:S;;6.6;N/A;CVSS:4.0/AV:N/AC:L/AT:N/PR:N/UI:N/VC:N/VI:N/VA:L/SC:N/SI:N/SA:L/E:U;2.7
CVE-2020-14477;CVSS:4.0/AV:L/AC:H/AT:P/PR:L/UI:N/VC:L/VI:L/VA:N/SC:L/SI:L/SA:N;CVSS:3.0/AV:L/AC:H/PR:L/UI:N/S:U/C:L/I:L/A:N;2.0;3.6;U;0.00047;['Ultrasound ClearVue: Versions 3.2 and prior', 'Ultrasound Xperius: all versions', 'Ultrasound CX: Versions 5.0.2 and prior', 'Ultrasound EPIQ/Affiniti: Versions VM5.0 and prior', 'Ultrasound Sparq: Version 3.0.2 and prior'];;IIa;hospital;CVSS:4.0/AV:L/AC:H/AT:P/PR:L/UI:N/VC:L/VI:L/VA:N/SC:L/SI:L/SA:N/E:U/CR:L/IR:M/AR:M/MSI:S;;2.1;N/A;CVSS:4.0/AV:L/AC:H/AT:P/PR:L/UI:N/VC:L/VI:L/VA:N/SC:L/SI:L/SA:N/E:U;0.4
CVE-2020-14485;CVSS:4.0/AV:N/AC:L/AT:N/PR:N/UI:N/VC:H/VI:H/VA:L/SC:H/SI:L/SA:L;CVSS:3.0/AV:N/AC:L/PR:N/UI:N/S:U/C:H/I:H/A:L;9.9;9.4;U;0.00612;['OpenClinic GA: Version 5.09.02', 'OpenClinic GA: Version 5.89.05b'];;I;hospital;CVSS:4.0/AV:N/AC:L/AT:N/PR:N/UI:N/VC:H/VI:H/VA:L/SC:H/SI:L/SA:L/E:U/CR:L/IR:M/AR:M;;7.8;N/A;CVSS:4.0/AV:N/AC:L/AT:N/PR:N/UI:N/VC:H/VI:H/VA:L/SC:H/SI:L/SA:L/E:U;9.0
CVE-2020-14484;CVSS:4.0/AV:N/AC:L/AT:N/PR:N/UI:N/VC:L/VI:L/VA:L/SC:N/SI:N/SA:N;CVSS:3.0/AV:N/AC:L/PR:N/UI:N/S:U/C:L/I:L/A:L;6.9;7.3;U;0.00235;['OpenClinic GA: Version 5.09.02', 'OpenClinic GA: Version 5.89.05b'];;I;hospital;CVSS:4.0/AV:N/AC:L/AT:N/PR:N/UI:N/VC:L/VI:L/VA:L/SC:N/SI:N/SA:N/E:U/CR:L/IR:M/AR:M;;2.7;N/A;CVSS:4.0/AV:N/AC:L/AT:N/PR:N/UI:N/VC:L/VI:L/VA:L/SC:N/SI:N/SA:N/E:U;2.7
CVE-2020-14494;CVSS:4.0/AV:N/AC:L/AT:N/PR:N/UI:N/VC:L/VI:L/VA:L/SC:N/SI:N/SA:N;CVSS:3.0/AV:N/AC:L/PR:N/UI:N/S:U/C:L/I:L/A:L;6.9;7.3;U;0.00214;['OpenClinic GA: Version 5.09.02', 'OpenClinic GA: Version 5.89.05b'];;I;hospital;CVSS:4.0/AV:N/AC:L/AT:N/PR:N/UI:N/VC:L/VI:L/VA:L/SC:N/SI:N/SA:N/E:U/CR:L/IR:M/AR:M;;2.7;N/A;CVSS:4.0/AV:N/AC:L/AT:N/PR:N/UI:N/VC:L/VI:L/VA:L/SC:N/SI:N/SA:N/E:U;2.7
CVE-2020-14491;CVSS:4.0/AV:N/AC:L/AT:N/PR:L/UI:N/VC:H/VI:H/VA:L/SC:L/SI:N/SA:N;CVSS:3.0/AV:N/AC:L/PR:L/UI:N/S:U/C:H/I:H/A:L;8.7;8.3;U;0.00127;['OpenClinic GA: Version 5.09.02', 'OpenClinic GA: Version 5.89.05b'];;I;hospital;CVSS:4.0/AV:N/AC:L/AT:N/PR:L/UI:N/VC:H/VI:H/VA:L/SC:L/SI:N/SA:N/E:U/CR:L/IR:M/AR:M;;4.6;N/A;CVSS:4.0/AV:N/AC:L/AT:N/PR:L/UI:N/VC:H/VI:H/VA:L/SC:L/SI:N/SA:N/E:U;6.2
CVE-2020-14488;CVSS:4.0/AV:N/AC:L/AT:N/PR:L/UI:N/VC:H/VI:H/VA:H/SC:L/SI:L/SA:L;CVSS:3.0/AV:N/AC:L/PR:L/UI:N/S:U/C:H/I:H/A:H;8.7;8.8;U;0.00355;['OpenClinic GA: Version 5.09.02', 'OpenClinic GA: Version 5.89.05b'];;I;hospital;CVSS:4.0/AV:N/AC:L/AT:N/PR:L/UI:N/VC:H/VI:H/VA:H/SC:L/SI:L/SA:L/E:U/CR:L/IR:M/AR:M;;4.8;N/A;CVSS:4.0/AV:N/AC:L/AT:N/PR:L/UI:N/VC:H/VI:H/VA:H/SC:L/SI:L/SA:L/E:U;6.3
CVE-2020-14490;CVSS:4.0/AV:N/AC:L/AT:N/PR:L/UI:N/VC:H/VI:H/VA:H/SC:H/SI:H/SA:H;CVSS:3.0/AV:N/AC:L/PR:L/UI:N/S:U/C:H/I:H/A:H;9.4;8.8;U;0.0019;['OpenClinic GA: Version 5.09.02', 'OpenClinic GA: Version 5.89.05b'];;I;hospital;CVSS:4.0/AV:N/AC:L/AT:N/PR:L/UI:N/VC:H/VI:H/VA:H/SC:H/SI:H/SA:H/E:U/CR:L/IR:M/AR:M;;6.3;N/A;CVSS:4.0/AV:N/AC:L/AT:N/PR:L/UI:N/VC:H/VI:H/VA:H/SC:H/SI:H/SA:H/E:U;7.7
CVE-2020-14486;CVSS:4.0/AV:N/AC:L/AT:N/PR:L/UI:N/VC:L/VI:L/VA:L/SC:L/SI:L/SA:L;CVSS:3.0/AV:N/AC:L/PR:L/UI:N/S:U/C:L/I:L/A:L;5.3;6.3;U;0.00061;['OpenClinic GA: Version 5.09.02', 'OpenClinic GA: Version 5.89.05b'];;I;hospital;CVSS:4.0/AV:N/AC:L/AT:N/PR:L/UI:N/VC:L/VI:L/VA:L/SC:L/SI:L/SA:L/E:U/CR:L/IR:M/AR:M;;1.3;N/A;CVSS:4.0/AV:N/AC:L/AT:N/PR:L/UI:N/VC:L/VI:L/VA:L/SC:L/SI:L/SA:L/E:U;1.3
CVE-2020-14492;CVSS:4.0/AV:N/AC:L/AT:N/PR:N/UI:P/VC:L/VI:L/VA:N/SC:L/SI:N/SA:N;CVSS:3.0/AV:N/AC:L/PR:N/UI:R/S:U/C:L/I:L/A:N;5.3;5.4;U;0.00164;['OpenClinic GA: Version 5.09.02', 'OpenClinic GA: Version 5.89.05b'];;I;hospital;CVSS:4.0/AV:N/AC:L/AT:N/PR:N/UI:P/VC:L/VI:L/VA:N/SC:L/SI:N/SA:N/E:U/CR:L/IR:M/AR:M;;1.3;N/A;CVSS:4.0/AV:N/AC:L/AT:N/PR:N/UI:P/VC:L/VI:L/VA:N/SC:L/SI:N/SA:N/E:U;1.3
CVE-2014-0114;CVSS:4.0/AV:N/AC:L/AT:N/PR:N/UI:A/VC:H/VI:H/VA:H/SC:L/SI:N/SA:N;CVSS:3.0/AV:N/AC:L/PR:N/UI:N/S:U/C:H/I:H/A:H;8.6;9.8;P;0.92315;['OpenClinic GA: Version 5.09.02', 'OpenClinic GA: Version 5.89.05b'];;I;hospital;CVSS:4.0/AV:N/AC:L/AT:N/PR:N/UI:A/VC:H/VI:H/VA:H/SC:L/SI:N/SA:N/E:P/CR:L/IR:M/AR:M;;6.1;N/A;CVSS:4.0/AV:N/AC:L/AT:N/PR:N/UI:A/VC:H/VI:H/VA:H/SC:L/SI:N/SA:N/E:P;7.3
CVE-2016-1181;CVSS:4.0/AV:L/AC:L/AT:N/PR:N/UI:N/VC:H/VI:N/VA:N/SC:H/SI:N/SA:N;CVSS:3.0/AV:L/AC:L/PR:N/UI:N/S:U/C:H/I:N/A:N;8.2;6.2;U;0.09177;['OpenClinic GA: Version 5.09.02', 'OpenClinic GA: Version 5.89.05b'];;I;hospital;CVSS:4.0/AV:L/AC:L/AT:N/PR:N/UI:N/VC:H/VI:N/VA:N/SC:H/SI:N/SA:N/E:U/CR:L/IR:M/AR:M;;3.9;N/A;CVSS:4.0/AV:L/AC:L/AT:N/PR:N/UI:N/VC:H/VI:N/VA:N/SC:H/SI:N/SA:N/E:U;5.6
CVE-2016-1182;CVSS:4.0/AV:N/AC:L/AT:P/PR:N/UI:N/VC:H/VI:H/VA:L/SC:H/SI:L/SA:N;CVSS:3.0/AV:N/AC:L/PR:N/UI:N/S:U/C:H/I:H/A:L;9.4;9.4;U;0.04121;['OpenClinic GA: Version 5.09.02', 'OpenClinic GA: Version 5.89.05b'];;I;hospital;CVSS:4.0/AV:N/AC:L/AT:P/PR:N/UI:N/VC:H/VI:H/VA:L/SC:H/SI:L/SA:N/E:U/CR:L/IR:M/AR:M;;6.6;N/A;CVSS:4.0/AV:N/AC:L/AT:P/PR:N/UI:N/VC:H/VI:H/VA:L/SC:H/SI:L/SA:N/E:U;8.1
CVE-2019-5024;CVSS:4.0/AV:P/AC:L/AT:P/PR:N/UI:N/VC:H/VI:H/VA:H/SC:H/SI:H/SA:H;CVSS:3.0/AV:P/AC:L/PR:N/UI:N/S:C/C:H/I:H/A:H;7.3;7.6;U;0.00146;['Capsule Technologies SmartLinx Neuron 2: Firmware Versions 9.0.3 and older'];;IIa;hospital;CVSS:4.0/AV:P/AC:L/AT:P/PR:N/UI:N/VC:H/VI:H/VA:H/SC:H/SI:H/SA:H/E:U/CR:L/IR:M/AR:M/MSI:S/MSA:S;;4.8;N/A;CVSS:4.0/AV:P/AC:L/AT:P/PR:N/UI:N/VC:H/VI:H/VA:H/SC:H/SI:H/SA:H/E:U;4.1
CVE-2020-14518;CVSS:4.0/AV:N/AC:L/AT:P/PR:N/UI:N/VC:L/VI:N/VA:N/SC:L/SI:N/SA:N;CVSS:3.0/AV:N/AC:L/PR:N/UI:N/S:U/C:L/I:N/A:N;6.3;5.3;U;0.00179;['DreamMapper: Version 2.24 and prior'];;I;both;CVSS:4.0/AV:N/AC:L/AT:P/PR:N/UI:N/VC:L/VI:N/VA:N/SC:L/SI:N/SA:N/E:U/CR:L/IR:M/AR:M;CVSS:4.0/AV:N/AC:L/AT:P/PR:N/UI:N/VC:L/VI:N/VA:N/SC:L/SI:N/SA:N/E:U/CR:H/IR:H/AR:H;1.7;1.7;CVSS:4.0/AV:N/AC:L/AT:P/PR:N/UI:N/VC:L/VI:N/VA:N/SC:L/SI:N/SA:N/E:U;1.7
CVE-2020-16237;CVSS:4.0/AV:P/AC:L/AT:N/PR:L/UI:N/VC:N/VI:N/VA:L/SC:N/SI:N/SA:L;CVSS:3.0/AV:P/AC:L/PR:L/UI:N/S:U/C:N/I:N/A:L;2.4;2.1;U;0.00059;['SureSigns: VS4 A.07.107 and prior'];;IIa;both;CVSS:4.0/AV:P/AC:L/AT:N/PR:L/UI:N/VC:N/VI:N/VA:L/SC:N/SI:N/SA:L/E:U/CR:L/IR:M/AR:M/MSA:S;CVSS:4.0/AV:P/AC:L/AT:N/PR:L/UI:N/VC:N/VI:N/VA:L/SC:N/SI:N/SA:L/E:U/CR:H/IR:H/AR:H/MSA:S;1.6;1.6;CVSS:4.0/AV:P/AC:L/AT:N/PR:L/UI:N/VC:N/VI:N/VA:L/SC:N/SI:N/SA:L/E:U;0.4
CVE-2020-16214;CVSS:4.0/AV:L/AC:L/AT:N/PR:H/UI:A/VC:L/VI:L/VA:N/SC:L/SI:L/SA:N;CVSS:3.1/AV:L/AC:L/PR:H/UI:R/S:C/C:L/I:L/A:N;4.6;4.2;U;0.00141;['Philips Patient Information Center iX (PICiX): B.02', 'Philips Patient Information Center iX (PICiX): C.02', 'Philips Patient Information Center iX (PICiX): C.03', 'Philips PerformanceBridge Focal Point: A.01', 'Philips IntelliVue patient monitor MX100: <=N', 'Philips IntelliVue patient monitor MX400-MX850: <=N.0', 'Philips IntelliVue patient monitor MP2-MP90: <=N', 'Philips IntelliVue X2: <=N', 'Philips IntelliVue X3: <=N'];;IIb;hospital;CVSS:4.0/AV:L/AC:L/AT:N/PR:H/UI:A/VC:L/VI:L/VA:N/SC:L/SI:L/SA:N/E:U/CR:L/IR:M/AR:M/MSI:S;;1.7;N/A;CVSS:4.0/AV:L/AC:L/AT:N/PR:H/UI:A/VC:L/VI:L/VA:N/SC:L/SI:L/SA:N/E:U;0.4
CVE-2020-16218;CVSS:4.0/AV:A/AC:L/AT:N/PR:L/UI:A/VC:L/VI:N/VA:N/SC:L/SI:L/SA:N;CVSS:3.1/AV:A/AC:L/PR:L/UI:N/S:U/C:L/I:N/A:N;2.4;3.5;U;0.00105;['Philips Patient Information Center iX (PICiX): B.02', 'Philips Patient Information Center iX (PICiX): C.02', 'Philips Patient Information Center iX (PICiX): C.03', 'Philips PerformanceBridge Focal Point: A.01', 'Philips IntelliVue patient monitor MX100: <=N', 'Philips IntelliVue patient monitor MX400-MX850: <=N.0', 'Philips IntelliVue patient monitor MP2-MP90: <=N', 'Philips IntelliVue X2: <=N', 'Philips IntelliVue X3: <=N'];;IIb;hospital;CVSS:4.0/AV:A/AC:L/AT:N/PR:L/UI:A/VC:L/VI:N/VA:N/SC:L/SI:L/SA:N/E:U/CR:L/IR:M/AR:M/MSI:S;;1.7;N/A;CVSS:4.0/AV:A/AC:L/AT:N/PR:L/UI:A/VC:L/VI:N/VA:N/SC:L/SI:L/SA:N/E:U;0.4
CVE-2020-16222;CVSS:4.0/AV:A/AC:H/AT:P/PR:N/UI:N/VC:L/VI:L/VA:L/SC:L/SI:L/SA:L;CVSS:3.1/AV:A/AC:H/PR:N/UI:N/S:U/C:L/I:L/A:L;2.3;5.0;U;0.00076;['Philips Patient Information Center iX (PICiX): B.02', 'Philips Patient Information Center iX (PICiX): C.02', 'Philips Patient Information Center iX (PICiX): C.03', 'Philips PerformanceBridge Focal Point: A.01', 'Philips IntelliVue patient monitor MX100: <=N', 'Philips IntelliVue patient monitor MX400-MX850: <=N.0', 'Philips IntelliVue patient monitor MP2-MP90: <=N', 'Philips IntelliVue X2: <=N', 'Philips IntelliVue X3: <=N'];;IIb;hospital;CVSS:4.0/AV:A/AC:H/AT:P/PR:N/UI:N/VC:L/VI:L/VA:L/SC:L/SI:L/SA:L/E:U/CR:L/IR:M/AR:M/MSI:S/MSA:S;;2.9;N/A;CVSS:4.0/AV:A/AC:H/AT:P/PR:N/UI:N/VC:L/VI:L/VA:L/SC:L/SI:L/SA:L/E:U;0.6
CVE-2020-16228;CVSS:4.0/AV:A/AC:H/AT:P/PR:H/UI:N/VC:H/VI:H/VA:L/SC:H/SI:L/SA:N;CVSS:3.1/AV:A/AC:H/PR:H/UI:N/S:U/C:H/I:H/A:L;8.5;6.0;U;0.00036;['Philips Patient Information Center iX (PICiX): B.02', 'Philips Patient Information Center iX (PICiX): C.02', 'Philips Patient Information Center iX (PICiX): C.03', 'Philips PerformanceBridge Focal Point: A.01', 'Philips IntelliVue patient monitor MX100: <=N', 'Philips IntelliVue patient monitor MX400-MX850: <=N.0', 'Philips IntelliVue patient monitor MP2-MP90: <=N', 'Philips IntelliVue X2: <=N', 'Philips IntelliVue X3: <=N'];;IIb;hospital;CVSS:4.0/AV:A/AC:H/AT:P/PR:H/UI:N/VC:H/VI:H/VA:L/SC:H/SI:L/SA:N/E:U/CR:L/IR:M/AR:M/MSI:S;;6.3;N/A;CVSS:4.0/AV:A/AC:H/AT:P/PR:H/UI:N/VC:H/VI:H/VA:L/SC:H/SI:L/SA:N/E:U;5.5
CVE-2020-16224;CVSS:4.0/AV:A/AC:L/AT:N/PR:N/UI:N/VC:N/VI:N/VA:H/SC:N/SI:N/SA:H;CVSS:3.1/AV:A/AC:L/PR:N/UI:N/S:U/C:N/I:N/A:H;8.3;6.5;U;0.00071;['Philips Patient Information Center iX (PICiX): B.02', 'Philips Patient Information Center iX (PICiX): C.02', 'Philips Patient Information Center iX (PICiX): C.03', 'Philips PerformanceBridge Focal Point: A.01', 'Philips IntelliVue patient monitor MX100: <=N', 'Philips IntelliVue patient monitor MX400-MX850: <=N.0', 'Philips IntelliVue patient monitor MP2-MP90: <=N', 'Philips IntelliVue X2: <=N', 'Philips IntelliVue X3: <=N'];;IIb;hospital;CVSS:4.0/AV:A/AC:L/AT:N/PR:N/UI:N/VC:N/VI:N/VA:H/SC:N/SI:N/SA:H/E:U/CR:L/IR:M/AR:M/MSA:S;;6.1;N/A;CVSS:4.0/AV:A/AC:L/AT:N/PR:N/UI:N/VC:N/VI:N/VA:H/SC:N/SI:N/SA:H/E:U;5.7
CVE-2020-16220;CVSS:4.0/AV:A/AC:L/AT:N/PR:N/UI:N/VC:N/VI:N/VA:L/SC:N/SI:N/SA:H;CVSS:3.1/AV:A/AC:L/PR:N/UI:R/S:U/C:N/I:N/A:L;6.3;3.5;U;0.00035;['Philips Patient Information Center iX (PICiX): B.02', 'Philips Patient Information Center iX (PICiX): C.02', 'Philips Patient Information Center iX (PICiX): C.03', 'Philips PerformanceBridge Focal Point: A.01', 'Philips IntelliVue patient monitor MX100: <=N', 'Philips IntelliVue patient monitor MX400-MX850: <=N.0', 'Philips IntelliVue patient monitor MP2-MP90: <=N', 'Philips IntelliVue X2: <=N', 'Philips IntelliVue X3: <=N'];;IIb;hospital;CVSS:4.0/AV:A/AC:L/AT:N/PR:N/UI:N/VC:N/VI:N/VA:L/SC:N/SI:N/SA:H/E:U/CR:L/IR:M/AR:M/MSA:S;;4.6;N/A;CVSS:4.0/AV:A/AC:L/AT:N/PR:N/UI:N/VC:N/VI:N/VA:L/SC:N/SI:N/SA:H/E:U;2.3
CVE-2020-16216;CVSS:4.0/AV:A/AC:L/AT:N/PR:N/UI:N/VC:N/VI:N/VA:H/SC:N/SI:N/SA:H;CVSS:3.1/AV:A/AC:L/PR:N/UI:N/S:U/C:N/I:N/A:H;8.3;6.5;U;0.00063;['Philips Patient Information Center iX (PICiX): B.02', 'Philips Patient Information Center iX (PICiX): C.02', 'Philips Patient Information Center iX (PICiX): C.03', 'Philips PerformanceBridge Focal Point: A.01', 'Philips IntelliVue patient monitor MX100: <=N', 'Philips IntelliVue patient monitor MX400-MX850: <=N.0', 'Philips IntelliVue patient monitor MP2-MP90: <=N', 'Philips IntelliVue X2: <=N', 'Philips IntelliVue X3: <=N'];;IIb;hospital;CVSS:4.0/AV:A/AC:L/AT:N/PR:N/UI:N/VC:N/VI:N/VA:H/SC:N/SI:N/SA:H/E:U/CR:L/IR:M/AR:M/MSA:S;;6.1;N/A;CVSS:4.0/AV:A/AC:L/AT:N/PR:N/UI:N/VC:N/VI:N/VA:H/SC:N/SI:N/SA:H/E:U;5.7
CVE-2020-16212;CVSS:4.0/AV:P/AC:L/AT:P/PR:N/UI:N/VC:H/VI:H/VA:H/SC:H/SI:L/SA:N;CVSS:3.1/AV:P/AC:L/PR:N/UI:N/S:U/C:H/I:H/A:H;6.9;6.8;U;0.00059;['Philips Patient Information Center iX (PICiX): B.02', 'Philips Patient Information Center iX (PICiX): C.02', 'Philips Patient Information Center iX (PICiX): C.03', 'Philips PerformanceBridge Focal Point: A.01', 'Philips IntelliVue patient monitor MX100: <=N', 'Philips IntelliVue patient monitor MX400-MX850: <=N.0', 'Philips IntelliVue patient monitor MP2-MP90: <=N', 'Philips IntelliVue X2: <=N', 'Philips IntelliVue X3: <=N'];;IIb;hospital;CVSS:4.0/AV:P/AC:L/AT:P/PR:N/UI:N/VC:H/VI:H/VA:H/SC:H/SI:L/SA:N/E:U/CR:L/IR:M/AR:M/MSI:S;;4.0;N/A;CVSS:4.0/AV:P/AC:L/AT:P/PR:N/UI:N/VC:H/VI:H/VA:H/SC:H/SI:L/SA:N/E:U;3.5
CVE-2020-14506;CVSS:4.0/AV:L/AC:L/AT:N/PR:H/UI:N/VC:L/VI:L/VA:N/SC:L/SI:L/SA:N;CVSS:3.0/AV:L/AC:L/PR:H/UI:N/S:U/C:L/I:L/A:N;4.6;3.4;U;0.0009;['Clinical Collaboration Platform: Versions 12.2.1 and prior'];;I;hospital;CVSS:4.0/AV:L/AC:L/AT:N/PR:H/UI:N/VC:L/VI:L/VA:N/SC:L/SI:L/SA:N/E:U/CR:L/IR:M/AR:M;;1.0;N/A;CVSS:4.0/AV:L/AC:L/AT:N/PR:H/UI:N/VC:L/VI:L/VA:N/SC:L/SI:L/SA:N/E:U;1.0
CVE-2020-14525;CVSS:4.0/AV:A/AC:L/AT:N/PR:L/UI:A/VC:L/VI:N/VA:N/SC:L/SI:N/SA:N;CVSS:3.0/AV:A/AC:L/PR:L/UI:N/S:U/C:L/I:N/A:N;2.4;3.5;U;0.00088;['Clinical Collaboration Platform: Versions 12.2.1 and prior'];;I;hospital;CVSS:4.0/AV:A/AC:L/AT:N/PR:L/UI:A/VC:L/VI:N/VA:N/SC:L/SI:N/SA:N/E:U/CR:L/IR:M/AR:M;;0.4;N/A;CVSS:4.0/AV:A/AC:L/AT:N/PR:L/UI:A/VC:L/VI:N/VA:N/SC:L/SI:N/SA:N/E:U;0.4
CVE-2020-16198;CVSS:4.0/AV:A/AC:H/AT:N/PR:N/UI:N/VC:L/VI:L/VA:L/SC:L/SI:N/SA:N;CVSS:3.0/AV:A/AC:H/PR:N/UI:N/S:U/C:L/I:L/A:L;2.3;5.0;U;0.0006;['Clinical Collaboration Platform: Versions 12.2.1 and prior'];;I;hospital;CVSS:4.0/AV:A/AC:H/AT:N/PR:N/UI:N/VC:L/VI:L/VA:L/SC:L/SI:N/SA:N/E:U/CR:L/IR:M/AR:M;;0.6;N/A;CVSS:4.0/AV:A/AC:H/AT:N/PR:N/UI:N/VC:L/VI:L/VA:L/SC:L/SI:N/SA:N/E:U;0.6
CVE-2020-16200;CVSS:4.0/AV:A/AC:L/AT:N/PR:N/UI:N/VC:N/VI:N/VA:H/SC:N/SI:N/SA:H;CVSS:3.0/AV:A/AC:L/PR:N/UI:N/S:U/C:N/I:N/A:H;8.3;6.5;U;0.00071;['Clinical Collaboration Platform: Versions 12.2.1 and prior'];;I;hospital;CVSS:4.0/AV:A/AC:L/AT:N/PR:N/UI:N/VC:N/VI:N/VA:H/SC:N/SI:N/SA:H/E:U/CR:L/IR:M/AR:M;;4.1;N/A;CVSS:4.0/AV:A/AC:L/AT:N/PR:N/UI:N/VC:N/VI:N/VA:H/SC:N/SI:N/SA:H/E:U;5.7
CVE-2020-16247;CVSS:4.0/AV:L/AC:L/AT:N/PR:N/UI:N/VC:N/VI:L/VA:H/SC:N/SI:L/SA:N;CVSS:3.0/AV:L/AC:L/PR:N/UI:N/S:U/C:N/I:L/A:H;7.0;6.8;U;0.00084;['Clinical Collaboration Platform: Versions 12.2.1 and prior'];;I;hospital;CVSS:4.0/AV:L/AC:L/AT:N/PR:N/UI:N/VC:N/VI:L/VA:H/SC:N/SI:L/SA:N/E:U/CR:L/IR:M/AR:M;;2.2;N/A;CVSS:4.0/AV:L/AC:L/AT:N/PR:N/UI:N/VC:N/VI:L/VA:H/SC:N/SI:L/SA:N/E:U;4.7
CVE-2020-25172;CVSS:4.0/AV:N/AC:L/AT:N/PR:N/UI:N/VC:L/VI:H/VA:L/SC:L/SI:H/SA:L;CVSS:3.0/AV:N/AC:L/PR:N/UI:N/S:U/C:L/I:H/A:L;9.3;8.6;U;0.00824;B. Braun OnlineSuite Version AP 3.0;;IIa;hospital;CVSS:4.0/AV:N/AC:L/AT:N/PR:N/UI:N/VC:L/VI:H/VA:L/SC:L/SI:H/SA:L/E:U/CR:L/IR:M/AR:M/MSI:S/MSA:S;;8.2;N/A;CVSS:4.0/AV:N/AC:L/AT:N/PR:N/UI:N/VC:L/VI:H/VA:L/SC:L/SI:H/SA:L/E:U;7.9
CVE-2020-25174;CVSS:4.0/AV:L/AC:L/AT:P/PR:N/UI:A/VC:H/VI:H/VA:H/SC:H/SI:H/SA:H;CVSS:3.0/AV:L/AC:L/PR:N/UI:N/S:U/C:H/I:H/A:H;8.7;8.4;U;0.00046;B. Braun OnlineSuite Version AP 3.0;;IIa;hospital;CVSS:4.0/AV:L/AC:L/AT:P/PR:N/UI:A/VC:H/VI:H/VA:H/SC:H/SI:H/SA:H/E:U/CR:L/IR:M/AR:M/MSI:S/MSA:S;;6.4;N/A;CVSS:4.0/AV:L/AC:L/AT:P/PR:N/UI:A/VC:H/VI:H/VA:H/SC:H/SI:H/SA:H/E:U;5.6
CVE-2020-25170;CVSS:4.0/AV:N/AC:L/AT:N/PR:H/UI:A/VC:L/VI:H/VA:N/SC:L/SI:H/SA:N;CVSS:3.0/AV:N/AC:L/PR:H/UI:R/S:C/C:L/I:H/A:N;8.2;6.9;U;0.00156;B. Braun OnlineSuite Version AP 3.0;;IIa;hospital;CVSS:4.0/AV:N/AC:L/AT:N/PR:H/UI:A/VC:L/VI:H/VA:N/SC:L/SI:H/SA:N/E:U/CR:L/IR:M/AR:M/MSI:S;;6.0;N/A;CVSS:4.0/AV:N/AC:L/AT:N/PR:H/UI:A/VC:L/VI:H/VA:N/SC:L/SI:H/SA:N/E:U;5.5
CVE-2020-25158;CVSS:4.0/AV:N/AC:L/AT:N/PR:N/UI:A/VC:H/VI:L/VA:L/SC:L/SI:L/SA:N;CVSS:3.0/AV:N/AC:L/PR:N/UI:R/S:U/C:H/I:L/A:L;7.0;7.6;U;0.00126;['SpaceCom: software Versions U61 and earlier (United States) L81 and earlier (outside the United States)', 'Battery pack with Wi-Fi: software Versions U61 and earlier (United States) L81 and earlier (outside the United States)', 'Data module compactplus: software Versions A10 and A11 (not distributed in the United States)'];;IIa;hospital;CVSS:4.0/AV:N/AC:L/AT:N/PR:N/UI:A/VC:H/VI:L/VA:L/SC:L/SI:L/SA:N/E:U/CR:L/IR:M/AR:M/MSI:S;;6.2;N/A;CVSS:4.0/AV:N/AC:L/AT:N/PR:N/UI:A/VC:H/VI:L/VA:L/SC:L/SI:L/SA:N/E:U;4.8
CVE-2020-25154;CVSS:4.0/AV:N/AC:L/AT:N/PR:N/UI:A/VC:L/VI:L/VA:N/SC:L/SI:N/SA:N;CVSS:3.0/AV:N/AC:L/PR:N/UI:R/S:U/C:L/I:L/A:N;5.1;5.4;U;0.00236;['SpaceCom: software Versions U61 and earlier (United States) L81 and earlier (outside the United States)', 'Battery pack with Wi-Fi: software Versions U61 and earlier (United States) L81 and earlier (outside the United States)', 'Data module compactplus: software Versions A10 and A11 (not distributed in the United States)'];;IIa;hospital;CVSS:4.0/AV:N/AC:L/AT:N/PR:N/UI:A/VC:L/VI:L/VA:N/SC:L/SI:N/SA:N/E:U/CR:L/IR:M/AR:M;;1.2;N/A;CVSS:4.0/AV:N/AC:L/AT:N/PR:N/UI:A/VC:L/VI:L/VA:N/SC:L/SI:N/SA:N/E:U;1.2
CVE-2020-25162;CVSS:4.0/AV:N/AC:L/AT:N/PR:N/UI:N/VC:H/VI:N/VA:N/SC:H/SI:N/SA:N;CVSS:3.0/AV:N/AC:L/PR:N/UI:N/S:U/C:H/I:N/A:N;9.2;7.5;U;0.00527;['SpaceCom: software Versions U61 and earlier (United States) L81 and earlier (outside the United States)', 'Battery pack with Wi-Fi: software Versions U61 and earlier (United States) L81 and earlier (outside the United States)', 'Data module compactplus: software Versions A10 and A11 (not distributed in the United States)'];;IIa;hospital;CVSS:4.0/AV:N/AC:L/AT:N/PR:N/UI:N/VC:H/VI:N/VA:N/SC:H/SI:N/SA:N/E:U/CR:L/IR:M/AR:M;;5.9;N/A;CVSS:4.0/AV:N/AC:L/AT:N/PR:N/UI:N/VC:H/VI:N/VA:N/SC:H/SI:N/SA:N/E:U;7.7
CVE-2020-25152;CVSS:4.0/AV:N/AC:L/AT:N/PR:N/UI:P/VC:H/VI:N/VA:N/SC:H/SI:H/SA:N;CVSS:3.0/AV:N/AC:L/PR:N/UI:R/S:U/C:H/I:N/A:N;8.4;6.5;U;0.00429;['SpaceCom: software Versions U61 and earlier (United States) L81 and earlier (outside the United States)', 'Battery pack with Wi-Fi: software Versions U61 and earlier (United States) L81 and earlier (outside the United States)', 'Data module compactplus: software Versions A10 and A11 (not distributed in the United States)'];;IIa;hospital;CVSS:4.0/AV:N/AC:L/AT:N/PR:N/UI:P/VC:H/VI:N/VA:N/SC:H/SI:H/SA:N/E:U/CR:L/IR:M/AR:M/MSI:S;;6.3;N/A;CVSS:4.0/AV:N/AC:L/AT:N/PR:N/UI:P/VC:H/VI:N/VA:N/SC:H/SI:H/SA:N/E:U;5.7
CVE-2020-25164;CVSS:4.0/AV:L/AC:H/AT:N/PR:N/UI:N/VC:H/VI:N/VA:N/SC:H/SI:N/SA:N;CVSS:3.0/AV:L/AC:H/PR:N/UI:N/S:U/C:H/I:N/A:N;6.9;5.1;U;0.00123;['SpaceCom: software Versions U61 and earlier (United States) L81 and earlier (outside the United States)', 'Battery pack with Wi-Fi: software Versions U61 and earlier (United States) L81 and earlier (outside the United States)', 'Data module compactplus: software Versions A10 and A11 (not distributed in the United States)'];;IIa;hospital;CVSS:4.0/AV:L/AC:H/AT:N/PR:N/UI:N/VC:H/VI:N/VA:N/SC:H/SI:N/SA:N/E:U/CR:L/IR:M/AR:M;;1.8;N/A;CVSS:4.0/AV:L/AC:H/AT:N/PR:N/UI:N/VC:H/VI:N/VA:N/SC:H/SI:N/SA:N/E:U;3.6
CVE-2020-25150;CVSS:4.0/AV:N/AC:L/AT:N/PR:L/UI:N/VC:L/VI:H/VA:L/SC:L/SI:H/SA:L;CVSS:3.0/AV:N/AC:L/PR:L/UI:N/S:U/C:L/I:H/A:L;8.5;7.6;U;0.00097;['SpaceCom: software Versions U61 and earlier (United States) L81 and earlier (outside the United States)', 'Battery pack with Wi-Fi: software Versions U61 and earlier (United States) L81 and earlier (outside the United States)', 'Data module compactplus: software Versions A10 and A11 (not distributed in the United States)'];;IIa;hospital;CVSS:4.0/AV:N/AC:L/AT:N/PR:L/UI:N/VC:L/VI:H/VA:L/SC:L/SI:H/SA:L/E:U/CR:L/IR:M/AR:M/MSI:S/MSA:S;;6.5;N/A;CVSS:4.0/AV:N/AC:L/AT:N/PR:L/UI:N/VC:L/VI:H/VA:L/SC:L/SI:H/SA:L/E:U;5.8
CVE-2020-25166;CVSS:4.0/AV:P/AC:H/AT:N/PR:N/UI:N/VC:N/VI:H/VA:H/SC:N/SI:H/SA:H;CVSS:3.0/AV:P/AC:H/PR:N/UI:N/S:C/C:N/I:H/A:H;5.9;6.8;U;0.00065;['SpaceCom: software Versions U61 and earlier (United States) L81 and earlier (outside the United States)', 'Battery pack with Wi-Fi: software Versions U61 and earlier (United States) L81 and earlier (outside the United States)', 'Data module compactplus: software Versions A10 and A11 (not distributed in the United States)'];;IIa;hospital;CVSS:4.0/AV:P/AC:H/AT:N/PR:N/UI:N/VC:N/VI:H/VA:H/SC:N/SI:H/SA:H/E:U/CR:L/IR:M/AR:M/MSI:S/MSA:S;;1.8;N/A;CVSS:4.0/AV:P/AC:H/AT:N/PR:N/UI:N/VC:N/VI:H/VA:H/SC:N/SI:H/SA:H/E:U;1.7
CVE-2020-16238;CVSS:4.0/AV:L/AC:L/AT:N/PR:H/UI:N/VC:H/VI:H/VA:H/SC:H/SI:H/SA:H;CVSS:3.0/AV:L/AC:L/PR:H/UI:N/S:U/C:H/I:H/A:H;9.3;6.7;U;0.00038;['SpaceCom: software Versions U61 and earlier (United States) L81 and earlier (outside the United States)', 'Battery pack with Wi-Fi: software Versions U61 and earlier (United States) L81 and earlier (outside the United States)', 'Data module compactplus: software Versions A10 and A11 (not distributed in the United States)'];;IIa;hospital;CVSS:4.0/AV:L/AC:L/AT:N/PR:H/UI:N/VC:H/VI:H/VA:H/SC:H/SI:H/SA:H/E:U/CR:L/IR:M/AR:M/MSI:S/MSA:S;;7.6;N/A;CVSS:4.0/AV:L/AC:L/AT:N/PR:H/UI:N/VC:H/VI:H/VA:H/SC:H/SI:H/SA:H/E:U;7.3
CVE-2020-25168;CVSS:4.0/AV:L/AC:L/AT:N/PR:L/UI:N/VC:L/VI:N/VA:N/SC:L/SI:N/SA:N;CVSS:3.0/AV:L/AC:L/PR:L/UI:N/S:U/C:L/I:N/A:N;4.8;3.3;U;0.00086;['SpaceCom: software Versions U61 and earlier (United States) L81 and earlier (outside the United States)', 'Battery pack with Wi-Fi: software Versions U61 and earlier (United States) L81 and earlier (outside the United States)', 'Data module compactplus: software Versions A10 and A11 (not distributed in the United States)'];;IIa;hospital;CVSS:4.0/AV:L/AC:L/AT:N/PR:L/UI:N/VC:L/VI:N/VA:N/SC:L/SI:N/SA:N/E:U/CR:L/IR:M/AR:M;;1.1;N/A;CVSS:4.0/AV:L/AC:L/AT:N/PR:L/UI:N/VC:L/VI:N/VA:N/SC:L/SI:N/SA:N/E:U;1.1
CVE-2020-25156;CVSS:4.0/AV:N/AC:L/AT:P/PR:H/UI:N/VC:H/VI:H/VA:H/SC:H/SI:H/SA:H;CVSS:3.0/AV:N/AC:L/PR:H/UI:N/S:U/C:H/I:H/A:H;8.9;7.2;U;0.00367;['SpaceCom: software Versions U61 and earlier (United States) L81 and earlier (outside the United States)', 'Battery pack with Wi-Fi: software Versions U61 and earlier (United States) L81 and earlier (outside the United States)', 'Data module compactplus: software Versions A10 and A11 (not distributed in the United States)'];;IIa;hospital;CVSS:4.0/AV:N/AC:L/AT:P/PR:H/UI:N/VC:H/VI:H/VA:H/SC:H/SI:H/SA:H/E:U/CR:L/IR:M/AR:M/MSI:S/MSA:S;;6.8;N/A;CVSS:4.0/AV:N/AC:L/AT:P/PR:H/UI:N/VC:H/VI:H/VA:H/SC:H/SI:H/SA:H/E:U;5.9
CVE-2020-25160;CVSS:4.0/AV:L/AC:L/AT:N/PR:N/UI:N/VC:L/VI:L/VA:L/SC:L/SI:L/SA:L;CVSS:3.0/AV:L/AC:L/PR:N/UI:N/S:C/C:L/I:L/A:L;5.1;6.8;U;0.00092;['SpaceCom: software Versions U61 and earlier (United States) L81 and earlier (outside the United States)', 'Battery pack with Wi-Fi: software Versions U61 and earlier (United States) L81 and earlier (outside the United States)', 'Data module compactplus: software Versions A10 and A11 (not distributed in the United States)'];;IIa;hospital;CVSS:4.0/AV:L/AC:L/AT:N/PR:N/UI:N/VC:L/VI:L/VA:L/SC:L/SI:L/SA:L/E:U/CR:L/IR:M/AR:M/MSI:S/MSA:S;;5.0;N/A;CVSS:4.0/AV:L/AC:L/AT:N/PR:N/UI:N/VC:L/VI:L/VA:L/SC:L/SI:L/SA:L/E:U;1.2
CVE-2020-25165;CVSS:4.0/AV:N/AC:L/AT:P/PR:N/UI:N/VC:N/VI:L/VA:L/SC:N/SI:N/SA:L;CVSS:3.0/AV:N/AC:L/PR:N/UI:N/S:U/C:N/I:L/A:L;6.3;6.5;U;0.00207;['Alaris PC Unit Model 8015: Versions 9.33.1 and earlier', 'Alaris Systems Manager: Versions 4.33 and earlier'];;IIb;hospital;CVSS:4.0/AV:N/AC:L/AT:P/PR:N/UI:N/VC:N/VI:L/VA:L/SC:N/SI:N/SA:L/E:U/CR:L/IR:M/AR:M/MSA:S;;4.2;N/A;CVSS:4.0/AV:N/AC:L/AT:P/PR:N/UI:N/VC:N/VI:L/VA:L/SC:N/SI:N/SA:L/E:U;1.7
CVE-2020-25175;CVSS:4.0/AV:N/AC:L/AT:P/PR:N/UI:N/VC:H/VI:H/VA:H/SC:H/SI:N/SA:N;CVSS:3.0/AV:N/AC:L/PR:N/UI:N/S:U/C:H/I:H/A:H;9.4;9.8;U;0.00235;['3.0T Signa Hdxt: HD 16 | HD23', '3.0T Signa HDXx: HD 16 | HD23', '1.5T Brivo MR355: SV20.1 | SV23.0', 'Optima MR360: SV20.1 | SV23.0', '1.5T Signa Hdx: HD 16 | HD23', '1.5T Signa Hdx: HD 16 | HD23', 'Signa Hdi: HD 16 | HD23', 'Signa VIBRANT: HD 16 | HD23', 'LOGIQ 5: BT03', 'LOGIQ 7: BT03 | BT04 | BT06', 'LOGIQ 9: BT02 | BT03 | BT04 | BT06', 'Vivid I: BT06', 'Vivid 7: >=BT02 | <= BT06', 'EchoPAC (Turnkey): BT06', 'Image Vault (Turnkey): 4.3', 'Voluson 730: BT05 | BT08', 'AW: >= 4.0 | <= 4.6', 'AWS: >= 2.0 | <= 3.0', 'Innova 2000: *', 'Innova 3100: *', 'Innova 4100: *', 'Innova 2100-IQ: *', 'Innova 3100-IQ: *', 'Innova 4100-IQ: *', 'Innova 212-IQ: *', 'Innova 313-IQ: *', 'Optima 320: *', 'Optima CL320i: *', 'Optima CL323i: *', 'Optima CL320: *', 'Optima 3100: *', 'Optima IGS 320: *', 'Optima IGS 330: *', 'Innova IGS 5x0: *', 'Innova IGS 6x0: *', 'Innova IGS 7x0: *', 'Brivo XR118: *', 'Brivo XR383: *', 'Brivo XR515: *', 'Brivo XR575: *', 'Definium 5000: *', 'Definium 6000: *', 'Definium 8000: *', 'AMX 700: *', 'Discovery Xr650: *', 'Discovery XR656: *', 'Discovery XR656+: *', 'Optima XR640: *', 'Optima XR646: *', 'Optima XR220amx: *', 'Optima XR200amx: *', 'Precision 500D: *', 'Precision WDR1: *', 'Seno 200D: *', 'Seno DS: *', 'Essential: *', 'Senographe Pristina: *', 'BrightSpeed Elite: *', 'BrightSpeed Elite Select: *', 'BrightSpeed Edge: *', 'BrightSpeed Edge Select: *', 'Brivo CT385: *', 'Discovery CT590RT: *', 'Discovery CT750HD: *', 'LightSpeed VCT: *', 'LightSpeed Pro16: *', 'LightSpeed RT16: *', 'Optima Advance: *', 'Optima CT520: *', 'Optima CT540: *', 'Optima CT660: *', 'Optima CT580: *', 'Optima CT580RT: *', 'Optima CT580W: *', 'Optima CT670: *', 'Optima CT680 Quantum: *', 'Optima CT680 Expert: *', 'Optima CT680 Professional: *', 'Revolution EVO: *', 'Revolution HD: *', 'Revolution HACT: *', 'Revolution ACTs: *', 'Revolution CT: *', 'Revolution Discover CT: *', 'Revolution Frontier: *', 'Revolution Frontier ES: *', 'Brivio NM 615: *', 'Discovery NM 630: *', 'Discovery NM 750b: *', 'Discovery NM D530c: *', 'Discovery NM/CT D570c: *', 'Discovery NM/CT 670: *', 'Infinia: *', 'Discovery NM830: *', 'Discovery NM/CT 860: *', 'Discovery NM/CT 850: *', 'Discovery NM/CT 870: *', 'Discovery MI MI DR: *', 'Discovery IQ: *', 'Optima NM/CT640: *', 'Ventri: *', 'Xeleris: *', 'PET Discovery IQ: *', 'PET Discovery IQ upgrade: *', 'PETrace 800: *', 'GE Imaging and Ultrasound Products: *', 'Alaris PC Unit: *'];;IIb;hospital;CVSS:4.0/AV:N/AC:L/AT:P/PR:N/UI:N/VC:H/VI:H/VA:H/SC:H/SI:H/SA:N/E:U/CR:L/IR:M/AR:M/MSI:S;;8.2;N/A;CVSS:4.0/AV:N/AC:L/AT:P/PR:N/UI:N/VC:H/VI:H/VA:H/SC:H/SI:N/SA:N/E:U;8.1
CVE-2020-25179;CVSS:4.0/AV:N/AC:L/AT:P/PR:N/UI:N/VC:H/VI:H/VA:H/SC:H/SI:H/SA:N;CVSS:3.0/AV:N/AC:L/PR:N/UI:N/S:U/C:H/I:H/A:H;9.5;9.8;U;0.00221;['3.0T Signa Hdxt: HD 16 | HD23', '3.0T Signa HDXx: HD 16 | HD23', '1.5T Brivo MR355: SV20.1 | SV23.0', 'Optima MR360: SV20.1 | SV23.0', '1.5T Signa Hdx: HD 16 | HD23', '1.5T Signa Hdx: HD 16 | HD23', 'Signa Hdi: HD 16 | HD23', 'Signa VIBRANT: HD 16 | HD23', 'LOGIQ 5: BT03', 'LOGIQ 7: BT03 | BT04 | BT06', 'LOGIQ 9: BT02 | BT03 | BT04 | BT06', 'Vivid I: BT06', 'Vivid 7: >=BT02 | <= BT06', 'EchoPAC (Turnkey): BT06', 'Image Vault (Turnkey): 4.3', 'Voluson 730: BT05 | BT08', 'AW: >= 4.0 | <= 4.6', 'AWS: >= 2.0 | <= 3.0', 'Innova 2000: *', 'Innova 3100: *', 'Innova 4100: *', 'Innova 2100-IQ: *', 'Innova 3100-IQ: *', 'Innova 4100-IQ: *', 'Innova 212-IQ: *', 'Innova 313-IQ: *', 'Optima 320: *', 'Optima CL320i: *', 'Optima CL323i: *', 'Optima CL320: *', 'Optima 3100: *', 'Optima IGS 320: *', 'Optima IGS 330: *', 'Innova IGS 5x0: *', 'Innova IGS 6x0: *', 'Innova IGS 7x0: *', 'Brivo XR118: *', 'Brivo XR383: *', 'Brivo XR515: *', 'Brivo XR575: *', 'Definium 5000: *', 'Definium 6000: *', 'Definium 8000: *', 'AMX 700: *', 'Discovery Xr650: *', 'Discovery XR656: *', 'Discovery XR656+: *', 'Optima XR640: *', 'Optima XR646: *', 'Optima XR220amx: *', 'Optima XR200amx: *', 'Precision 500D: *', 'Precision WDR1: *', 'Seno 200D: *', 'Seno DS: *', 'Essential: *', 'Senographe Pristina: *', 'BrightSpeed Elite: *', 'BrightSpeed Elite Select: *', 'BrightSpeed Edge: *', 'BrightSpeed Edge Select: *', 'Brivo CT385: *', 'Discovery CT590RT: *', 'Discovery CT750HD: *', 'LightSpeed VCT: *', 'LightSpeed Pro16: *', 'LightSpeed RT16: *', 'Optima Advance: *', 'Optima CT520: *', 'Optima CT540: *', 'Optima CT660: *', 'Optima CT580: *', 'Optima CT580RT: *', 'Optima CT580W: *', 'Optima CT670: *', 'Optima CT680 Quantum: *', 'Optima CT680 Expert: *', 'Optima CT680 Professional: *', 'Revolution EVO: *', 'Revolution HD: *', 'Revolution HACT: *', 'Revolution ACTs: *', 'Revolution CT: *', 'Revolution Discover CT: *', 'Revolution Frontier: *', 'Revolution Frontier ES: *', 'Brivio NM 615: *', 'Discovery NM 630: *', 'Discovery NM 750b: *', 'Discovery NM D530c: *', 'Discovery NM/CT D570c: *', 'Discovery NM/CT 670: *', 'Infinia: *', 'Discovery NM830: *', 'Discovery NM/CT 860: *', 'Discovery NM/CT 850: *', 'Discovery NM/CT 870: *', 'Discovery MI MI DR: *', 'Discovery IQ: *', 'Optima NM/CT640: *', 'Ventri: *', 'Xeleris: *', 'PET Discovery IQ: *', 'PET Discovery IQ upgrade: *', 'PETrace 800: *', 'GE Imaging and Ultrasound Products: *', 'Alaris PC Unit: *'];;IIb;hospital;CVSS:4.0/AV:N/AC:L/AT:P/PR:N/UI:N/VC:H/VI:H/VA:H/SC:H/SI:H/SA:N/E:U/CR:L/IR:M/AR:M/MSI:S;;8.2;N/A;CVSS:4.0/AV:N/AC:L/AT:P/PR:N/UI:N/VC:H/VI:H/VA:H/SC:H/SI:H/SA:N/E:U;8.2
CVE-2020-25183;CVSS:4.0/AV:A/AC:L/AT:P/PR:N/UI:N/VC:H/VI:H/VA:H/SC:H/SI:H/SA:N;CVSS:3.0/AV:A/AC:L/PR:N/UI:R/S:U/C:H/I:H/A:H;8.9;8.0;U;0.00046;['Smart Model 25000 Patient Reader: all versions'];;IIa;both;CVSS:4.0/AV:A/AC:L/AT:P/PR:N/UI:N/VC:H/VI:H/VA:H/SC:H/SI:H/SA:N/E:U/CR:L/IR:M/AR:M/MSI:S;CVSS:4.0/AV:A/AC:L/AT:P/PR:N/UI:N/VC:H/VI:H/VA:H/SC:H/SI:H/SA:N/E:U/CR:H/IR:H/AR:H/MSI:S;6.7;7.4;CVSS:4.0/AV:A/AC:L/AT:P/PR:N/UI:N/VC:H/VI:H/VA:H/SC:H/SI:H/SA:N/E:U;6.0
CVE-2020-25187;CVSS:4.0/AV:A/AC:L/AT:P/PR:N/UI:P/VC:H/VI:H/VA:H/SC:L/SI:H/SA:H;CVSS:3.0/AV:A/AC:L/PR:N/UI:R/S:C/C:H/I:H/A:H;8.8;8.8;U;0.00347;['Smart Model 25000 Patient Reader: all versions'];;IIa;both;CVSS:4.0/AV:A/AC:L/AT:P/PR:N/UI:P/VC:H/VI:H/VA:H/SC:L/SI:H/SA:H/E:U/CR:L/IR:M/AR:M/MSI:S/MSA:S;CVSS:4.0/AV:A/AC:L/AT:P/PR:N/UI:P/VC:H/VI:H/VA:H/SC:L/SI:H/SA:H/E:U/CR:H/IR:H/AR:H/MSI:S/MSA:S;6.7;7.4;CVSS:4.0/AV:A/AC:L/AT:P/PR:N/UI:P/VC:H/VI:H/VA:H/SC:L/SI:H/SA:H/E:U;5.9
CVE-2020-27252;CVSS:4.0/AV:A/AC:L/AT:N/PR:N/UI:A/VC:H/VI:H/VA:H/SC:H/SI:N/SA:N;CVSS:3.0/AV:A/AC:L/PR:N/UI:R/S:C/C:H/I:H/A:H;9.2;8.8;P;0.00417;['Smart Model 25000 Patient Reader: all versions'];;IIa;both;CVSS:4.0/AV:A/AC:L/AT:N/PR:N/UI:A/VC:H/VI:H/VA:H/SC:H/SI:N/SA:N/E:P/CR:L/IR:M/AR:M;CVSS:4.0/AV:A/AC:L/AT:N/PR:N/UI:A/VC:H/VI:H/VA:H/SC:H/SI:N/SA:N/E:P/CR:H/IR:H/AR:H;7.0;8.3;CVSS:4.0/AV:A/AC:L/AT:N/PR:N/UI:A/VC:H/VI:H/VA:H/SC:H/SI:N/SA:N/E:U;7.2
CVE-2024-12248;CVSS:4.0/AV:N/AC:L/AT:N/PR:N/UI:N/VC:H/VI:H/VA:H/SC:N/SI:L/SA:N;CVSS:3.1/AV:N/AC:L/PR:N/UI:N/S:U/C:H/I:H/A:H;9.3;9.8;U;0.00269;['Contec Health CMS8000 Patient Monitor Firmware: smart3250-2.6.27-wlan2.1.7.cramfs', 'Contec Health CMS8000 Patient Monitor Firmware: CMS7.820.075.08/0.74(0.75)', 'Contec Health CMS8000 Patient Monitor Firmware: CMS7.820.120.01/0.93(0.95)'];;IIb;hospital;CVSS:4.0/AV:N/AC:L/AT:N/PR:N/UI:N/VC:H/VI:H/VA:H/SC:N/SI:L/SA:N/E:U/CR:L/IR:M/AR:M/MSI:S;;8.9;N/A;CVSS:4.0/AV:N/AC:L/AT:N/PR:N/UI:N/VC:H/VI:H/VA:H/SC:N/SI:L/SA:N/E:U;8.1
CVE-2025-0626;CVSS:4.0/AV:N/AC:H/AT:P/PR:N/UI:P/VC:H/VI:H/VA:H/SC:N/SI:N/SA:N;CVSS:3.1/AV:N/AC:H/PR:N/UI:R/S:U/C:H/I:H/A:H;7.7;7.5;U;0.00118;['Contec Health CMS8000 Patient Monitor Firmware: smart3250-2.6.27-wlan2.1.7.cramfs', 'Contec Health CMS8000 Patient Monitor Firmware: CMS7.820.075.08/0.74(0.75)', 'Contec Health CMS8000 Patient Monitor Firmware: CMS7.820.120.01/0.93(0.95)', 'Contec Health CMS8000 Patient Monitor: vers:all/*'];;IIb;hospital;CVSS:4.0/AV:N/AC:H/AT:P/PR:N/UI:P/VC:H/VI:H/VA:H/SC:N/SI:N/SA:N/E:U/CR:L/IR:M/AR:M;;2.9;N/A;CVSS:4.0/AV:N/AC:H/AT:P/PR:N/UI:P/VC:H/VI:H/VA:H/SC:N/SI:N/SA:N/E:U;5.2
CVE-2025-0683;CVSS:4.0/AV:N/AC:H/AT:P/PR:N/UI:N/VC:H/VI:N/VA:N/SC:H/SI:N/SA:N;CVSS:3.1/AV:N/AC:H/PR:N/UI:N/S:U/C:H/I:N/A:N;8.9;5.9;U;0.00053;['Contec Health CMS8000 Patient Monitor Firmware: smart3250-2.6.27-wlan2.1.7.cramfs', 'Contec Health CMS8000 Patient Monitor Firmware: CMS7.820.075.08/0.74(0.75)', 'Contec Health CMS8000 Patient Monitor Firmware: CMS7.820.120.01/0.93(0.95)', 'Contec Health CMS8000 Patient Monitor: vers:all/*'];;IIb;hospital;CVSS:4.0/AV:N/AC:H/AT:P/PR:N/UI:N/VC:H/VI:N/VA:N/SC:H/SI:N/SA:N/E:U/CR:L/IR:M/AR:M;;4.5;N/A;CVSS:4.0/AV:N/AC:H/AT:P/PR:N/UI:N/VC:H/VI:N/VA:N/SC:H/SI:N/SA:N/E:U;6.3
CVE-2025-1204;CVSS:4.0/AV:N/AC:H/AT:P/PR:N/UI:A/VC:H/VI:H/VA:H/SC:L/SI:H/SA:L;CVSS:3.1/AV:N/AC:H/PR:N/UI:R/S:U/C:H/I:H/A:H;8.8;7.5;U;0.00061;['Contec Health CMS8000 Patient Monitor Firmware: smart3250-2.6.27-wlan2.1.7.cramfs', 'Contec Health CMS8000 Patient Monitor Firmware: CMS7.820.075.08/0.74(0.75)', 'Contec Health CMS8000 Patient Monitor Firmware: CMS7.820.120.01/0.93(0.95)', 'Contec Health CMS8000 Patient Monitor: vers:all/*'];;IIb;hospital;CVSS:4.0/AV:N/AC:H/AT:P/PR:N/UI:A/VC:H/VI:H/VA:H/SC:L/SI:H/SA:L/E:U/CR:L/IR:M/AR:M/MSI:S/MSA:S;;6.7;N/A;CVSS:4.0/AV:N/AC:H/AT:P/PR:N/UI:A/VC:H/VI:H/VA:H/SC:L/SI:H/SA:L/E:U;5.8
CVE-2025-1002;CVSS:4.0/AV:A/AC:L/AT:N/PR:N/UI:A/VC:N/VI:H/VA:N/SC:N/SI:N/SA:N;CVSS:3.1/AV:A/AC:L/PR:N/UI:R/S:U/C:N/I:H/A:N;6.8;5.7;U;0.00012;['MicroDicom MicroDicom DICOM Viewer: 2024.03'];;IIb;hospital;CVSS:4.0/AV:A/AC:L/AT:N/PR:N/UI:A/VC:N/VI:H/VA:N/SC:N/SI:N/SA:N/E:U/CR:L/IR:M/AR:M;;2.0;N/A;CVSS:4.0/AV:A/AC:L/AT:N/PR:N/UI:A/VC:N/VI:H/VA:N/SC:N/SI:N/SA:N/E:U;4.3
CVE-2025-0896;CVSS:4.0/AV:N/AC:L/AT:N/PR:N/UI:N/VC:H/VI:H/VA:H/SC:H/SI:H/SA:L;CVSS:3.1/AV:N/AC:L/PR:N/UI:N/S:U/C:H/I:H/A:H;10.0;9.8;U;0.00049;['Orthanc Orthanc server: <1.5.8'];;IIb;hospital;CVSS:4.0/AV:N/AC:L/AT:N/PR:N/UI:N/VC:H/VI:H/VA:H/SC:H/SI:H/SA:L/E:U/CR:L/IR:M/AR:M/MSI:S/MSA:S;;9.2;N/A;CVSS:4.0/AV:N/AC:L/AT:N/PR:N/UI:N/VC:H/VI:H/VA:H/SC:H/SI:H/SA:L/E:U;9.1
CVE-2025-20615;CVSS:4.0/AV:P/AC:L/AT:N/PR:L/UI:N/VC:H/VI:H/VA:L/SC:H/SI:H/SA:L;CVSS:3.1/AV:P/AC:L/PR:L/UI:N/S:U/C:H/I:H/A:L;8.5;6.2;U;0.00024;['Qardio Qardio Heart Health IOS Mobile Application: 2.7.4', 'Qardio Qardio Heart Health Android Mobile Application: 2.5.1', 'Qardio QardioARM A100: vers:all/*'];;IIa;both;CVSS:4.0/AV:P/AC:L/AT:N/PR:L/UI:N/VC:H/VI:H/VA:L/SC:H/SI:H/SA:L/E:U/CR:L/IR:M/AR:M/MSI:S/MSA:S;CVSS:4.0/AV:P/AC:L/AT:N/PR:L/UI:N/VC:H/VI:H/VA:L/SC:H/SI:H/SA:L/E:U/CR:H/IR:H/AR:H/MSI:S/MSA:S;5.7;7.4;CVSS:4.0/AV:P/AC:L/AT:N/PR:L/UI:N/VC:H/VI:H/VA:L/SC:H/SI:H/SA:L/E:U;5.4
CVE-2025-24836;CVSS:4.0/AV:A/AC:H/AT:P/PR:N/UI:N/VC:L/VI:H/VA:H/SC:N/SI:L/SA:H;CVSS:3.1/AV:A/AC:H/PR:N/UI:N/S:U/C:L/I:H/A:H;7.2;7.1;U;0.00029;['Qardio Qardio Heart Health IOS Mobile Application: 2.7.4', 'Qardio Qardio Heart Health Android Mobile Application: 2.5.1', 'Qardio QardioARM A100: vers:all/*'];;IIa;both;CVSS:4.0/AV:A/AC:H/AT:P/PR:N/UI:N/VC:L/VI:H/VA:H/SC:N/SI:L/SA:H/E:U/CR:L/IR:M/AR:M/MSI:S/MSA:S;CVSS:4.0/AV:A/AC:H/AT:P/PR:N/UI:N/VC:L/VI:H/VA:H/SC:N/SI:L/SA:H/E:U/CR:H/IR:H/AR:H/MSI:S/MSA:S;5.2;6.0;CVSS:4.0/AV:A/AC:H/AT:P/PR:N/UI:N/VC:L/VI:H/VA:H/SC:N/SI:L/SA:H/E:U;4.2
CVE-2025-23421;CVSS:4.0/AV:P/AC:L/AT:N/PR:N/UI:N/VC:H/VI:H/VA:L/SC:N/SI:N/SA:N;CVSS:3.1/AV:P/AC:L/PR:N/UI:N/S:U/C:H/I:H/A:L;6.9;6.4;U;0.00028;['Qardio Qardio Heart Health IOS Mobile Application: 2.7.4', 'Qardio Qardio Heart Health Android Mobile Application: 2.5.1', 'Qardio QardioARM A100: vers:all/*'];;IIa;both;CVSS:4.0/AV:P/AC:L/AT:N/PR:N/UI:N/VC:H/VI:H/VA:L/SC:N/SI:N/SA:N/E:U/CR:L/IR:M/AR:M;CVSS:4.0/AV:P/AC:L/AT:N/PR:N/UI:N/VC:H/VI:H/VA:L/SC:N/SI:N/SA:N/E:U/CR:H/IR:H/AR:H;2.0;3.9;CVSS:4.0/AV:P/AC:L/AT:N/PR:N/UI:N/VC:H/VI:H/VA:L/SC:N/SI:N/SA:N/E:U;3.9
CVE-2025-1001;CVSS:4.0/AV:A/AC:L/AT:P/PR:N/UI:A/VC:N/VI:H/VA:N/SC:N/SI:N/SA:N;CVSS:3.1/AV:A/AC:L/PR:N/UI:R/S:U/C:N/I:H/A:N;5.7;5.7;U;4,00E-05;['Medixant RadiAnt DICOM Viewer: 2024.02'];;IIb;hospital;CVSS:4.0/AV:A/AC:L/AT:P/PR:N/UI:A/VC:N/VI:H/VA:N/SC:N/SI:N/SA:N/E:U/CR:L/IR:M/AR:M;;0.9;N/A;CVSS:4.0/AV:A/AC:L/AT:P/PR:N/UI:A/VC:N/VI:H/VA:N/SC:N/SI:N/SA:N/E:U;1.9
CVE-2025-20060;CVSS:4.0/AV:N/AC:L/AT:N/PR:N/UI:N/VC:H/VI:N/VA:N/SC:N/SI:N/SA:N;CVSS:3.1/AV:N/AC:L/PR:N/UI:N/S:U/C:H/I:N/A:N;8.7;7.5;U;0.00049;['Dario Health USB-C Blood Glucose Monitoring System Starter Kit Android Applications: <=5.8.7.0.36', 'Dario Health Dario Application Database and Internet-based Server Infrastructure: vers:all/*'];;IIa;hospital;CVSS:4.0/AV:N/AC:L/AT:N/PR:N/UI:N/VC:H/VI:N/VA:N/SC:N/SI:N/SA:N/E:U/CR:L/IR:M/AR:M;;4.4;N/A;CVSS:4.0/AV:N/AC:L/AT:N/PR:N/UI:N/VC:H/VI:N/VA:N/SC:N/SI:N/SA:N/E:U;6.6
CVE-2025-23405;CVSS:4.0/AV:N/AC:L/AT:N/PR:N/UI:N/VC:N/VI:L/VA:N/SC:N/SI:L/SA:N;CVSS:3.1/AV:N/AC:L/PR:N/UI:N/S:U/C:N/I:L/A:N;6.9;5.3;U;0.00055;['Dario Health USB-C Blood Glucose Monitoring System Starter Kit Android Applications: <=5.8.7.0.36', 'Dario Health Dario Application Database and Internet-based Server Infrastructure: vers:all/*'];;IIa;hospital;CVSS:4.0/AV:N/AC:L/AT:N/PR:N/UI:N/VC:N/VI:L/VA:N/SC:N/SI:L/SA:N/E:U/CR:L/IR:M/AR:M/MSI:S;;6.6;N/A;CVSS:4.0/AV:N/AC:L/AT:N/PR:N/UI:N/VC:N/VI:L/VA:N/SC:N/SI:L/SA:N/E:U;2.7
CVE-2025-24843;CVSS:4.0/AV:L/AC:L/AT:N/PR:N/UI:N/VC:N/VI:L/VA:L/SC:N/SI:N/SA:N;CVSS:3.1/AV:L/AC:L/PR:N/UI:N/S:U/C:N/I:L/A:L;5.1;5.1;U;0.00018;['Dario Health USB-C Blood Glucose Monitoring System Starter Kit Android Applications: <=5.8.7.0.36', 'Dario Health Dario Application Database and Internet-based Server Infrastructure: vers:all/*'];;IIa;hospital;CVSS:4.0/AV:L/AC:L/AT:N/PR:N/UI:N/VC:N/VI:L/VA:L/SC:N/SI:N/SA:N/E:U/CR:L/IR:M/AR:M;;1.2;N/A;CVSS:4.0/AV:L/AC:L/AT:N/PR:N/UI:N/VC:N/VI:L/VA:L/SC:N/SI:N/SA:N/E:U;1.2
CVE-2025-24849;CVSS:4.0/AV:A/AC:H/AT:P/PR:N/UI:P/VC:H/VI:H/VA:H/SC:N/SI:N/SA:N;CVSS:3.1/AV:A/AC:H/PR:N/UI:R/S:U/C:H/I:H/A:H;7.5;7.1;U;6,00E-05;['Dario Health USB-C Blood Glucose Monitoring System Starter Kit Android Applications: <=5.8.7.0.36', 'Dario Health Dario Application Database and Internet-based Server Infrastructure: vers:all/*'];;IIa;hospital;CVSS:4.0/AV:A/AC:H/AT:P/PR:N/UI:P/VC:H/VI:H/VA:H/SC:N/SI:N/SA:N/E:U/CR:L/IR:M/AR:M;;2.6;N/A;CVSS:4.0/AV:A/AC:H/AT:P/PR:N/UI:P/VC:H/VI:H/VA:H/SC:N/SI:N/SA:N/E:U;4.8
CVE-2025-20049;CVSS:4.0/AV:N/AC:H/AT:P/PR:L/UI:A/VC:H/VI:N/VA:N/SC:H/SI:H/SA:H;CVSS:3.1/AV:N/AC:H/PR:L/UI:R/S:C/C:H/I:N/A:N;7.1;5.8;U;0.00034;['Dario Health USB-C Blood Glucose Monitoring System Starter Kit Android Applications: <=5.8.7.0.36', 'Dario Health Dario Application Database and Internet-based Server Infrastructure: vers:all/*'];;IIa;hospital;CVSS:4.0/AV:N/AC:H/AT:P/PR:L/UI:A/VC:H/VI:N/VA:N/SC:H/SI:H/SA:H/E:U/CR:L/IR:M/AR:M/MSI:S/MSA:S;;4.6;N/A;CVSS:4.0/AV:N/AC:H/AT:P/PR:L/UI:A/VC:H/VI:N/VA:N/SC:H/SI:H/SA:H/E:U;4.0
CVE-2025-24318;CVSS:4.0/AV:N/AC:H/AT:P/PR:N/UI:A/VC:H/VI:N/VA:N/SC:N/SI:N/SA:N;CVSS:3.1/AV:N/AC:H/PR:N/UI:N/S:C/C:H/I:N/A:N;5.9;6.8;U;0.00045;['Dario Health USB-C Blood Glucose Monitoring System Starter Kit Android Applications: <=5.8.7.0.36', 'Dario Health Dario Application Database and Internet-based Server Infrastructure: vers:all/*'];;IIa;hospital;CVSS:4.0/AV:N/AC:H/AT:P/PR:N/UI:A/VC:H/VI:N/VA:N/SC:N/SI:N/SA:N/E:U/CR:L/IR:M/AR:M;;1.1;N/A;CVSS:4.0/AV:N/AC:H/AT:P/PR:N/UI:A/VC:H/VI:N/VA:N/SC:N/SI:N/SA:N/E:U;2.1
CVE-2025-24316;CVSS:4.0/AV:N/AC:L/AT:N/PR:N/UI:N/VC:L/VI:N/VA:N/SC:N/SI:N/SA:N;CVSS:3.1/AV:N/AC:L/PR:N/UI:N/S:U/C:L/I:N/A:N;6.9;5.3;U;0.00039;['Dario Health USB-C Blood Glucose Monitoring System Starter Kit Android Applications: <=5.8.7.0.36', 'Dario Health Dario Application Database and Internet-based Server Infrastructure: vers:all/*'];;IIa;hospital;CVSS:4.0/AV:N/AC:L/AT:N/PR:N/UI:N/VC:L/VI:N/VA:N/SC:N/SI:N/SA:N/E:U/CR:L/IR:M/AR:M;;2.7;N/A;CVSS:4.0/AV:N/AC:L/AT:N/PR:N/UI:N/VC:L/VI:N/VA:N/SC:N/SI:N/SA:N/E:U;2.7
CVE-2025-2230;CVSS:4.0/AV:L/AC:L/AT:N/PR:N/UI:N/VC:H/VI:H/VA:N/SC:H/SI:H/SA:N;CVSS:3.1/AV:L/AC:L/PR:N/UI:N/S:U/C:H/I:H/A:N;9.3;8.5;U;0.00028;Windows Server;;I;both;CVSS:4.0/AV:L/AC:L/AT:N/PR:N/UI:N/VC:H/VI:H/VA:N/SC:H/SI:H/SA:N/E:U/CR:L/IR:M/AR:M;CVSS:4.0/AV:L/AC:L/AT:N/PR:N/UI:N/VC:H/VI:H/VA:N/SC:H/SI:H/SA:N/E:U/CR:H/IR:H/AR:H;5.9;7.3;CVSS:4.0/AV:L/AC:L/AT:N/PR:N/UI:N/VC:H/VI:H/VA:N/SC:H/SI:H/SA:N/E:U;7.3
CVE-2025-2229;CVSS:4.0/AV:L/AC:L/AT:N/PR:N/UI:N/VC:H/VI:H/VA:N/SC:N/SI:N/SA:N;CVSS:3.1/AV:L/AC:L/PR:N/UI:N/S:U/C:H/I:H/A:N;8.5;8.5;U;0.0001;Active Directory Federation Services;;I;both;CVSS:4.0/AV:L/AC:L/AT:N/PR:N/UI:N/VC:H/VI:H/VA:N/SC:N/SI:N/SA:N/E:U/CR:L/IR:M/AR:M;CVSS:4.0/AV:L/AC:L/AT:N/PR:N/UI:N/VC:H/VI:H/VA:N/SC:N/SI:N/SA:N/E:U/CR:H/IR:H/AR:H;4.3;6.0;CVSS:4.0/AV:L/AC:L/AT:N/PR:N/UI:N/VC:H/VI:H/VA:N/SC:N/SI:N/SA:N/E:U;6.0
CVE-2025-1024;CVSS:4.0/AV:N/AC:L/AT:N/PR:H/UI:P/VC:L/VI:L/VA:N/SC:H/SI:L/SA:H;CVSS:3.1/AV:N/AC:L/PR:H/UI:R/S:C/C:L/I:L/A:N;6.2;8.4;U;0.00032;Churchcrm Churchcrm [Application];cpe:2.3:a:churchcrm:churchcrm:*:*:*:*:*:*:*:*;I;hospital;CVSS:4.0/AV:N/AC:L/AT:N/PR:H/UI:P/VC:L/VI:L/VA:N/SC:H/SI:L/SA:H/E:U/CR:L/IR:M/AR:M;;2.3;N/A;CVSS:4.0/AV:N/AC:L/AT:N/PR:H/UI:P/VC:L/VI:L/VA:N/SC:H/SI:L/SA:H/E:U;2.3
CVE-2024-54681;CVSS:4.0/AV:N/AC:L/AT:P/PR:L/UI:N/VC:N/VI:N/VA:L/SC:N/SI:N/SA:H;CVSS:3.1/AV:N/AC:L/PR:L/UI:R/S:U/C:N/I:N/A:L;4.9;2.0;U;0.00048;Mobile Logic Application;;I;both;CVSS:4.0/AV:N/AC:L/AT:P/PR:L/UI:N/VC:N/VI:N/VA:L/SC:N/SI:N/SA:H/E:U/CR:L/IR:M/AR:M;CVSS:4.0/AV:N/AC:L/AT:P/PR:L/UI:N/VC:N/VI:N/VA:L/SC:N/SI:N/SA:H/E:U/CR:H/IR:H/AR:H;1.1;1.1;CVSS:4.0/AV:N/AC:L/AT:P/PR:L/UI:N/VC:N/VI:N/VA:L/SC:N/SI:N/SA:H/E:U;1.1
CVE-2024-53683;CVSS:4.0/AV:L/AC:L/AT:P/PR:H/UI:N/VC:N/VI:H/VA:N/SC:N/SI:N/SA:N;CVSS:3.1/AV:L/AC:L/PR:H/UI:N/S:U/C:N/I:H/A:N;5.6;5.6;U;0.00018;Mobile Logic Application;;I;both;CVSS:4.0/AV:L/AC:L/AT:P/PR:H/UI:N/VC:N/VI:H/VA:N/SC:N/SI:N/SA:N/E:U/CR:L/IR:M/AR:M;CVSS:4.0/AV:L/AC:L/AT:P/PR:H/UI:N/VC:N/VI:H/VA:N/SC:N/SI:N/SA:N/E:U/CR:H/IR:H/AR:H;0.8;1.7;CVSS:4.0/AV:L/AC:L/AT:P/PR:H/UI:N/VC:N/VI:H/VA:N/SC:N/SI:N/SA:N/E:U;1.7
CVE-2024-45832;CVSS:4.0/AV:P/AC:L/AT:P/PR:N/UI:N/VC:L/VI:L/VA:L/SC:L/SI:H/SA:N;CVSS:3.1/AV:P/AC:L/PR:N/UI:N/S:U/C:L/I:L/A:L;2.0;2.0;U;0.00034;Mobile Logic Application;;I;both;CVSS:4.0/AV:P/AC:L/AT:P/PR:N/UI:N/VC:L/VI:L/VA:L/SC:L/SI:H/SA:N/E:U/CR:L/IR:M/AR:M;CVSS:4.0/AV:P/AC:L/AT:P/PR:N/UI:N/VC:L/VI:L/VA:L/SC:L/SI:H/SA:N/E:U/CR:H/IR:H/AR:H;0.3;0.3;CVSS:4.0/AV:P/AC:L/AT:P/PR:N/UI:N/VC:L/VI:L/VA:L/SC:L/SI:H/SA:N/E:U;0.3
CVE-2024-10476;CVSS:4.0/AV:A/AC:L/AT:N/PR:L/UI:N/VC:H/VI:H/VA:H/SC:H/SI:H/SA:N;CVSS:3.1/AV:A/AC:L/PR:L/UI:N/S:U/C:H/I:H/A:H;9.3;8.0;U;0.00046;BD Diagnostic Solutions;;I;both;CVSS:4.0/AV:A/AC:L/AT:N/PR:L/UI:N/VC:H/VI:H/VA:H/SC:H/SI:H/SA:N/E:U/CR:L/IR:M/AR:M;CVSS:4.0/AV:A/AC:L/AT:N/PR:L/UI:N/VC:H/VI:H/VA:H/SC:H/SI:H/SA:N/E:U/CR:H/IR:H/AR:H;6.0;7.4;CVSS:4.0/AV:A/AC:L/AT:N/PR:L/UI:N/VC:H/VI:H/VA:H/SC:H/SI:H/SA:N/E:U;7.4
CVE-2024-9832;CVSS:4.0/AV:L/AC:L/AT:N/PR:N/UI:N/VC:H/VI:H/VA:H/SC:H/SI:H/SA:H;CVSS:3.1/AV:L/AC:L/PR:N/UI:N/S:C/C:H/I:H/A:H;9.4;9.3;U;0.00026;Baxter Life2000 Ventilation System;;IIb;both;CVSS:4.0/AV:L/AC:L/AT:N/PR:N/UI:N/VC:H/VI:H/VA:H/SC:H/SI:H/SA:H/E:U/CR:L/IR:M/AR:M/MSI:S/MSA:S;CVSS:4.0/AV:L/AC:L/AT:N/PR:N/UI:N/VC:H/VI:H/VA:H/SC:H/SI:H/SA:H/E:U/CR:H/IR:H/AR:H/MSI:S/MSA:S;7.9;9.0;CVSS:4.0/AV:L/AC:L/AT:N/PR:N/UI:N/VC:H/VI:H/VA:H/SC:H/SI:H/SA:H/E:U;7.6
CVE-2024-48967;CVSS:4.0/AV:N/AC:L/AT:N/PR:N/UI:N/VC:H/VI:H/VA:H/SC:L/SI:L/SA:L;CVSS:3.1/AV:N/AC:L/PR:N/UI:N/S:C/C:H/I:H/A:H;9.3;10.0;U;0.00105;Baxter Life2000 Ventilation System;;IIb;both;CVSS:4.0/AV:N/AC:L/AT:N/PR:N/UI:N/VC:H/VI:H/VA:H/SC:L/SI:L/SA:L/E:U/CR:L/IR:M/AR:M/MSI:S/MSA:S;CVSS:4.0/AV:N/AC:L/AT:N/PR:N/UI:N/VC:H/VI:H/VA:H/SC:L/SI:L/SA:L/E:U/CR:H/IR:H/AR:H/MSI:S/MSA:S;9.1;9.5;CVSS:4.0/AV:N/AC:L/AT:N/PR:N/UI:N/VC:H/VI:H/VA:H/SC:L/SI:L/SA:L/E:U;8.1
CVE-2024-48970;CVSS:4.0/AV:L/AC:L/AT:N/PR:N/UI:N/VC:H/VI:H/VA:H/SC:H/SI:L/SA:N;CVSS:3.1/AV:L/AC:L/PR:N/UI:N/S:C/C:H/I:H/A:H;9.3;9.3;U;0.00022;Baxter Life2000 Ventilation System;;IIb;both;CVSS:4.0/AV:L/AC:L/AT:N/PR:N/UI:N/VC:H/VI:H/VA:H/SC:H/SI:L/SA:N/E:U/CR:L/IR:M/AR:M/MSI:S;CVSS:4.0/AV:L/AC:L/AT:N/PR:N/UI:N/VC:H/VI:H/VA:H/SC:H/SI:L/SA:N/E:U/CR:H/IR:H/AR:H/MSI:S;7.7;8.8;CVSS:4.0/AV:L/AC:L/AT:N/PR:N/UI:N/VC:H/VI:H/VA:H/SC:H/SI:L/SA:N/E:U;7.4
CVE-2024-48974;CVSS:4.0/AV:L/AC:L/AT:N/PR:N/UI:N/VC:H/VI:H/VA:H/SC:L/SI:L/SA:L;CVSS:3.1/AV:L/AC:L/PR:N/UI:N/S:C/C:H/I:H/A:H;8.6;9.3;U;0.00011;Baxter Life2000 Ventilation System;;IIb;both;CVSS:4.0/AV:L/AC:L/AT:N/PR:N/UI:N/VC:H/VI:H/VA:H/SC:L/SI:L/SA:L/E:U/CR:L/IR:M/AR:M/MSI:S/MSA:S;CVSS:4.0/AV:L/AC:L/AT:N/PR:N/UI:N/VC:H/VI:H/VA:H/SC:L/SI:L/SA:L/E:U/CR:H/IR:H/AR:H/MSI:S/MSA:S;7.8;8.9;CVSS:4.0/AV:L/AC:L/AT:N/PR:N/UI:N/VC:H/VI:H/VA:H/SC:L/SI:L/SA:L/E:U;6.1
CVE-2024-48973;CVSS:4.0/AV:L/AC:L/AT:P/PR:N/UI:A/VC:H/VI:H/VA:H/SC:H/SI:H/SA:H;CVSS:3.1/AV:L/AC:L/PR:N/UI:N/S:C/C:H/I:H/A:H;8.7;9.3;U;0.00022;Baxter Life2000 Ventilation System;;IIb;both;CVSS:4.0/AV:L/AC:L/AT:P/PR:N/UI:A/VC:H/VI:H/VA:H/SC:H/SI:H/SA:H/E:U/CR:L/IR:M/AR:M/MSI:S/MSA:S;CVSS:4.0/AV:L/AC:L/AT:P/PR:N/UI:A/VC:H/VI:H/VA:H/SC:H/SI:H/SA:H/E:U/CR:H/IR:H/AR:H/MSI:S/MSA:S;6.4;7.2;CVSS:4.0/AV:L/AC:L/AT:P/PR:N/UI:A/VC:H/VI:H/VA:H/SC:H/SI:H/SA:H/E:U;5.6
CVE-2020-8004;CVSS:4.0/AV:N/AC:L/AT:N/PR:N/UI:N/VC:H/VI:N/VA:N/SC:H/SI:N/SA:N;CVSS:3.1/AV:N/AC:L/PR:N/UI:N/S:U/C:H/I:N/A:N;9.2;7.5;P;0.04309;St Stm32f1 - [Hardware] | St Stm32f1 firmware - [Firmware];cpe:2.3:o:st:stm32f1_firmware:-:*:*:*:*:*:*:*, cpe:2.3:h:st:stm32f1:-:*:*:*:*:*:*:*;I;hospital;CVSS:4.0/AV:N/AC:L/AT:N/PR:N/UI:N/VC:H/VI:N/VA:N/SC:H/SI:N/SA:N/E:P/CR:L/IR:M/AR:M;;7.8;N/A;CVSS:4.0/AV:N/AC:L/AT:N/PR:N/UI:N/VC:H/VI:N/VA:N/SC:H/SI:N/SA:N/E:U;7.7
CVE-2024-48966;CVSS:4.0/AV:N/AC:L/AT:N/PR:N/UI:N/VC:H/VI:H/VA:H/SC:L/SI:H/SA:H;CVSS:3.1/AV:N/AC:L/PR:N/UI:N/S:C/C:H/I:H/A:H;10.0;10.0;U;0.001;Baxter Life2000 Ventilation System;;IIb;both;CVSS:4.0/AV:N/AC:L/AT:N/PR:N/UI:N/VC:H/VI:H/VA:H/SC:L/SI:H/SA:H/E:U/CR:L/IR:M/AR:M/MSI:S/MSA:S;CVSS:4.0/AV:N/AC:L/AT:N/PR:N/UI:N/VC:H/VI:H/VA:H/SC:L/SI:H/SA:H/E:U/CR:H/IR:H/AR:H/MSI:S/MSA:S;9.1;9.5;CVSS:4.0/AV:N/AC:L/AT:N/PR:N/UI:N/VC:H/VI:H/VA:H/SC:L/SI:H/SA:H/E:U;9.1
CVE-2024-9834;CVSS:4.0/AV:L/AC:L/AT:N/PR:N/UI:N/VC:H/VI:H/VA:H/SC:L/SI:L/SA:L;CVSS:3.1/AV:L/AC:L/PR:N/UI:N/S:C/C:H/I:H/A:H;8.6;9.3;U;0.00012;Baxter Life2000 Ventilation System;;IIb;both;CVSS:4.0/AV:L/AC:L/AT:N/PR:N/UI:N/VC:H/VI:H/VA:H/SC:L/SI:L/SA:L/E:U/CR:L/IR:M/AR:M/MSI:S/MSA:S;CVSS:4.0/AV:L/AC:L/AT:N/PR:N/UI:N/VC:H/VI:H/VA:H/SC:L/SI:L/SA:L/E:U/CR:H/IR:H/AR:H/MSI:S/MSA:S;7.8;8.9;CVSS:4.0/AV:L/AC:L/AT:N/PR:N/UI:N/VC:H/VI:H/VA:H/SC:L/SI:L/SA:L/E:U;6.1
CVE-2024-48971;CVSS:4.0/AV:L/AC:L/AT:N/PR:N/UI:N/VC:H/VI:H/VA:H/SC:H/SI:L/SA:L;CVSS:3.1/AV:L/AC:L/PR:N/UI:N/S:C/C:H/I:H/A:H;9.3;9.3;U;0.00026;Baxter Life2000 Ventilation System;;IIb;both;CVSS:4.0/AV:L/AC:L/AT:N/PR:N/UI:N/VC:H/VI:H/VA:H/SC:H/SI:L/SA:L/E:U/CR:L/IR:M/AR:M/MSI:S/MSA:S;CVSS:4.0/AV:L/AC:L/AT:N/PR:N/UI:N/VC:H/VI:H/VA:H/SC:H/SI:L/SA:L/E:U/CR:H/IR:H/AR:H/MSI:S/MSA:S;7.9;9.0;CVSS:4.0/AV:L/AC:L/AT:N/PR:N/UI:N/VC:H/VI:H/VA:H/SC:H/SI:L/SA:L/E:U;7.4
CVE-2024-34463;CVSS:4.0/AV:L/AC:L/AT:N/PR:N/UI:P/VC:L/VI:L/VA:N/SC:L/SI:L/SA:N;CVSS:3.1/AV:L/AC:L/PR:N/UI:N/S:U/C:L/I:L/A:N;4.8;5.1;P;0.01044;BPL Personal Weighing Scale PWS-01BT IND/09/18/599;;I;both;CVSS:4.0/AV:L/AC:L/AT:N/PR:N/UI:P/VC:L/VI:L/VA:N/SC:L/SI:L/SA:N/E:P/CR:L/IR:M/AR:M;CVSS:4.0/AV:L/AC:L/AT:N/PR:N/UI:P/VC:L/VI:L/VA:N/SC:L/SI:L/SA:N/E:P/CR:H/IR:H/AR:H;1.9;1.9;CVSS:4.0/AV:L/AC:L/AT:N/PR:N/UI:P/VC:L/VI:L/VA:N/SC:L/SI:L/SA:N/E:U;1.1
CVE-2024-6795;CVSS:4.0/AV:N/AC:L/AT:P/PR:N/UI:N/VC:H/VI:H/VA:H/SC:H/SI:H/SA:H;CVSS:3.1/AV:N/AC:L/PR:N/UI:N/S:C/C:H/I:H/A:H;9.5;10.0;U;0.00131;Baxter Connex health portal [Application];cpe:2.3:a:baxter:connex_health_portal:*:*:*:*:*:*:*:*;IIa;both;CVSS:4.0/AV:N/AC:L/AT:P/PR:N/UI:N/VC:H/VI:H/VA:H/SC:H/SI:H/SA:H/E:U/CR:L/IR:M/AR:M/MSI:S/MSA:S;CVSS:4.0/AV:N/AC:L/AT:P/PR:N/UI:N/VC:H/VI:H/VA:H/SC:H/SI:H/SA:H/E:U/CR:H/IR:H/AR:H/MSI:S/MSA:S;8.4;9.2;CVSS:4.0/AV:N/AC:L/AT:P/PR:N/UI:N/VC:H/VI:H/VA:H/SC:H/SI:H/SA:H/E:U;8.4
CVE-2024-6796;CVSS:4.0/AV:N/AC:L/AT:N/PR:N/UI:N/VC:L/VI:H/VA:N/SC:H/SI:H/SA:L;CVSS:3.1/AV:N/AC:L/PR:N/UI:N/S:U/C:L/I:H/A:N;9.3;8.2;U;0.00117;Baxter Connex health portal [Application];cpe:2.3:a:baxter:connex_health_portal:*:*:*:*:*:*:*:*;IIa;both;CVSS:4.0/AV:N/AC:L/AT:N/PR:N/UI:N/VC:L/VI:H/VA:N/SC:H/SI:H/SA:L/E:U/CR:L/IR:M/AR:M/MSI:S/MSA:S;CVSS:4.0/AV:N/AC:L/AT:N/PR:N/UI:N/VC:L/VI:H/VA:N/SC:H/SI:H/SA:L/E:U/CR:H/IR:H/AR:H/MSI:S/MSA:S;8.3;9.0;CVSS:4.0/AV:N/AC:L/AT:N/PR:N/UI:N/VC:L/VI:H/VA:N/SC:H/SI:H/SA:L/E:U;7.9
CVE-2023-40704;CVSS:4.0/AV:L/AC:L/AT:N/PR:L/UI:N/VC:H/VI:H/VA:N/SC:H/SI:H/SA:H;CVSS:3.1/AV:L/AC:L/PR:L/UI:N/S:U/C:H/I:H/A:N;9.3;8.4;U;0.00047;Philips Vue pacs [Application];cpe:2.3:a:philips:vue_pacs:*:*:*:*:*:*:*:*;IIa;hospital;CVSS:4.0/AV:L/AC:L/AT:N/PR:L/UI:N/VC:H/VI:H/VA:N/SC:H/SI:H/SA:H/E:U/CR:L/IR:M/AR:M/MSI:S/MSA:S;;7.6;N/A;CVSS:4.0/AV:L/AC:L/AT:N/PR:L/UI:N/VC:H/VI:H/VA:N/SC:H/SI:H/SA:H/E:U;7.3
CVE-2021-28165;CVSS:4.0/AV:N/AC:L/AT:N/PR:N/UI:N/VC:N/VI:N/VA:H/SC:N/SI:H/SA:N;CVSS:3.1/AV:N/AC:L/PR:N/UI:N/S:U/C:N/I:N/A:H;9.2;7.5;P;0.13629;Eclipse Jetty [Application] | Jenkins Jenkins LTS [Application] | Jenkins Jenkins [Application] | Netapp Cloud manager [Application] | Netapp E-series performance analyzer [Application] | Netapp E-series santricity os controller [Application] | Netapp E-series santricity storage [Application] | Netapp E-series santricity web services [Application] | Netapp Ontap tools [Application] | Netapp Santricity cloud connector - [Application] | Netapp Santricity web services proxy [Application] | Netapp Snapcenter [Application] | Netapp Storage replication adapter for clustered data ontap [Application] | Netapp Vasa provider for clustered data ontap [Application] | Oracle Autovue for agile product lifecycle management 21.0.2 [Application] | Oracle Communications cloud native core policy 1.14.0 [Application] | Oracle Communications element manager 8.2.2 [Application] | Oracle Communications services gatekeeper 7.0 [Application] | Oracle Communications session report manager [Application] | Oracle Communications session route manager [Application] | Oracle Rest data services [Application] | Oracle Siebel core - automation [Application];cpe:2.3:a:eclipse:jetty:*:*:*:*:*:*:*:*, cpe:2.3:a:eclipse:jetty:*:*:*:*:*:*:*:*, cpe:2.3:a:eclipse:jetty:*:*:*:*:*:*:*:*, cpe:2.3:a:oracle:autovue_for_agile_product_lifecycle_management:21.0.2:*:*:*:*:*:*:*, cpe:2.3:a:oracle:communications_cloud_native_core_policy:1.14.0:*:*:*:*:*:*:*, cpe:2.3:a:oracle:communications_element_manager:8.2.2:*:*:*:*:*:*:*, cpe:2.3:a:oracle:communications_services_gatekeeper:7.0:*:*:*:*:*:*:*, cpe:2.3:a:oracle:communications_session_report_manager:*:*:*:*:*:*:*:*, cpe:2.3:a:oracle:communications_session_route_manager:*:*:*:*:*:*:*:*, cpe:2.3:a:oracle:rest_data_services:*:*:*:*:*:*:*:*, cpe:2.3:a:oracle:siebel_core_-_automation:*:*:*:*:*:*:*:*, cpe:2.3:a:jenkins:jenkins:*:*:*:*:lts:*:*:*, cpe:2.3:a:jenkins:jenkins:*:*:*:*:*:*:*:*, cpe:2.3:a:netapp:cloud_manager:*:*:*:*:*:*:*:*, cpe:2.3:a:netapp:e-series_performance_analyzer:*:*:*:*:*:*:*:*, cpe:2.3:a:netapp:e-series_santricity_os_controller:*:*:*:*:*:*:*:*, cpe:2.3:a:netapp:e-series_santricity_storage:*:*:*:*:*:vcenter:*:*, cpe:2.3:a:netapp:e-series_santricity_web_services:*:*:*:*:*:web_services_proxy:*:*, cpe:2.3:a:netapp:ontap_tools:*:*:*:*:*:vmware_vsphere:*:*, cpe:2.3:a:netapp:santricity_cloud_connector:-:*:*:*:*:*:*:*, cpe:2.3:a:netapp:santricity_web_services_proxy:*:*:*:*:*:*:*:*, cpe:2.3:a:netapp:snapcenter:*:*:*:*:*:*:*:*, cpe:2.3:a:netapp:storage_replication_adapter_for_clustered_data_ontap:*:*:*:*:*:vmware_vsphere:*:*, cpe:2.3:a:netapp:vasa_provider_for_clustered_data_ontap:*:*:*:*:*:*:*:*;I;hospital;CVSS:4.0/AV:N/AC:L/AT:N/PR:N/UI:N/VC:N/VI:N/VA:H/SC:N/SI:H/SA:N/E:P/CR:L/IR:M/AR:M;;7.8;N/A;CVSS:4.0/AV:N/AC:L/AT:N/PR:N/UI:N/VC:N/VI:N/VA:H/SC:N/SI:H/SA:N/E:U;7.7
CVE-2024-33606;CVSS:4.0/AV:N/AC:L/AT:N/PR:N/UI:A/VC:H/VI:H/VA:H/SC:H/SI:N/SA:N;CVSS:3.1/AV:N/AC:L/PR:N/UI:R/S:U/C:H/I:H/A:H;9.2;8.6;U;0.00116;Microdicom Dicom viewer [Application];cpe:2.3:a:microdicom:dicom_viewer:*:*:*:*:*:*:*:*;IIa;hospital;CVSS:4.0/AV:N/AC:L/AT:N/PR:N/UI:A/VC:H/VI:H/VA:H/SC:H/SI:N/SA:N/E:U/CR:L/IR:M/AR:M;;5.9;N/A;CVSS:4.0/AV:N/AC:L/AT:N/PR:N/UI:A/VC:H/VI:H/VA:H/SC:H/SI:N/SA:N/E:U;7.3
CVE-2024-28877;CVSS:4.0/AV:N/AC:L/AT:N/PR:N/UI:A/VC:H/VI:H/VA:H/SC:N/SI:N/SA:H;CVSS:3.1/AV:N/AC:L/PR:N/UI:R/S:U/C:H/I:H/A:H;9.2;8.7;U;0.0021;Microdicom Dicom viewer [Application];cpe:2.3:a:microdicom:dicom_viewer:*:*:*:*:*:*:*:*;IIa;hospital;CVSS:4.0/AV:N/AC:L/AT:N/PR:N/UI:A/VC:H/VI:H/VA:H/SC:N/SI:N/SA:H/E:U/CR:L/IR:M/AR:M/MSA:S;;7.5;N/A;CVSS:4.0/AV:N/AC:L/AT:N/PR:N/UI:A/VC:H/VI:H/VA:H/SC:N/SI:N/SA:H/E:U;7.3
CVE-2024-1275;CVSS:4.0/AV:N/AC:H/AT:N/PR:N/UI:N/VC:H/VI:H/VA:N/SC:N/SI:N/SA:N;CVSS:3.1/AV:N/AC:L/PR:N/UI:N/S:U/C:H/I:H/A:N;9.1;9.1;U;0.00113; Welch Allyn Connex Spot Monitor;;IIa;hospital;CVSS:4.0/AV:N/AC:H/AT:N/PR:N/UI:N/VC:H/VI:H/VA:N/SC:N/SI:N/SA:N/E:U/CR:L/IR:M/AR:M;;4.7;N/A;CVSS:4.0/AV:N/AC:H/AT:N/PR:N/UI:N/VC:H/VI:H/VA:N/SC:N/SI:N/SA:N/E:U;6.9
CVE-2024-5176;CVSS:4.0/AV:N/AC:L/AT:N/PR:N/UI:P/VC:H/VI:H/VA:L/SC:H/SI:H/SA:L;CVSS:3.1/AV:N/AC:L/PR:N/UI:R/S:U/C:H/I:H/A:L;9.4;9.4;U;0.0015;Welch Allyn Configuration Tool;;IIa;hospital;CVSS:4.0/AV:N/AC:L/AT:N/PR:N/UI:P/VC:H/VI:H/VA:L/SC:H/SI:H/SA:L/E:U/CR:L/IR:M/AR:M/MSI:S/MSA:S;;8.0;N/A;CVSS:4.0/AV:N/AC:L/AT:N/PR:N/UI:P/VC:H/VI:H/VA:L/SC:H/SI:H/SA:L/E:U;7.6
CVE-2024-1696;CVSS:4.0/AV:L/AC:L/AT:N/PR:N/UI:A/VC:H/VI:H/VA:H/SC:N/SI:H/SA:N;CVSS:3.1/AV:L/AC:L/PR:N/UI:R/S:U/C:H/I:H/A:H;9.2;7.8;U;0.00074;Santesoft Fft imaging [Application];cpe:2.3:a:santesoft:fft_imaging:*:*:*:*:*:*:*:*;IIa;hospital;CVSS:4.0/AV:L/AC:L/AT:N/PR:N/UI:A/VC:H/VI:H/VA:H/SC:N/SI:H/SA:N/E:U/CR:L/IR:M/AR:M/MSI:S;;7.3;N/A;CVSS:4.0/AV:L/AC:L/AT:N/PR:N/UI:A/VC:H/VI:H/VA:H/SC:N/SI:H/SA:N/E:U;7.0
CVE-2024-22100;CVSS:4.0/AV:L/AC:L/AT:P/PR:N/UI:A/VC:H/VI:H/VA:H/SC:H/SI:H/SA:L;CVSS:3.1/AV:L/AC:L/PR:N/UI:R/S:U/C:H/I:H/A:H;8.6;7.8;U;0.0003;Microdicom Dicom viewer [Application];cpe:2.3:a:microdicom:dicom_viewer:*:*:*:*:*:*:*:*;IIa;hospital;CVSS:4.0/AV:L/AC:L/AT:P/PR:N/UI:A/VC:H/VI:H/VA:H/SC:H/SI:H/SA:L/E:U/CR:L/IR:M/AR:M/MSI:S/MSA:S;;6.4;N/A;CVSS:4.0/AV:L/AC:L/AT:P/PR:N/UI:A/VC:H/VI:H/VA:H/SC:H/SI:H/SA:L/E:U;5.5
CVE-2024-25578;CVSS:4.0/AV:L/AC:L/AT:N/PR:N/UI:P/VC:H/VI:H/VA:H/SC:L/SI:H/SA:L;CVSS:3.1/AV:L/AC:L/PR:N/UI:R/S:U/C:H/I:H/A:H;9.3;7.8;U;0.00082;Microdicom Dicom viewer [Application];cpe:2.3:a:microdicom:dicom_viewer:*:*:*:*:*:*:*:*;IIa;hospital;CVSS:4.0/AV:L/AC:L/AT:N/PR:N/UI:P/VC:H/VI:H/VA:H/SC:L/SI:H/SA:L/E:U/CR:L/IR:M/AR:M/MSI:S/MSA:S;;7.7;N/A;CVSS:4.0/AV:L/AC:L/AT:N/PR:N/UI:P/VC:H/VI:H/VA:H/SC:L/SI:H/SA:L/E:U;7.3
CVE-2024-1453;CVSS:4.0/AV:L/AC:L/AT:P/PR:N/UI:A/VC:H/VI:H/VA:H/SC:H/SI:H/SA:L;CVSS:3.1/AV:L/AC:L/PR:N/UI:R/S:U/C:H/I:H/A:H;8.6;7.8;U;0.00046;Santesoft Dicom viewer pro [Application];cpe:2.3:a:santesoft:dicom_viewer_pro:*:*:*:*:*:*:*:*;IIa;hospital;CVSS:4.0/AV:L/AC:L/AT:P/PR:N/UI:A/VC:H/VI:H/VA:H/SC:H/SI:H/SA:L/E:U/CR:L/IR:M/AR:M/MSI:S/MSA:S;;6.4;N/A;CVSS:4.0/AV:L/AC:L/AT:P/PR:N/UI:A/VC:H/VI:H/VA:H/SC:H/SI:H/SA:L/E:U;5.5
CVE-2023-7238;CVSS:4.0/AV:N/AC:L/AT:N/PR:N/UI:P/VC:L/VI:L/VA:L/SC:L/SI:N/SA:N;CVSS:3.1/AV:N/AC:L/PR:N/UI:R/S:C/C:L/I:L/A:L;5.3;7.1;U;0.00146;Orthanc-server Osimis web viewer 1.4.2.0-9d9eff4 [Application];cpe:2.3:a:orthanc-server:osimis_web_viewer:1.4.2.0-9d9eff4:*:*:*:*:*:*:*;IIa;hospital;CVSS:4.0/AV:N/AC:L/AT:N/PR:N/UI:P/VC:L/VI:L/VA:L/SC:L/SI:N/SA:N/E:U/CR:L/IR:M/AR:M;;1.3;N/A;CVSS:4.0/AV:N/AC:L/AT:N/PR:N/UI:P/VC:L/VI:L/VA:L/SC:L/SI:N/SA:N/E:U;1.3
CVE-2023-29061;CVSS:4.0/AV:P/AC:L/AT:N/PR:N/UI:N/VC:N/VI:L/VA:H/SC:H/SI:H/SA:L;CVSS:3.1/AV:P/AC:L/PR:N/UI:N/S:U/C:N/I:L/A:H;7.0;5.2;U;0.00034;Bd Facschorus 3.0 [Application] | Bd Facschorus 3.1 [Application] | Bd Facschorus 5.0 [Application] | Bd Facschorus 5.1 [Application] | Hp Hp z2 tower g5 - [Hardware] | Hp Hp z2 tower g9 - [Hardware];cpe:2.3:a:bd:facschorus:5.0:*:*:*:*:*:*:*, cpe:2.3:a:bd:facschorus:5.1:*:*:*:*:*:*:*, cpe:2.3:h:hp:hp_z2_tower_g9:-:*:*:*:*:*:*:*, cpe:2.3:a:bd:facschorus:3.0:*:*:*:*:*:*:*, cpe:2.3:a:bd:facschorus:3.1:*:*:*:*:*:*:*, cpe:2.3:h:hp:hp_z2_tower_g5:-:*:*:*:*:*:*:*;I;hospital;CVSS:4.0/AV:P/AC:L/AT:N/PR:N/UI:N/VC:N/VI:L/VA:H/SC:H/SI:H/SA:L/E:U/CR:L/IR:M/AR:M;;1.7;N/A;CVSS:4.0/AV:P/AC:L/AT:N/PR:N/UI:N/VC:N/VI:L/VA:H/SC:H/SI:H/SA:L/E:U;4.2
CVE-2023-29064;CVSS:4.0/AV:P/AC:L/AT:N/PR:L/UI:N/VC:L/VI:L/VA:L/SC:H/SI:H/SA:L;CVSS:3.1/AV:P/AC:L/PR:L/UI:N/S:U/C:L/I:L/A:L;4.5;4.1;U;0.00043;Bd Facschorus 3.0 [Application] | Bd Facschorus 3.1 [Application] | Bd Facschorus 5.0 [Application] | Bd Facschorus 5.1 [Application] | Hp Hp z2 tower g5 - [Hardware] | Hp Hp z2 tower g9 - [Hardware];cpe:2.3:a:bd:facschorus:5.0:*:*:*:*:*:*:*, cpe:2.3:a:bd:facschorus:5.1:*:*:*:*:*:*:*, cpe:2.3:h:hp:hp_z2_tower_g9:-:*:*:*:*:*:*:*, cpe:2.3:a:bd:facschorus:3.0:*:*:*:*:*:*:*, cpe:2.3:a:bd:facschorus:3.1:*:*:*:*:*:*:*, cpe:2.3:h:hp:hp_z2_tower_g5:-:*:*:*:*:*:*:*;I;hospital;CVSS:4.0/AV:P/AC:L/AT:N/PR:L/UI:N/VC:L/VI:L/VA:L/SC:H/SI:H/SA:L/E:U/CR:L/IR:M/AR:M;;1.0;N/A;CVSS:4.0/AV:P/AC:L/AT:N/PR:L/UI:N/VC:L/VI:L/VA:L/SC:H/SI:H/SA:L/E:U;1.0
CVE-2023-29063;CVSS:4.0/AV:P/AC:L/AT:N/PR:N/UI:N/VC:L/VI:N/VA:N/SC:H/SI:N/SA:N;CVSS:3.1/AV:P/AC:L/PR:N/UI:N/S:U/C:L/I:N/A:N;4.1;2.4;U;0.00075;Bd Facschorus 3.0 [Application] | Bd Facschorus 3.1 [Application] | Bd Facschorus 5.0 [Application] | Bd Facschorus 5.1 [Application] | Hp Hp z2 tower g5 - [Hardware] | Hp Hp z2 tower g9 - [Hardware];cpe:2.3:a:bd:facschorus:5.0:*:*:*:*:*:*:*, cpe:2.3:a:bd:facschorus:5.1:*:*:*:*:*:*:*, cpe:2.3:h:hp:hp_z2_tower_g9:-:*:*:*:*:*:*:*, cpe:2.3:a:bd:facschorus:3.0:*:*:*:*:*:*:*, cpe:2.3:a:bd:facschorus:3.1:*:*:*:*:*:*:*, cpe:2.3:h:hp:hp_z2_tower_g5:-:*:*:*:*:*:*:*;I;hospital;CVSS:4.0/AV:P/AC:L/AT:N/PR:N/UI:N/VC:L/VI:N/VA:N/SC:H/SI:N/SA:N/E:U/CR:L/IR:M/AR:M;;0.8;N/A;CVSS:4.0/AV:P/AC:L/AT:N/PR:N/UI:N/VC:L/VI:N/VA:N/SC:H/SI:N/SA:N/E:U;0.8
CVE-2023-29060;CVSS:4.0/AV:P/AC:L/AT:N/PR:L/UI:N/VC:L/VI:L/VA:H/SC:H/SI:L/SA:N;CVSS:3.1/AV:P/AC:L/PR:L/UI:N/S:U/C:L/I:L/A:H;6.9;5.4;U;0.00052;Bd Facschorus 3.0 [Application] | Bd Facschorus 3.1 [Application] | Bd Facschorus 5.0 [Application] | Bd Facschorus 5.1 [Application] | Hp Hp z2 tower g5 - [Hardware] | Hp Hp z2 tower g9 - [Hardware];cpe:2.3:a:bd:facschorus:5.0:*:*:*:*:*:*:*, cpe:2.3:a:bd:facschorus:5.1:*:*:*:*:*:*:*, cpe:2.3:h:hp:hp_z2_tower_g9:-:*:*:*:*:*:*:*, cpe:2.3:a:bd:facschorus:3.0:*:*:*:*:*:*:*, cpe:2.3:a:bd:facschorus:3.1:*:*:*:*:*:*:*, cpe:2.3:h:hp:hp_z2_tower_g5:-:*:*:*:*:*:*:*;I;hospital;CVSS:4.0/AV:P/AC:L/AT:N/PR:L/UI:N/VC:L/VI:L/VA:H/SC:H/SI:L/SA:N/E:U/CR:L/IR:M/AR:M;;1.6;N/A;CVSS:4.0/AV:P/AC:L/AT:N/PR:L/UI:N/VC:L/VI:L/VA:H/SC:H/SI:L/SA:N/E:U;3.9
CVE-2023-29065;CVSS:4.0/AV:P/AC:L/AT:N/PR:L/UI:N/VC:L/VI:L/VA:L/SC:H/SI:H/SA:L;CVSS:3.1/AV:P/AC:L/PR:L/UI:N/S:U/C:L/I:L/A:L;4.5;4.1;U;0.00043;Bd Facschorus 3.0 [Application] | Bd Facschorus 3.1 [Application] | Bd Facschorus 5.0 [Application] | Bd Facschorus 5.1 [Application] | Hp Hp z2 tower g5 - [Hardware] | Hp Hp z2 tower g9 - [Hardware];cpe:2.3:a:bd:facschorus:5.0:*:*:*:*:*:*:*, cpe:2.3:a:bd:facschorus:5.1:*:*:*:*:*:*:*, cpe:2.3:h:hp:hp_z2_tower_g9:-:*:*:*:*:*:*:*, cpe:2.3:a:bd:facschorus:3.0:*:*:*:*:*:*:*, cpe:2.3:a:bd:facschorus:3.1:*:*:*:*:*:*:*, cpe:2.3:h:hp:hp_z2_tower_g5:-:*:*:*:*:*:*:*;I;hospital;CVSS:4.0/AV:P/AC:L/AT:N/PR:L/UI:N/VC:L/VI:L/VA:L/SC:H/SI:H/SA:L/E:U/CR:L/IR:M/AR:M;;1.0;N/A;CVSS:4.0/AV:P/AC:L/AT:N/PR:L/UI:N/VC:L/VI:L/VA:L/SC:H/SI:H/SA:L/E:U;1.0
CVE-2023-29062;CVSS:4.0/AV:A/AC:L/AT:P/PR:N/UI:N/VC:L/VI:N/VA:N/SC:H/SI:N/SA:N;CVSS:3.1/AV:A/AC:L/PR:N/UI:R/S:C/C:L/I:N/A:N;4.9;3.8;U;0.00088;Bd Facschorus 3.0 [Application] | Bd Facschorus 3.1 [Application] | Bd Facschorus 5.0 [Application] | Bd Facschorus 5.1 [Application] | Hp Hp z2 tower g5 - [Hardware] | Hp Hp z2 tower g9 - [Hardware];cpe:2.3:a:bd:facschorus:5.0:*:*:*:*:*:*:*, cpe:2.3:a:bd:facschorus:5.1:*:*:*:*:*:*:*, cpe:2.3:h:hp:hp_z2_tower_g9:-:*:*:*:*:*:*:*, cpe:2.3:a:bd:facschorus:3.0:*:*:*:*:*:*:*, cpe:2.3:a:bd:facschorus:3.1:*:*:*:*:*:*:*, cpe:2.3:h:hp:hp_z2_tower_g5:-:*:*:*:*:*:*:*;I;hospital;CVSS:4.0/AV:A/AC:L/AT:P/PR:N/UI:N/VC:L/VI:N/VA:N/SC:H/SI:N/SA:N/E:U/CR:L/IR:M/AR:M;;1.1;N/A;CVSS:4.0/AV:A/AC:L/AT:P/PR:N/UI:N/VC:L/VI:N/VA:N/SC:H/SI:N/SA:N/E:U;1.1
CVE-2023-29066;CVSS:4.0/AV:P/AC:L/AT:N/PR:L/UI:N/VC:N/VI:L/VA:L/SC:L/SI:L/SA:N;CVSS:3.1/AV:P/AC:L/PR:L/UI:N/S:U/C:N/I:L/A:L;2.4;3.2;U;0.00038;Bd Facschorus 3.0 [Application] | Bd Facschorus 3.1 [Application] | Bd Facschorus 5.0 [Application] | Bd Facschorus 5.1 [Application] | Hp Hp z2 tower g5 - [Hardware] | Hp Hp z2 tower g9 - [Hardware];cpe:2.3:a:bd:facschorus:5.0:*:*:*:*:*:*:*, cpe:2.3:a:bd:facschorus:5.1:*:*:*:*:*:*:*, cpe:2.3:h:hp:hp_z2_tower_g9:-:*:*:*:*:*:*:*, cpe:2.3:a:bd:facschorus:3.0:*:*:*:*:*:*:*, cpe:2.3:a:bd:facschorus:3.1:*:*:*:*:*:*:*, cpe:2.3:h:hp:hp_z2_tower_g5:-:*:*:*:*:*:*:*;I;hospital;CVSS:4.0/AV:P/AC:L/AT:N/PR:L/UI:N/VC:N/VI:L/VA:L/SC:L/SI:L/SA:N/E:U/CR:L/IR:M/AR:M;;0.4;N/A;CVSS:4.0/AV:P/AC:L/AT:N/PR:L/UI:N/VC:N/VI:L/VA:L/SC:L/SI:L/SA:N/E:U;0.4
CVE-2023-5059;CVSS:4.0/AV:L/AC:L/AT:N/PR:N/UI:P/VC:H/VI:H/VA:H/SC:N/SI:L/SA:N;CVSS:3.1/AV:L/AC:L/PR:N/UI:R/S:U/C:H/I:H/A:H;8.5;7.8;P;0.0035;Santesoft Fft imaging [Application];cpe:2.3:a:santesoft:fft_imaging:*:*:*:*:*:*:*:*;IIa;hospital;CVSS:4.0/AV:L/AC:L/AT:N/PR:N/UI:P/VC:H/VI:H/VA:H/SC:N/SI:L/SA:N/E:P/CR:L/IR:M/AR:M/MSI:S;;8.3;N/A;CVSS:4.0/AV:L/AC:L/AT:N/PR:N/UI:P/VC:H/VI:H/VA:H/SC:N/SI:L/SA:N/E:U;5.9
CVE-2023-39431;CVSS:4.0/AV:L/AC:L/AT:N/PR:N/UI:P/VC:H/VI:H/VA:H/SC:N/SI:H/SA:N;CVSS:3.1/AV:L/AC:L/PR:N/UI:R/S:U/C:H/I:H/A:H;9.2;7.8;U;0.00268;Santesoft Dicom viewer pro [Application];cpe:2.3:a:santesoft:dicom_viewer_pro:*:*:*:*:*:*:*:*;IIa;hospital;CVSS:4.0/AV:L/AC:L/AT:N/PR:N/UI:P/VC:H/VI:H/VA:H/SC:N/SI:H/SA:N/E:U/CR:L/IR:M/AR:M/MSI:S;;7.4;N/A;CVSS:4.0/AV:L/AC:L/AT:N/PR:N/UI:P/VC:H/VI:H/VA:H/SC:N/SI:H/SA:N/E:U;7.2
CVE-2023-35986;CVSS:4.0/AV:L/AC:L/AT:N/PR:N/UI:P/VC:H/VI:H/VA:H/SC:N/SI:N/SA:H;CVSS:3.1/AV:L/AC:L/PR:N/UI:R/S:U/C:H/I:H/A:H;9.2;7.8;U;0.00094;Santesoft Dicom viewer pro [Application];cpe:2.3:a:santesoft:dicom_viewer_pro:*:*:*:*:*:*:*:*;IIa;hospital;CVSS:4.0/AV:L/AC:L/AT:N/PR:N/UI:P/VC:H/VI:H/VA:H/SC:N/SI:N/SA:H/E:U/CR:L/IR:M/AR:M/MSA:S;;7.4;N/A;CVSS:4.0/AV:L/AC:L/AT:N/PR:N/UI:P/VC:H/VI:H/VA:H/SC:N/SI:N/SA:H/E:U;7.2
CVE-2023-39227;CVSS:4.0/AV:L/AC:L/AT:N/PR:L/UI:N/VC:H/VI:L/VA:N/SC:H/SI:N/SA:N;CVSS:3.1/AV:L/AC:L/PR:L/UI:N/S:U/C:H/I:L/A:N;8.2;6.1;U;0.00083;Softneta Meddream pacs PREMIUM [Application];cpe:2.3:a:softneta:meddream_pacs:*:*:*:*:premium:*:*:*;IIa;both;CVSS:4.0/AV:L/AC:L/AT:N/PR:L/UI:N/VC:H/VI:L/VA:N/SC:H/SI:N/SA:N/E:U/CR:L/IR:M/AR:M;CVSS:4.0/AV:L/AC:L/AT:N/PR:L/UI:N/VC:H/VI:L/VA:N/SC:H/SI:N/SA:N/E:U/CR:H/IR:H/AR:H;3.8;5.5;CVSS:4.0/AV:L/AC:L/AT:N/PR:L/UI:N/VC:H/VI:L/VA:N/SC:H/SI:N/SA:N/E:U;5.5
CVE-2023-40150;CVSS:4.0/AV:N/AC:L/AT:N/PR:N/UI:N/VC:H/VI:H/VA:H/SC:H/SI:H/SA:H;CVSS:3.1/AV:N/AC:L/PR:N/UI:N/S:U/C:H/I:H/A:H;10.0;9.8;U;0.00638;Softneta Meddream pacs PREMIUM [Application];cpe:2.3:a:softneta:meddream_pacs:*:*:*:*:premium:*:*:*;IIa;both;CVSS:4.0/AV:N/AC:L/AT:N/PR:N/UI:N/VC:H/VI:H/VA:H/SC:H/SI:H/SA:H/E:U/CR:L/IR:M/AR:M/MSI:S/MSA:S;CVSS:4.0/AV:N/AC:L/AT:N/PR:N/UI:N/VC:H/VI:H/VA:H/SC:H/SI:H/SA:H/E:U/CR:H/IR:H/AR:H/MSI:S/MSA:S;9.2;9.5;CVSS:4.0/AV:N/AC:L/AT:N/PR:N/UI:N/VC:H/VI:H/VA:H/SC:H/SI:H/SA:H/E:U;9.1
CVE-2023-30565;CVSS:4.0/AV:A/AC:L/AT:P/PR:L/UI:N/VC:L/VI:N/VA:N/SC:H/SI:N/SA:N;CVSS:3.1/AV:A/AC:L/PR:L/UI:N/S:U/C:L/I:N/A:N;4.6;3.5;U;0.00156;Bd Guardrails cqi reporter [Application];cpe:2.3:a:bd:guardrails_cqi_reporter:*:*:*:*:*:*:*:*;IIa;both;CVSS:4.0/AV:A/AC:L/AT:P/PR:L/UI:N/VC:L/VI:N/VA:N/SC:H/SI:N/SA:N/E:U/CR:L/IR:M/AR:M;CVSS:4.0/AV:A/AC:L/AT:P/PR:L/UI:N/VC:L/VI:N/VA:N/SC:H/SI:N/SA:N/E:U/CR:H/IR:H/AR:H;1.0;1.0;CVSS:4.0/AV:A/AC:L/AT:P/PR:L/UI:N/VC:L/VI:N/VA:N/SC:H/SI:N/SA:N/E:U;1.0
CVE-2023-30562;CVSS:4.0/AV:A/AC:L/AT:P/PR:L/UI:N/VC:N/VI:H/VA:H/SC:H/SI:H/SA:N;CVSS:3.1/AV:A/AC:L/PR:L/UI:R/S:U/C:N/I:H/A:H;7.1;6.7;U;0.00062;Bd Alaris guardrails editor [Application];cpe:2.3:a:bd:alaris_guardrails_editor:*:*:*:*:*:*:*:*;IIa;hospital;CVSS:4.0/AV:A/AC:L/AT:P/PR:L/UI:N/VC:N/VI:H/VA:H/SC:H/SI:H/SA:N/E:U/CR:L/IR:M/AR:M/MSI:S;;4.6;N/A;CVSS:4.0/AV:A/AC:L/AT:P/PR:L/UI:N/VC:N/VI:H/VA:H/SC:H/SI:H/SA:N/E:U;4.1
CVE-2023-30564;CVSS:4.0/AV:A/AC:L/AT:P/PR:L/UI:N/VC:H/VI:L/VA:N/SC:H/SI:H/SA:N;CVSS:3.1/AV:A/AC:L/PR:L/UI:R/S:C/C:H/I:L/A:N;7.1;6.9;U;0.00106;Bd Alaris systems manager [Application];cpe:2.3:a:bd:alaris_systems_manager:*:*:*:*:*:*:*:*;IIa;hospital;CVSS:4.0/AV:A/AC:L/AT:P/PR:L/UI:N/VC:H/VI:L/VA:N/SC:H/SI:H/SA:N/E:U/CR:L/IR:M/AR:M/MSI:S;;4.4;N/A;CVSS:4.0/AV:A/AC:L/AT:P/PR:L/UI:N/VC:H/VI:L/VA:N/SC:H/SI:H/SA:N/E:U;4.0
CVE-2023-30559;CVSS:4.0/AV:P/AC:L/AT:N/PR:N/UI:A/VC:L/VI:N/VA:H/SC:H/SI:H/SA:N;CVSS:3.1/AV:P/AC:L/PR:N/UI:N/S:U/C:L/I:N/A:H;6.9;5.2;U;0.00069;Bd Alaris 8015 pcu - [Hardware] | Bd Alaris 8015 pcu firmware [Firmware];cpe:2.3:o:bd:alaris_8015_pcu_firmware:*:*:*:*:*:*:*:*, cpe:2.3:h:bd:alaris_8015_pcu:-:*:*:*:*:*:*:*;IIa;hospital;CVSS:4.0/AV:P/AC:L/AT:N/PR:N/UI:A/VC:L/VI:N/VA:H/SC:H/SI:H/SA:N/E:U/CR:L/IR:M/AR:M/MSI:S;;4.1;N/A;CVSS:4.0/AV:P/AC:L/AT:N/PR:N/UI:A/VC:L/VI:N/VA:H/SC:H/SI:H/SA:N/E:U;4.0
CVE-2018-1285;CVSS:4.0/AV:N/AC:L/AT:N/PR:N/UI:N/VC:H/VI:H/VA:H/SC:L/SI:N/SA:N;CVSS:3.1/AV:N/AC:L/PR:N/UI:N/S:U/C:H/I:H/A:H;9.3;9.8;P;0.49024;Apache Log4net [Application] | Fedoraproject Fedora 30 [Firmware] | Fedoraproject Fedora 31 [Firmware] | Fedoraproject Fedora 32 [Firmware] | Netapp Manageability software development kit - [Application] | Netapp Snapcenter - [Application] | Oracle Application testing suite 13.3.0.1 [Application] | Oracle Hospitality opera 5 5.5 [Application] | Oracle Hospitality opera 5 5.6 [Application] | Oracle Hospitality simphony 18.2.7.2 [Application] | Oracle Hospitality simphony 19.1.3 [Application];cpe:2.3:a:apache:log4net:*:*:*:*:*:*:*:*, cpe:2.3:o:fedoraproject:fedora:30:*:*:*:*:*:*:*, cpe:2.3:o:fedoraproject:fedora:31:*:*:*:*:*:*:*, cpe:2.3:o:fedoraproject:fedora:32:*:*:*:*:*:*:*, cpe:2.3:a:oracle:application_testing_suite:13.3.0.1:*:*:*:*:*:*:*, cpe:2.3:a:oracle:hospitality_opera_5:5.5:*:*:*:*:*:*:*, cpe:2.3:a:oracle:hospitality_opera_5:5.6:*:*:*:*:*:*:*, cpe:2.3:a:oracle:hospitality_simphony:18.2.7.2:*:*:*:*:*:*:*, cpe:2.3:a:oracle:hospitality_simphony:19.1.3:*:*:*:*:*:*:*, cpe:2.3:a:netapp:manageability_software_development_kit:-:*:*:*:*:*:*:*, cpe:2.3:a:netapp:snapcenter:-:*:*:*:*:*:*:*;I;hospital;CVSS:4.0/AV:N/AC:L/AT:N/PR:N/UI:N/VC:H/VI:H/VA:H/SC:L/SI:N/SA:N/E:P/CR:L/IR:M/AR:M;;8.0;N/A;CVSS:4.0/AV:N/AC:L/AT:N/PR:N/UI:N/VC:H/VI:H/VA:H/SC:L/SI:N/SA:N/E:U;8.1
CVE-2023-30560;CVSS:4.0/AV:P/AC:L/AT:P/PR:N/UI:N/VC:H/VI:H/VA:H/SC:L/SI:H/SA:L;CVSS:3.1/AV:P/AC:L/PR:N/UI:N/S:U/C:H/I:H/A:H;7.0;6.8;U;0.00111;Bd Alaris 8015 pcu - [Hardware] | Bd Alaris 8015 pcu firmware [Firmware];cpe:2.3:o:bd:alaris_8015_pcu_firmware:*:*:*:*:*:*:*:*, cpe:2.3:h:bd:alaris_8015_pcu:-:*:*:*:*:*:*:*;IIa;hospital;CVSS:4.0/AV:P/AC:L/AT:P/PR:N/UI:N/VC:H/VI:H/VA:H/SC:L/SI:H/SA:L/E:U/CR:L/IR:M/AR:M/MSI:S/MSA:S;;4.5;N/A;CVSS:4.0/AV:P/AC:L/AT:P/PR:N/UI:N/VC:H/VI:H/VA:H/SC:L/SI:H/SA:L/E:U;3.7
CVE-2023-30563;CVSS:4.0/AV:N/AC:L/AT:P/PR:N/UI:N/VC:H/VI:L/VA:N/SC:H/SI:H/SA:L;CVSS:3.1/AV:N/AC:L/PR:N/UI:R/S:C/C:H/I:L/A:N;9.1;8.2;U;0.00477;Bd Alaris systems manager [Application];cpe:2.3:a:bd:alaris_systems_manager:*:*:*:*:*:*:*:*;IIa;hospital;CVSS:4.0/AV:N/AC:L/AT:P/PR:N/UI:N/VC:H/VI:L/VA:N/SC:H/SI:H/SA:L/E:U/CR:L/IR:M/AR:M/MSI:S/MSA:S;;7.0;N/A;CVSS:4.0/AV:N/AC:L/AT:P/PR:N/UI:N/VC:H/VI:L/VA:N/SC:H/SI:H/SA:L/E:U;6.8
CVE-2023-30561;CVSS:4.0/AV:P/AC:L/AT:P/PR:N/UI:N/VC:H/VI:N/VA:H/SC:H/SI:H/SA:L;CVSS:3.1/AV:P/AC:L/PR:N/UI:N/S:U/C:H/I:N/A:H;6.0;6.1;U;0.00046;Bd Alaris 8015 pcu - [Hardware] | Bd Alaris 8015 pcu firmware [Firmware];cpe:2.3:o:bd:alaris_8015_pcu_firmware:*:*:*:*:*:*:*:*, cpe:2.3:h:bd:alaris_8015_pcu:-:*:*:*:*:*:*:*;IIa;hospital;CVSS:4.0/AV:P/AC:L/AT:P/PR:N/UI:N/VC:H/VI:N/VA:H/SC:H/SI:H/SA:L/E:U/CR:L/IR:M/AR:M/MSI:S/MSA:S;;2.0;N/A;CVSS:4.0/AV:P/AC:L/AT:P/PR:N/UI:N/VC:H/VI:N/VA:H/SC:H/SI:H/SA:L/E:U;1.8
CVE-2023-31222;CVSS:4.0/AV:N/AC:L/AT:P/PR:N/UI:N/VC:H/VI:H/VA:H/SC:H/SI:H/SA:L;CVSS:3.1/AV:N/AC:L/PR:N/UI:N/S:U/C:H/I:H/A:H;9.5;9.8;U;0.29678;Medtronic Paceart optima [Application];cpe:2.3:a:medtronic:paceart_optima:*:*:*:*:*:windows:*:*;IIa;both;CVSS:4.0/AV:N/AC:L/AT:P/PR:N/UI:N/VC:H/VI:H/VA:H/SC:H/SI:H/SA:L/E:U/CR:L/IR:M/AR:M/MSI:S/MSA:S;CVSS:4.0/AV:N/AC:L/AT:P/PR:N/UI:N/VC:H/VI:H/VA:H/SC:H/SI:H/SA:L/E:U/CR:H/IR:H/AR:H/MSI:S/MSA:S;8.4;9.2;CVSS:4.0/AV:N/AC:L/AT:P/PR:N/UI:N/VC:H/VI:H/VA:H/SC:H/SI:H/SA:L/E:U;8.3
CVE-2023-1966;CVSS:4.0/AV:P/AC:L/AT:N/PR:L/UI:N/VC:H/VI:H/VA:H/SC:H/SI:H/SA:L;CVSS:3.1/AV:P/AC:L/PR:L/UI:N/S:C/C:H/I:H/A:H;8.5;7.4;U;0.00205;Illumina Iscan - [Hardware] | Illumina Iscan firmware 4.0.0 [Firmware] | Illumina Iscan firmware 4.0.5 [Firmware] | Illumina Iseq 100 - [Hardware] | Illumina Iseq 100 firmware [Firmware] | Illumina Miniseq - [Hardware] | Illumina Miniseq firmware [Firmware] | Illumina Miseq - [Hardware] | Illumina Miseq firmware [Firmware] | Illumina Miseqdx - [Hardware] | Illumina Miseqdx firmware - [Firmware] | Illumina Miseqdx firmware 4.0 RUO [Firmware] | Illumina Nextseq 1000 - [Hardware] | Illumina Nextseq 1000 firmware 1.4.1 [Firmware] | Illumina Nextseq 2000 - [Hardware] | Illumina Nextseq 2000 firmware 1.4.1 [Firmware] | Illumina Nextseq 500 - [Hardware] | Illumina Nextseq 500 firmware 4.0 [Firmware] | Illumina Nextseq 550 - [Hardware] | Illumina Nextseq 550 firmware 4.0 [Firmware] | Illumina Nextseq 550dx - [Hardware] | Illumina Nextseq 550dx firmware - [Firmware] | Illumina Nextseq 550dx firmware 4.0 RUO [Firmware] | Illumina Novaseq 6000 - [Hardware] | Illumina Novaseq 6000 firmware 1.8 [Firmware] | Illumina Novaseq 6000 firmware [Firmware];cpe:2.3:o:illumina:iscan_firmware:4.0.0:*:*:*:*:*:*:*, cpe:2.3:o:illumina:iscan_firmware:4.0.5:*:*:*:*:*:*:*, cpe:2.3:h:illumina:iscan:-:*:*:*:*:*:*:*, cpe:2.3:o:illumina:iseq_100_firmware:*:*:*:*:*:*:*:*, cpe:2.3:h:illumina:iseq_100:-:*:*:*:*:*:*:*, cpe:2.3:o:illumina:miniseq_firmware:*:*:*:*:*:*:*:*, cpe:2.3:h:illumina:miniseq:-:*:*:*:*:*:*:*, cpe:2.3:o:illumina:miseq_firmware:*:*:*:*:*:*:*:*, cpe:2.3:h:illumina:miseq:-:*:*:*:*:*:*:*, cpe:2.3:o:illumina:miseqdx_firmware:*:*:*:*:-:*:*:*, cpe:2.3:o:illumina:miseqdx_firmware:4.0:*:*:*:ruo:*:*:*, cpe:2.3:h:illumina:miseqdx:-:*:*:*:*:*:*:*, cpe:2.3:o:illumina:nextseq_500_firmware:4.0:*:*:*:*:*:*:*, cpe:2.3:h:illumina:nextseq_500:-:*:*:*:*:*:*:*, cpe:2.3:o:illumina:nextseq_550_firmware:4.0:*:*:*:*:*:*:*, cpe:2.3:h:illumina:nextseq_550:-:*:*:*:*:*:*:*, cpe:2.3:o:illumina:nextseq_550dx_firmware:*:*:*:*:-:*:*:*, cpe:2.3:o:illumina:nextseq_550dx_firmware:*:*:*:*:-:*:*:*, cpe:2.3:o:illumina:nextseq_550dx_firmware:4.0:*:*:*:ruo:*:*:*, cpe:2.3:h:illumina:nextseq_550dx:-:*:*:*:*:*:*:*, cpe:2.3:o:illumina:nextseq_1000_firmware:1.4.1:*:*:*:*:*:*:*, cpe:2.3:h:illumina:nextseq_1000:-:*:*:*:*:*:*:*, cpe:2.3:o:illumina:nextseq_2000_firmware:1.4.1:*:*:*:*:*:*:*, cpe:2.3:h:illumina:nextseq_2000:-:*:*:*:*:*:*:*, cpe:2.3:o:illumina:novaseq_6000_firmware:*:*:*:*:*:*:*:*, cpe:2.3:o:illumina:novaseq_6000_firmware:1.8:*:*:*:*:*:*:*, cpe:2.3:h:illumina:novaseq_6000:-:*:*:*:*:*:*:*;I;hospital;CVSS:4.0/AV:P/AC:L/AT:N/PR:L/UI:N/VC:H/VI:H/VA:H/SC:H/SI:H/SA:L/E:U/CR:L/IR:M/AR:M;;3.2;N/A;CVSS:4.0/AV:P/AC:L/AT:N/PR:L/UI:N/VC:H/VI:H/VA:H/SC:H/SI:H/SA:L/E:U;5.5
CVE-2023-1968;CVSS:4.0/AV:N/AC:L/AT:N/PR:N/UI:N/VC:H/VI:H/VA:H/SC:H/SI:H/SA:L;CVSS:3.1/AV:N/AC:L/PR:N/UI:N/S:C/C:H/I:H/A:H;10.0;10.0;U;0.00129;Illumina Iscan - [Hardware] | Illumina Iscan firmware 4.0.0 [Firmware] | Illumina Iscan firmware 4.0.5 [Firmware] | Illumina Iseq 100 - [Hardware] | Illumina Iseq 100 firmware [Firmware] | Illumina Miniseq - [Hardware] | Illumina Miniseq firmware [Firmware] | Illumina Miseq - [Hardware] | Illumina Miseq firmware [Firmware] | Illumina Miseqdx - [Hardware] | Illumina Miseqdx firmware - [Firmware] | Illumina Miseqdx firmware 4.0 RUO [Firmware] | Illumina Nextseq 1000 - [Hardware] | Illumina Nextseq 1000 firmware 1.4.1 [Firmware] | Illumina Nextseq 2000 - [Hardware] | Illumina Nextseq 2000 firmware 1.4.1 [Firmware] | Illumina Nextseq 500 - [Hardware] | Illumina Nextseq 500 firmware 4.0 [Firmware] | Illumina Nextseq 550 - [Hardware] | Illumina Nextseq 550 firmware 4.0 [Firmware] | Illumina Nextseq 550dx - [Hardware] | Illumina Nextseq 550dx firmware - [Firmware] | Illumina Nextseq 550dx firmware 4.0 RUO [Firmware] | Illumina Novaseq 6000 - [Hardware] | Illumina Novaseq 6000 firmware 1.8 [Firmware] | Illumina Novaseq 6000 firmware [Firmware];cpe:2.3:o:illumina:iscan_firmware:4.0.0:*:*:*:*:*:*:*, cpe:2.3:o:illumina:iscan_firmware:4.0.5:*:*:*:*:*:*:*, cpe:2.3:h:illumina:iscan:-:*:*:*:*:*:*:*, cpe:2.3:o:illumina:iseq_100_firmware:*:*:*:*:*:*:*:*, cpe:2.3:h:illumina:iseq_100:-:*:*:*:*:*:*:*, cpe:2.3:o:illumina:miniseq_firmware:*:*:*:*:*:*:*:*, cpe:2.3:h:illumina:miniseq:-:*:*:*:*:*:*:*, cpe:2.3:o:illumina:miseq_firmware:*:*:*:*:*:*:*:*, cpe:2.3:h:illumina:miseq:-:*:*:*:*:*:*:*, cpe:2.3:o:illumina:miseqdx_firmware:*:*:*:*:-:*:*:*, cpe:2.3:o:illumina:miseqdx_firmware:4.0:*:*:*:ruo:*:*:*, cpe:2.3:h:illumina:miseqdx:-:*:*:*:*:*:*:*, cpe:2.3:o:illumina:nextseq_500_firmware:4.0:*:*:*:*:*:*:*, cpe:2.3:h:illumina:nextseq_500:-:*:*:*:*:*:*:*, cpe:2.3:o:illumina:nextseq_550_firmware:4.0:*:*:*:*:*:*:*, cpe:2.3:h:illumina:nextseq_550:-:*:*:*:*:*:*:*, cpe:2.3:o:illumina:nextseq_550dx_firmware:*:*:*:*:-:*:*:*, cpe:2.3:o:illumina:nextseq_550dx_firmware:*:*:*:*:-:*:*:*, cpe:2.3:o:illumina:nextseq_550dx_firmware:4.0:*:*:*:ruo:*:*:*, cpe:2.3:h:illumina:nextseq_550dx:-:*:*:*:*:*:*:*, cpe:2.3:o:illumina:nextseq_1000_firmware:1.4.1:*:*:*:*:*:*:*, cpe:2.3:h:illumina:nextseq_1000:-:*:*:*:*:*:*:*, cpe:2.3:o:illumina:nextseq_2000_firmware:1.4.1:*:*:*:*:*:*:*, cpe:2.3:h:illumina:nextseq_2000:-:*:*:*:*:*:*:*, cpe:2.3:o:illumina:novaseq_6000_firmware:*:*:*:*:*:*:*:*, cpe:2.3:o:illumina:novaseq_6000_firmware:1.8:*:*:*:*:*:*:*, cpe:2.3:h:illumina:novaseq_6000:-:*:*:*:*:*:*:*;I;hospital;CVSS:4.0/AV:N/AC:L/AT:N/PR:N/UI:N/VC:H/VI:H/VA:H/SC:H/SI:H/SA:L/E:U/CR:L/IR:M/AR:M;;8.0;N/A;CVSS:4.0/AV:N/AC:L/AT:N/PR:N/UI:N/VC:H/VI:H/VA:H/SC:H/SI:H/SA:L/E:U;9.1
CVE-2023-0888;CVSS:4.0/AV:N/AC:L/AT:P/PR:H/UI:N/VC:N/VI:H/VA:N/SC:H/SI:H/SA:L;CVSS:3.1/AV:N/AC:L/PR:H/UI:N/S:U/C:N/I:H/A:N;7.1;4.9;U;0.00086;Bbraun Battery-pack sp with wifi - [Hardware] | Bbraun Battery-pack sp with wifi firmware GLOBAL [Firmware] | Bbraun Battery-pack sp with wifi firmware US [Firmware];cpe:2.3:o:bbraun:battery-pack_sp_with_wifi_firmware:*:*:*:*:global:*:*:*, cpe:2.3:o:bbraun:battery-pack_sp_with_wifi_firmware:*:*:*:*:us:*:*:*, cpe:2.3:h:bbraun:battery-pack_sp_with_wifi:-:*:*:*:*:*:*:*;IIa;both;CVSS:4.0/AV:N/AC:L/AT:P/PR:H/UI:N/VC:N/VI:H/VA:N/SC:H/SI:H/SA:L/E:U/CR:L/IR:M/AR:M/MSI:S/MSA:S;CVSS:4.0/AV:N/AC:L/AT:P/PR:H/UI:N/VC:N/VI:H/VA:N/SC:H/SI:H/SA:L/E:U/CR:H/IR:H/AR:H/MSI:S/MSA:S;4.9;6.0;CVSS:4.0/AV:N/AC:L/AT:P/PR:H/UI:N/VC:N/VI:H/VA:N/SC:H/SI:H/SA:L/E:U;4.0
CVE-2023-25931;CVSS:4.0/AV:P/AC:L/AT:P/PR:N/UI:N/VC:L/VI:H/VA:H/SC:L/SI:L/SA:N;CVSS:3.1/AV:P/AC:L/PR:N/UI:N/S:U/C:L/I:H/A:H;4.6;6.4;U;0.00115;Medtronic Interstim x clinician a51300 [Application] | Medtronic Micro clinician a51200 [Application];cpe:2.3:a:medtronic:interstim_x_clinician:a51300:*:*:*:*:*:*:*, cpe:2.3:a:medtronic:micro_clinician:a51200:*:*:*:*:*:*:*;IIa;hospital;CVSS:4.0/AV:P/AC:L/AT:P/PR:N/UI:N/VC:L/VI:H/VA:H/SC:L/SI:L/SA:N/E:U/CR:L/IR:M/AR:M/MSI:S;;1.6;N/A;CVSS:4.0/AV:P/AC:L/AT:P/PR:N/UI:N/VC:L/VI:H/VA:H/SC:L/SI:L/SA:N/E:U;0.8
CVE-2022-47376;CVSS:4.0/AV:L/AC:L/AT:N/PR:L/UI:N/VC:H/VI:H/VA:L/SC:L/SI:N/SA:N;CVSS:3.1/AV:L/AC:L/PR:L/UI:N/S:U/C:H/I:H/A:L;8.4;7.3;U;0.00035;Bd Alaris infusion central [Application];cpe:2.3:a:bd:alaris_infusion_central:*:*:*:*:*:*:*:*;IIa;hospital;CVSS:4.0/AV:L/AC:L/AT:N/PR:L/UI:N/VC:H/VI:H/VA:L/SC:L/SI:N/SA:N/E:U/CR:L/IR:M/AR:M;;4.2;N/A;CVSS:4.0/AV:L/AC:L/AT:N/PR:L/UI:N/VC:H/VI:H/VA:L/SC:L/SI:N/SA:N/E:U;5.9
CVE-2021-43552;CVSS:4.0/AV:L/AC:L/AT:N/PR:L/UI:N/VC:H/VI:L/VA:N/SC:H/SI:N/SA:N;CVSS:3.1/AV:L/AC:L/PR:L/UI:N/S:U/C:H/I:L/A:N;8.2;6.1;U;0.00068;Philips Patient information center ix b.02 [Application] | Philips Patient information center ix c.02 [Application] | Philips Patient information center ix c.03 [Application];cpe:2.3:a:philips:patient_information_center_ix:b.02:*:*:*:*:*:*:*, cpe:2.3:a:philips:patient_information_center_ix:c.02:*:*:*:*:*:*:*, cpe:2.3:a:philips:patient_information_center_ix:c.03:*:*:*:*:*:*:*;IIb;hospital;CVSS:4.0/AV:L/AC:L/AT:N/PR:L/UI:N/VC:H/VI:L/VA:N/SC:H/SI:N/SA:N/E:U/CR:L/IR:M/AR:M;;3.8;N/A;CVSS:4.0/AV:L/AC:L/AT:N/PR:L/UI:N/VC:H/VI:L/VA:N/SC:H/SI:N/SA:N/E:U;5.5
CVE-2021-43550;CVSS:4.0/AV:A/AC:H/AT:N/PR:N/UI:N/VC:H/VI:L/VA:N/SC:H/SI:L/SA:N;CVSS:3.1/AV:A/AC:H/PR:N/UI:N/S:U/C:H/I:L/A:N;7.1;5.9;U;0.00041;Philips Efficia cm - [Hardware] | Philips Efficia cm firmware 4.0 [Firmware] | Philips Efficia cm firmware [Firmware] | Philips Patient information center ix c.02 [Application] | Philips Patient information center ix c.03 [Application];cpe:2.3:a:philips:patient_information_center_ix:c.02:*:*:*:*:*:*:*, cpe:2.3:a:philips:patient_information_center_ix:c.03:*:*:*:*:*:*:*, cpe:2.3:o:philips:efficia_cm_firmware:*:*:*:*:*:*:*:*, cpe:2.3:o:philips:efficia_cm_firmware:4.0:*:*:*:*:*:*:*, cpe:2.3:h:philips:efficia_cm:-:*:*:*:*:*:*:*;IIb;hospital;CVSS:4.0/AV:A/AC:H/AT:N/PR:N/UI:N/VC:H/VI:L/VA:N/SC:H/SI:L/SA:N/E:U/CR:L/IR:M/AR:M/MSI:S;;4.8;N/A;CVSS:4.0/AV:A/AC:H/AT:N/PR:N/UI:N/VC:H/VI:L/VA:N/SC:H/SI:L/SA:N/E:U;4.0
CVE-2021-43548;CVSS:4.0/AV:A/AC:L/AT:N/PR:N/UI:N/VC:N/VI:N/VA:H/SC:L/SI:H/SA:L;CVSS:3.1/AV:A/AC:L/PR:N/UI:N/S:U/C:N/I:N/A:H;8.4;6.5;U;0.00112;Philips Patient information center ix c.02 [Application] | Philips Patient information center ix c.03 [Application];cpe:2.3:a:philips:patient_information_center_ix:c.02:*:*:*:*:*:*:*, cpe:2.3:a:philips:patient_information_center_ix:c.03:*:*:*:*:*:*:*;IIb;hospital;CVSS:4.0/AV:A/AC:L/AT:N/PR:N/UI:N/VC:N/VI:N/VA:H/SC:L/SI:H/SA:L/E:U/CR:L/IR:M/AR:M/MSI:S/MSA:S;;6.4;N/A;CVSS:4.0/AV:A/AC:L/AT:N/PR:N/UI:N/VC:N/VI:N/VA:H/SC:L/SI:H/SA:L/E:U;5.7
CVE-2022-43557;CVSS:4.0/AV:P/AC:H/AT:P/PR:N/UI:N/VC:L/VI:L/VA:H/SC:N/SI:H/SA:H;CVSS:3.1/AV:P/AC:H/PR:N/UI:N/S:U/C:L/I:L/A:H;5.9;5.3;U;0.00128;Bd Bodyguard 121 twins - [Hardware] | Bd Bodyguard 121 twins firmware - [Firmware] | Bd Bodyguard 323 colorvision - [Hardware] | Bd Bodyguard 323 colorvision firmware - [Firmware] | Bd Bodyguard 999-603 - [Hardware] | Bd Bodyguard 999-603 firmware - [Firmware] | Bd Bodyguard duo 999-903 - [Hardware] | Bd Bodyguard duo 999-903 firmware - [Firmware] | Bd Bodyguard epidural 999-683 - [Hardware] | Bd Bodyguard epidural 999-683 firmware - [Firmware] | Bd Bodyguard pain manager 999-803 - [Hardware] | Bd Bodyguard pain manager 999-803 firmware - [Firmware] | Bd Bodyguard t 999-103 - [Hardware] | Bd Bodyguard t 999-103 firmware - [Firmware];cpe:2.3:o:bd:bodyguard_999-603_firmware:-:*:*:*:*:*:*:*, cpe:2.3:h:bd:bodyguard_999-603:-:*:*:*:*:*:*:*, cpe:2.3:o:bd:bodyguard_duo_999-903_firmware:-:*:*:*:*:*:*:*, cpe:2.3:h:bd:bodyguard_duo_999-903:-:*:*:*:*:*:*:*, cpe:2.3:o:bd:bodyguard_epidural_999-683_firmware:-:*:*:*:*:*:*:*, cpe:2.3:h:bd:bodyguard_epidural_999-683:-:*:*:*:*:*:*:*, cpe:2.3:o:bd:bodyguard_pain_manager_999-803_firmware:-:*:*:*:*:*:*:*, cpe:2.3:h:bd:bodyguard_pain_manager_999-803:-:*:*:*:*:*:*:*, cpe:2.3:o:bd:bodyguard_t_999-103_firmware:-:*:*:*:*:*:*:*, cpe:2.3:h:bd:bodyguard_t_999-103:-:*:*:*:*:*:*:*, cpe:2.3:o:bd:bodyguard_323_colorvision_firmware:-:*:*:*:*:*:*:*, cpe:2.3:h:bd:bodyguard_323_colorvision:-:*:*:*:*:*:*:*, cpe:2.3:o:bd:bodyguard_121_twins_firmware:-:*:*:*:*:*:*:*, cpe:2.3:h:bd:bodyguard_121_twins:-:*:*:*:*:*:*:*;IIa;both;CVSS:4.0/AV:P/AC:H/AT:P/PR:N/UI:N/VC:L/VI:L/VA:H/SC:N/SI:H/SA:H/E:U/CR:L/IR:M/AR:M/MSI:S/MSA:S;CVSS:4.0/AV:P/AC:H/AT:P/PR:N/UI:N/VC:L/VI:L/VA:H/SC:N/SI:H/SA:H/E:U/CR:H/IR:H/AR:H/MSI:S/MSA:S;1.8;3.5;CVSS:4.0/AV:P/AC:H/AT:P/PR:N/UI:N/VC:L/VI:L/VA:H/SC:N/SI:H/SA:H/E:U;1.7
CVE-2021-27408;CVSS:4.0/AV:N/AC:L/AT:N/PR:N/UI:N/VC:H/VI:N/VA:N/SC:H/SI:H/SA:H;CVSS:3.1/AV:N/AC:L/PR:N/UI:N/S:U/C:H/I:N/A:N;9.3;7.5;U;0.00366;Hillrom Connex central station [Application] | Hillrom Connex device integration suite network connectivity engine [Application] | Hillrom Connex integrated wall system [Application] | Hillrom Connex spot monitor [Application] | Hillrom Connex vital signs monitor [Application] | Hillrom Service monitor [Application] | Hillrom Service tool [Application] | Hillrom Software development kit [Application] | Hillrom Spot vital signs 4400 - [Application] | Hillrom Spot vital signs 4400 EXTENDED_CARE [Application];cpe:2.3:a:hillrom:connex_central_station:*:*:*:*:*:*:*:*, cpe:2.3:a:hillrom:connex_device_integration_suite_network_connectivity_engine:*:*:*:*:*:*:*:*, cpe:2.3:a:hillrom:connex_integrated_wall_system:*:*:*:*:*:*:*:*, cpe:2.3:a:hillrom:connex_spot_monitor:*:*:*:*:*:*:*:*, cpe:2.3:a:hillrom:connex_vital_signs_monitor:*:*:*:*:*:*:*:*, cpe:2.3:a:hillrom:service_monitor:*:*:*:*:*:*:*:*, cpe:2.3:a:hillrom:service_tool:*:*:*:*:*:*:*:*, cpe:2.3:a:hillrom:software_development_kit:*:*:*:*:*:*:*:*, cpe:2.3:a:hillrom:spot_vital_signs_4400:*:*:*:*:-:*:*:*, cpe:2.3:a:hillrom:spot_vital_signs_4400:*:*:*:*:extended_care:*:*:*;IIa;both;CVSS:4.0/AV:N/AC:L/AT:N/PR:N/UI:N/VC:H/VI:N/VA:N/SC:H/SI:H/SA:H/E:U/CR:L/IR:M/AR:M/MSI:S/MSA:S;CVSS:4.0/AV:N/AC:L/AT:N/PR:N/UI:N/VC:H/VI:N/VA:N/SC:H/SI:H/SA:H/E:U/CR:H/IR:H/AR:H/MSI:S/MSA:S;8.2;8.9;CVSS:4.0/AV:N/AC:L/AT:N/PR:N/UI:N/VC:H/VI:N/VA:N/SC:H/SI:H/SA:H/E:U;8.0
CVE-2021-27410;CVSS:4.0/AV:N/AC:L/AT:N/PR:N/UI:N/VC:H/VI:H/VA:H/SC:H/SI:H/SA:H;CVSS:3.1/AV:N/AC:L/PR:N/UI:N/S:U/C:H/I:H/A:H;10.0;9.8;U;0.00237;Hillrom Connex central station [Application] | Hillrom Connex device integration suite network connectivity engine [Application] | Hillrom Connex integrated wall system [Application] | Hillrom Connex spot monitor [Application] | Hillrom Connex vital signs monitor [Application] | Hillrom Service monitor [Application] | Hillrom Service tool [Application] | Hillrom Software development kit [Application] | Hillrom Spot vital signs 4400 - [Application] | Hillrom Spot vital signs 4400 EXTENDED_CARE [Application];cpe:2.3:a:hillrom:connex_central_station:*:*:*:*:*:*:*:*, cpe:2.3:a:hillrom:connex_device_integration_suite_network_connectivity_engine:*:*:*:*:*:*:*:*, cpe:2.3:a:hillrom:connex_integrated_wall_system:*:*:*:*:*:*:*:*, cpe:2.3:a:hillrom:connex_spot_monitor:*:*:*:*:*:*:*:*, cpe:2.3:a:hillrom:connex_vital_signs_monitor:*:*:*:*:*:*:*:*, cpe:2.3:a:hillrom:service_monitor:*:*:*:*:*:*:*:*, cpe:2.3:a:hillrom:service_tool:*:*:*:*:*:*:*:*, cpe:2.3:a:hillrom:software_development_kit:*:*:*:*:*:*:*:*, cpe:2.3:a:hillrom:spot_vital_signs_4400:*:*:*:*:-:*:*:*, cpe:2.3:a:hillrom:spot_vital_signs_4400:*:*:*:*:extended_care:*:*:*;IIa;both;CVSS:4.0/AV:N/AC:L/AT:N/PR:N/UI:N/VC:H/VI:H/VA:H/SC:H/SI:H/SA:H/E:U/CR:L/IR:M/AR:M/MSI:S/MSA:S;CVSS:4.0/AV:N/AC:L/AT:N/PR:N/UI:N/VC:H/VI:H/VA:H/SC:H/SI:H/SA:H/E:U/CR:H/IR:H/AR:H/MSI:S/MSA:S;9.2;9.5;CVSS:4.0/AV:N/AC:L/AT:N/PR:N/UI:N/VC:H/VI:H/VA:H/SC:H/SI:H/SA:H/E:U;9.1
CVE-2022-41627;CVSS:4.0/AV:P/AC:H/AT:P/PR:N/UI:N/VC:N/VI:L/VA:H/SC:H/SI:N/SA:L;CVSS:3.1/AV:P/AC:H/PR:N/UI:N/S:U/C:N/I:L/A:H;5.7;4.8;U;8,00E-05;Alivecor Kardiamobile - [Hardware] | Alivecor Kardiamobile 6l - [Hardware] | Alivecor Kardiamobile 6l firmware - [Firmware] | Alivecor Kardiamobile card - [Hardware] | Alivecor Kardiamobile card firmware - [Firmware] | Alivecor Kardiamobile firmware - [Firmware];cpe:2.3:o:alivecor:kardiamobile_firmware:-:*:*:*:*:*:*:*, cpe:2.3:h:alivecor:kardiamobile:-:*:*:*:*:*:*:*, cpe:2.3:o:alivecor:kardiamobile_6l_firmware:-:*:*:*:*:*:*:*, cpe:2.3:h:alivecor:kardiamobile_6l:-:*:*:*:*:*:*:*, cpe:2.3:o:alivecor:kardiamobile_card_firmware:-:*:*:*:*:*:*:*, cpe:2.3:h:alivecor:kardiamobile_card:-:*:*:*:*:*:*:*;IIa;both;CVSS:4.0/AV:P/AC:H/AT:P/PR:N/UI:N/VC:N/VI:L/VA:H/SC:H/SI:N/SA:L/E:U/CR:L/IR:M/AR:M/MSA:S;CVSS:4.0/AV:P/AC:H/AT:P/PR:N/UI:N/VC:N/VI:L/VA:H/SC:H/SI:N/SA:L/E:U/CR:H/IR:H/AR:H/MSA:S;1.6;3.3;CVSS:4.0/AV:P/AC:H/AT:P/PR:N/UI:N/VC:N/VI:L/VA:H/SC:H/SI:N/SA:L/E:U;1.5
CVE-2022-40703;CVSS:4.0/AV:P/AC:L/AT:P/PR:N/UI:N/VC:L/VI:H/VA:N/SC:L/SI:H/SA:N;CVSS:3.1/AV:P/AC:L/PR:N/UI:N/S:U/C:L/I:H/A:N;5.7;5.2;U;0.0002;Alivecor Kardia [Application];cpe:2.3:a:alivecor:kardia:*:*:*:*:*:android:*:*;IIa;both;CVSS:4.0/AV:P/AC:L/AT:P/PR:N/UI:N/VC:L/VI:H/VA:N/SC:L/SI:H/SA:N/E:U/CR:L/IR:M/AR:M/MSI:S;CVSS:4.0/AV:P/AC:L/AT:P/PR:N/UI:N/VC:L/VI:H/VA:N/SC:L/SI:H/SA:N/E:U/CR:H/IR:H/AR:H/MSI:S;1.5;3.1;CVSS:4.0/AV:P/AC:L/AT:P/PR:N/UI:N/VC:L/VI:H/VA:N/SC:L/SI:H/SA:N/E:U;1.5
CVE-2021-33883;CVSS:4.0/AV:N/AC:H/AT:N/PR:N/UI:N/VC:N/VI:H/VA:N/SC:H/SI:N/SA:N;CVSS:3.1/AV:N/AC:H/PR:N/UI:N/S:U/C:N/I:H/A:N;8.9;5.9;U;0.00119;Bbraun Infusomat large volume pump 871305u - [Hardware] | Bbraun Spacecom2 [Firmware] | Bbraun Spacestation 8713142u - [Hardware];cpe:2.3:o:bbraun:spacecom2:*:*:*:*:*:*:*:*, cpe:2.3:h:bbraun:infusomat_large_volume_pump_871305u:-:*:*:*:*:*:*:*, cpe:2.3:h:bbraun:spacestation_8713142u:-:*:*:*:*:*:*:*;IIa;hospital;CVSS:4.0/AV:N/AC:H/AT:N/PR:N/UI:N/VC:N/VI:H/VA:N/SC:H/SI:N/SA:N/E:U/CR:L/IR:M/AR:M;;4.5;N/A;CVSS:4.0/AV:N/AC:H/AT:N/PR:N/UI:N/VC:N/VI:H/VA:N/SC:H/SI:N/SA:N/E:U;6.3
CVE-2021-33884;CVSS:4.0/AV:N/AC:L/AT:N/PR:N/UI:N/VC:L/VI:L/VA:N/SC:N/SI:H/SA:H;CVSS:3.1/AV:N/AC:L/PR:N/UI:N/S:U/C:L/I:L/A:N;7.8;6.5;U;0.00248;Bbraun Infusomat large volume pump 871305u - [Hardware] | Bbraun Spacecom2 [Firmware] | Bbraun Spacestation 8713142u - [Hardware];cpe:2.3:o:bbraun:spacecom2:*:*:*:*:*:*:*:*, cpe:2.3:h:bbraun:infusomat_large_volume_pump_871305u:-:*:*:*:*:*:*:*, cpe:2.3:h:bbraun:spacestation_8713142u:-:*:*:*:*:*:*:*;IIa;hospital;CVSS:4.0/AV:N/AC:L/AT:N/PR:N/UI:N/VC:L/VI:L/VA:N/SC:N/SI:H/SA:H/E:U/CR:L/IR:M/AR:M/MSI:S/MSA:S;;7.0;N/A;CVSS:4.0/AV:N/AC:L/AT:N/PR:N/UI:N/VC:L/VI:L/VA:N/SC:N/SI:H/SA:H/E:U;4.7
CVE-2021-33882;CVSS:4.0/AV:N/AC:H/AT:N/PR:N/UI:N/VC:N/VI:H/VA:N/SC:N/SI:H/SA:H;CVSS:3.1/AV:N/AC:H/PR:N/UI:N/S:C/C:N/I:H/A:N;9.0;6.8;U;0.00241;Bbraun Infusomat large volume pump 871305u - [Hardware] | Bbraun Spacecom2 [Firmware] | Bbraun Spacestation 8713142u - [Hardware];cpe:2.3:o:bbraun:spacecom2:*:*:*:*:*:*:*:*, cpe:2.3:h:bbraun:infusomat_large_volume_pump_871305u:-:*:*:*:*:*:*:*, cpe:2.3:h:bbraun:spacestation_8713142u:-:*:*:*:*:*:*:*;IIa;hospital;CVSS:4.0/AV:N/AC:H/AT:N/PR:N/UI:N/VC:N/VI:H/VA:N/SC:N/SI:H/SA:H/E:U/CR:L/IR:M/AR:M/MSI:S/MSA:S;;6.7;N/A;CVSS:4.0/AV:N/AC:H/AT:N/PR:N/UI:N/VC:N/VI:H/VA:N/SC:N/SI:H/SA:H/E:U;6.6
CVE-2021-33885;CVSS:4.0/AV:N/AC:L/AT:N/PR:N/UI:N/VC:H/VI:H/VA:N/SC:N/SI:H/SA:H;CVSS:3.1/AV:N/AC:L/PR:N/UI:N/S:C/C:H/I:H/A:N;9.9;10.0;U;0.02265;Bbraun Infusomat large volume pump 871305u - [Hardware] | Bbraun Spacecom2 [Firmware] | Bbraun Spacestation 8713142u - [Hardware];cpe:2.3:o:bbraun:spacecom2:*:*:*:*:*:*:*:*, cpe:2.3:h:bbraun:infusomat_large_volume_pump_871305u:-:*:*:*:*:*:*:*, cpe:2.3:h:bbraun:spacestation_8713142u:-:*:*:*:*:*:*:*;IIa;hospital;CVSS:4.0/AV:N/AC:L/AT:N/PR:N/UI:N/VC:H/VI:H/VA:N/SC:N/SI:H/SA:H/E:U/CR:L/IR:M/AR:M/MSI:S/MSA:S;;9.0;N/A;CVSS:4.0/AV:N/AC:L/AT:N/PR:N/UI:N/VC:H/VI:H/VA:N/SC:N/SI:H/SA:H/E:U;8.9
CVE-2021-33886;CVSS:4.0/AV:A/AC:L/AT:P/PR:N/UI:N/VC:H/VI:H/VA:N/SC:H/SI:H/SA:N;CVSS:3.1/AV:A/AC:L/PR:N/UI:N/S:U/C:H/I:H/A:N;8.8;8.1;U;0.00988;Bbraun Infusomat large volume pump 871305u - [Hardware] | Bbraun Spacecom2 [Firmware] | Bbraun Spacestation 8713142u - [Hardware];cpe:2.3:o:bbraun:spacecom2:*:*:*:*:*:*:*:*, cpe:2.3:h:bbraun:infusomat_large_volume_pump_871305u:-:*:*:*:*:*:*:*, cpe:2.3:h:bbraun:spacestation_8713142u:-:*:*:*:*:*:*:*;IIa;hospital;CVSS:4.0/AV:A/AC:L/AT:P/PR:N/UI:N/VC:H/VI:H/VA:N/SC:H/SI:H/SA:N/E:U/CR:L/IR:M/AR:M/MSI:S;;6.5;N/A;CVSS:4.0/AV:A/AC:L/AT:P/PR:N/UI:N/VC:H/VI:H/VA:N/SC:H/SI:H/SA:N/E:U;5.9
CVE-2022-40263;CVSS:4.0/AV:L/AC:L/AT:P/PR:L/UI:N/VC:H/VI:L/VA:L/SC:H/SI:H/SA:N;CVSS:3.1/AV:L/AC:L/PR:L/UI:N/S:U/C:H/I:L/A:L;7.1;6.6;U;0.00033;Bd Totalys multiprocessor - [Hardware] | Bd Totalys multiprocessor firmware [Firmware];cpe:2.3:o:bd:totalys_multiprocessor_firmware:*:*:*:*:*:*:*:*, cpe:2.3:h:bd:totalys_multiprocessor:-:*:*:*:*:*:*:*;IIa;hospital;CVSS:4.0/AV:L/AC:L/AT:P/PR:L/UI:N/VC:H/VI:L/VA:L/SC:H/SI:H/SA:N/E:U/CR:L/IR:M/AR:M/MSI:S;;4.3;N/A;CVSS:4.0/AV:L/AC:L/AT:P/PR:L/UI:N/VC:H/VI:L/VA:L/SC:H/SI:H/SA:N/E:U;3.8
CVE-2022-32537;CVSS:4.0/AV:A/AC:H/AT:P/PR:L/UI:N/VC:N/VI:H/VA:N/SC:L/SI:N/SA:N;CVSS:3.1/AV:A/AC:H/PR:L/UI:N/S:U/C:N/I:H/A:N;5.9;4.8;U;0.00046;Medtronic Guardian link 2 transmitter mmt-7730 - [Hardware] | Medtronic Guardian link 2 transmitter mmt-7730 firmware - [Firmware] | Medtronic Guardian link 2 transmitter mmt-7731 - [Hardware] | Medtronic Guardian link 2 transmitter mmt-7731 firmware - [Firmware] | Medtronic Guardian link 2 transmitter mmt-7738 - [Hardware] | Medtronic Guardian link 2 transmitter mmt-7738 firmware - [Firmware] | Medtronic Guardian link 2 transmitter mmt-7775 - [Hardware] | Medtronic Guardian link 2 transmitter mmt-7775 firmware - [Firmware] | Medtronic Guardian link 3 transmitter mmt-7810 - [Hardware] | Medtronic Guardian link 3 transmitter mmt-7810 firmware - [Firmware] | Medtronic Guardian link 3 transmitter mmt-7811 - [Hardware] | Medtronic Guardian link 3 transmitter mmt-7811 firmware - [Firmware] | Medtronic Minimed 620g mmt-1750 - [Hardware] | Medtronic Minimed 620g mmt-1750 firmware - [Firmware] | Medtronic Minimed 630g mmt-1715 - [Hardware] | Medtronic Minimed 630g mmt-1715 firmware - [Firmware] | Medtronic Minimed 630g mmt-1754 - [Hardware] | Medtronic Minimed 630g mmt-1754 firmware - [Firmware] | Medtronic Minimed 630g mmt-1755 - [Hardware] | Medtronic Minimed 630g mmt-1755 firmware - [Firmware] | Medtronic Minimed 640g mmt-1711 - [Hardware] | Medtronic Minimed 640g mmt-1711 firmware - [Firmware] | Medtronic Minimed 640g mmt-1712 - [Hardware] | Medtronic Minimed 640g mmt-1712 firmware - [Firmware] | Medtronic Minimed 640g mmt-1751 - [Hardware] | Medtronic Minimed 640g mmt-1751 firmware - [Firmware] | Medtronic Minimed 640g mmt-1752 - [Hardware] | Medtronic Minimed 640g mmt-1752 firmware - [Firmware] | Medtronic Minimed 670g mmt-1740 - [Hardware] | Medtronic Minimed 670g mmt-1740 firmware - [Firmware] | Medtronic Minimed 670g mmt-1741 - [Hardware] | Medtronic Minimed 670g mmt-1741 firmware - [Firmware] | Medtronic Minimed 670g mmt-1742 - [Hardware] | Medtronic Minimed 670g mmt-1742 firmware - [Firmware] | Medtronic Minimed 670g mmt-1760 - [Hardware] | Medtronic Minimed 670g mmt-1760 firmware - [Firmware] | Medtronic Minimed 670g mmt-1761 - [Hardware] | Medtronic Minimed 670g mmt-1761 firmware - [Firmware] | Medtronic Minimed 670g mmt-1762 - [Hardware] | Medtronic Minimed 670g mmt-1762 firmware - [Firmware] | Medtronic Minimed 670g mmt-1780 - [Hardware] | Medtronic Minimed 670g mmt-1780 firmware - [Firmware] | Medtronic Minimed 670g mmt-1781 - [Hardware] | Medtronic Minimed 670g mmt-1781 firmware - [Firmware] | Medtronic Minimed 670g mmt-1782 - [Hardware] | Medtronic Minimed 670g mmt-1782 firmware - [Firmware] | Medtronic Mmt-1151 - [Hardware] | Medtronic Mmt-1151 firmware - [Firmware] | Medtronic Mmt-1152 - [Hardware] | Medtronic Mmt-1152 firmware - [Firmware] | Medtronic Mmt-1351 - [Hardware] | Medtronic Mmt-1351 firmware - [Firmware] | Medtronic Mmt-1352 - [Hardware] | Medtronic Mmt-1352 firmware - [Firmware] | Medtronic Mmt-7306 - [Hardware] | Medtronic Mmt-7306 firmware - [Firmware];cpe:2.3:o:medtronic:guardian_link_2_transmitter_mmt-7730_firmware:-:*:*:*:*:*:*:*, cpe:2.3:h:medtronic:guardian_link_2_transmitter_mmt-7730:-:*:*:*:*:*:*:*, cpe:2.3:o:medtronic:guardian_link_2_transmitter_mmt-7731_firmware:-:*:*:*:*:*:*:*, cpe:2.3:h:medtronic:guardian_link_2_transmitter_mmt-7731:-:*:*:*:*:*:*:*, cpe:2.3:o:medtronic:guardian_link_2_transmitter_mmt-7738_firmware:-:*:*:*:*:*:*:*, cpe:2.3:h:medtronic:guardian_link_2_transmitter_mmt-7738:-:*:*:*:*:*:*:*, cpe:2.3:o:medtronic:guardian_link_2_transmitter_mmt-7775_firmware:-:*:*:*:*:*:*:*, cpe:2.3:h:medtronic:guardian_link_2_transmitter_mmt-7775:-:*:*:*:*:*:*:*, cpe:2.3:o:medtronic:guardian_link_3_transmitter_mmt-7810_firmware:-:*:*:*:*:*:*:*, cpe:2.3:h:medtronic:guardian_link_3_transmitter_mmt-7810:-:*:*:*:*:*:*:*, cpe:2.3:o:medtronic:guardian_link_3_transmitter_mmt-7811_firmware:-:*:*:*:*:*:*:*, cpe:2.3:h:medtronic:guardian_link_3_transmitter_mmt-7811:-:*:*:*:*:*:*:*, cpe:2.3:o:medtronic:minimed_620g_mmt-1750_firmware:-:*:*:*:*:*:*:*, cpe:2.3:h:medtronic:minimed_620g_mmt-1750:-:*:*:*:*:*:*:*, cpe:2.3:o:medtronic:minimed_630g_mmt-1715_firmware:-:*:*:*:*:*:*:*, cpe:2.3:h:medtronic:minimed_630g_mmt-1715:-:*:*:*:*:*:*:*, cpe:2.3:o:medtronic:minimed_630g_mmt-1754_firmware:-:*:*:*:*:*:*:*, cpe:2.3:h:medtronic:minimed_630g_mmt-1754:-:*:*:*:*:*:*:*, cpe:2.3:o:medtronic:minimed_630g_mmt-1755_firmware:-:*:*:*:*:*:*:*, cpe:2.3:h:medtronic:minimed_630g_mmt-1755:-:*:*:*:*:*:*:*, cpe:2.3:o:medtronic:minimed_640g_mmt-1711_firmware:-:*:*:*:*:*:*:*, cpe:2.3:h:medtronic:minimed_640g_mmt-1711:-:*:*:*:*:*:*:*, cpe:2.3:o:medtronic:minimed_640g_mmt-1712_firmware:-:*:*:*:*:*:*:*, cpe:2.3:h:medtronic:minimed_640g_mmt-1712:-:*:*:*:*:*:*:*, cpe:2.3:o:medtronic:minimed_640g_mmt-1751_firmware:-:*:*:*:*:*:*:*, cpe:2.3:h:medtronic:minimed_640g_mmt-1751:-:*:*:*:*:*:*:*, cpe:2.3:o:medtronic:minimed_640g_mmt-1752_firmware:-:*:*:*:*:*:*:*, cpe:2.3:h:medtronic:minimed_640g_mmt-1752:-:*:*:*:*:*:*:*, cpe:2.3:o:medtronic:minimed_670g_mmt-1740_firmware:-:*:*:*:*:*:*:*, cpe:2.3:h:medtronic:minimed_670g_mmt-1740:-:*:*:*:*:*:*:*, cpe:2.3:o:medtronic:minimed_670g_mmt-1741_firmware:-:*:*:*:*:*:*:*, cpe:2.3:h:medtronic:minimed_670g_mmt-1741:-:*:*:*:*:*:*:*, cpe:2.3:o:medtronic:minimed_670g_mmt-1742_firmware:-:*:*:*:*:*:*:*, cpe:2.3:h:medtronic:minimed_670g_mmt-1742:-:*:*:*:*:*:*:*, cpe:2.3:o:medtronic:minimed_670g_mmt-1760_firmware:-:*:*:*:*:*:*:*, cpe:2.3:h:medtronic:minimed_670g_mmt-1760:-:*:*:*:*:*:*:*, cpe:2.3:o:medtronic:minimed_670g_mmt-1761_firmware:-:*:*:*:*:*:*:*, cpe:2.3:h:medtronic:minimed_670g_mmt-1761:-:*:*:*:*:*:*:*, cpe:2.3:o:medtronic:minimed_670g_mmt-1762_firmware:-:*:*:*:*:*:*:*, cpe:2.3:h:medtronic:minimed_670g_mmt-1762:-:*:*:*:*:*:*:*, cpe:2.3:o:medtronic:minimed_670g_mmt-1780_firmware:-:*:*:*:*:*:*:*, cpe:2.3:h:medtronic:minimed_670g_mmt-1780:-:*:*:*:*:*:*:*, cpe:2.3:o:medtronic:minimed_670g_mmt-1781_firmware:-:*:*:*:*:*:*:*, cpe:2.3:h:medtronic:minimed_670g_mmt-1781:-:*:*:*:*:*:*:*, cpe:2.3:o:medtronic:minimed_670g_mmt-1782_firmware:-:*:*:*:*:*:*:*, cpe:2.3:h:medtronic:minimed_670g_mmt-1782:-:*:*:*:*:*:*:*, cpe:2.3:o:medtronic:mmt-1151_firmware:-:*:*:*:*:*:*:*, cpe:2.3:h:medtronic:mmt-1151:-:*:*:*:*:*:*:*, cpe:2.3:o:medtronic:mmt-1152_firmware:-:*:*:*:*:*:*:*, cpe:2.3:h:medtronic:mmt-1152:-:*:*:*:*:*:*:*, cpe:2.3:o:medtronic:mmt-1351_firmware:-:*:*:*:*:*:*:*, cpe:2.3:h:medtronic:mmt-1351:-:*:*:*:*:*:*:*, cpe:2.3:o:medtronic:mmt-1352_firmware:-:*:*:*:*:*:*:*, cpe:2.3:h:medtronic:mmt-1352:-:*:*:*:*:*:*:*, cpe:2.3:o:medtronic:mmt-7306_firmware:-:*:*:*:*:*:*:*, cpe:2.3:h:medtronic:mmt-7306:-:*:*:*:*:*:*:*;IIa;both;CVSS:4.0/AV:A/AC:H/AT:P/PR:L/UI:N/VC:N/VI:H/VA:N/SC:L/SI:N/SA:N/E:U/CR:L/IR:M/AR:M;CVSS:4.0/AV:A/AC:H/AT:P/PR:L/UI:N/VC:N/VI:H/VA:N/SC:L/SI:N/SA:N/E:U/CR:H/IR:H/AR:H;1.1;2.1;CVSS:4.0/AV:A/AC:H/AT:P/PR:L/UI:N/VC:N/VI:H/VA:N/SC:L/SI:N/SA:N/E:U;2.1
CVE-2022-26392;CVSS:4.0/AV:N/AC:H/AT:P/PR:L/UI:N/VC:L/VI:N/VA:N/SC:H/SI:N/SA:N;CVSS:3.1/AV:N/AC:H/PR:L/UI:N/S:U/C:L/I:N/A:N;4.9;3.1;U;0.00254;Baxter Baxter spectrum iq 35700bax3 - [Hardware] | Baxter Baxter spectrum iq 35700bax3 firmware - [Firmware] | Baxter Sigma spectrum 35700bax - [Hardware] | Baxter Sigma spectrum 35700bax firmware - [Firmware] | Baxter Sigma spectrum 35700bax2 - [Hardware] | Baxter Sigma spectrum 35700bax2 firmware - [Firmware] | Baxter Spectrum wireless battery module - [Hardware] | Baxter Spectrum wireless battery module firmware 16 [Firmware] | Baxter Spectrum wireless battery module firmware 16d38 [Firmware] | Baxter Spectrum wireless battery module firmware 17 [Firmware] | Baxter Spectrum wireless battery module firmware 17d19 [Firmware] | Baxter Spectrum wireless battery module firmware [Firmware];cpe:2.3:o:baxter:spectrum_wireless_battery_module_firmware:*:*:*:*:*:*:*:*, cpe:2.3:o:baxter:spectrum_wireless_battery_module_firmware:16:*:*:*:*:*:*:*, cpe:2.3:o:baxter:spectrum_wireless_battery_module_firmware:16d38:*:*:*:*:*:*:*, cpe:2.3:o:baxter:spectrum_wireless_battery_module_firmware:17:*:*:*:*:*:*:*, cpe:2.3:o:baxter:spectrum_wireless_battery_module_firmware:17d19:*:*:*:*:*:*:*, cpe:2.3:h:baxter:spectrum_wireless_battery_module:-:*:*:*:*:*:*:*, cpe:2.3:o:baxter:sigma_spectrum_35700bax_firmware:-:*:*:*:*:*:*:*, cpe:2.3:h:baxter:sigma_spectrum_35700bax:-:*:*:*:*:*:*:*, cpe:2.3:o:baxter:sigma_spectrum_35700bax2_firmware:-:*:*:*:*:*:*:*, cpe:2.3:h:baxter:sigma_spectrum_35700bax2:-:*:*:*:*:*:*:*, cpe:2.3:o:baxter:baxter_spectrum_iq_35700bax3_firmware:-:*:*:*:*:*:*:*, cpe:2.3:h:baxter:baxter_spectrum_iq_35700bax3:-:*:*:*:*:*:*:*;IIb;both;CVSS:4.0/AV:N/AC:H/AT:P/PR:L/UI:N/VC:L/VI:N/VA:N/SC:H/SI:N/SA:N/E:U/CR:L/IR:M/AR:M;CVSS:4.0/AV:N/AC:H/AT:P/PR:L/UI:N/VC:L/VI:N/VA:N/SC:H/SI:N/SA:N/E:U/CR:H/IR:H/AR:H;1.1;1.1;CVSS:4.0/AV:N/AC:H/AT:P/PR:L/UI:N/VC:L/VI:N/VA:N/SC:H/SI:N/SA:N/E:U;1.1
CVE-2022-26393;CVSS:4.0/AV:N/AC:H/AT:P/PR:L/UI:N/VC:L/VI:L/VA:L/SC:H/SI:N/SA:H;CVSS:3.1/AV:N/AC:H/PR:L/UI:N/S:U/C:L/I:L/A:L;5.3;5.0;U;0.00171;Baxter Baxter spectrum iq 35700bax3 - [Hardware] | Baxter Baxter spectrum iq 35700bax3 firmware - [Firmware] | Baxter Sigma spectrum 35700bax - [Hardware] | Baxter Sigma spectrum 35700bax firmware - [Firmware] | Baxter Sigma spectrum 35700bax2 - [Hardware] | Baxter Sigma spectrum 35700bax2 firmware - [Firmware] | Baxter Spectrum wireless battery module - [Hardware] | Baxter Spectrum wireless battery module firmware 20d29 [Firmware];cpe:2.3:o:baxter:spectrum_wireless_battery_module_firmware:20d29:*:*:*:*:*:*:*, cpe:2.3:h:baxter:spectrum_wireless_battery_module:-:*:*:*:*:*:*:*, cpe:2.3:o:baxter:sigma_spectrum_35700bax_firmware:-:*:*:*:*:*:*:*, cpe:2.3:h:baxter:sigma_spectrum_35700bax:-:*:*:*:*:*:*:*, cpe:2.3:o:baxter:sigma_spectrum_35700bax2_firmware:-:*:*:*:*:*:*:*, cpe:2.3:h:baxter:sigma_spectrum_35700bax2:-:*:*:*:*:*:*:*, cpe:2.3:o:baxter:baxter_spectrum_iq_35700bax3_firmware:-:*:*:*:*:*:*:*, cpe:2.3:h:baxter:baxter_spectrum_iq_35700bax3:-:*:*:*:*:*:*:*;IIb;both;CVSS:4.0/AV:N/AC:H/AT:P/PR:L/UI:N/VC:L/VI:L/VA:L/SC:H/SI:N/SA:H/E:U/CR:L/IR:M/AR:M/MSA:S;CVSS:4.0/AV:N/AC:H/AT:P/PR:L/UI:N/VC:L/VI:L/VA:L/SC:H/SI:N/SA:H/E:U/CR:H/IR:H/AR:H/MSA:S;2.6;2.6;CVSS:4.0/AV:N/AC:H/AT:P/PR:L/UI:N/VC:L/VI:L/VA:L/SC:H/SI:N/SA:H/E:U;1.3
CVE-2022-26390;CVSS:4.0/AV:P/AC:H/AT:P/PR:N/UI:N/VC:H/VI:N/VA:N/SC:H/SI:N/SA:N;CVSS:3.1/AV:P/AC:H/PR:N/UI:N/S:U/C:H/I:N/A:N;5.6;4.2;U;0.00088;Baxter Baxter spectrum iq 35700bax3 - [Hardware] | Baxter Baxter spectrum iq 35700bax3 firmware - [Firmware] | Baxter Sigma spectrum 35700bax - [Hardware] | Baxter Sigma spectrum 35700bax firmware - [Firmware] | Baxter Sigma spectrum 35700bax2 - [Hardware] | Baxter Sigma spectrum 35700bax2 firmware - [Firmware] | Baxter Spectrum wireless battery module - [Hardware] | Baxter Spectrum wireless battery module firmware 16 [Firmware] | Baxter Spectrum wireless battery module firmware 16d38 [Firmware] | Baxter Spectrum wireless battery module firmware 17 [Firmware] | Baxter Spectrum wireless battery module firmware 17d19 [Firmware] | Baxter Spectrum wireless battery module firmware [Firmware];cpe:2.3:o:baxter:spectrum_wireless_battery_module_firmware:*:*:*:*:*:*:*:*, cpe:2.3:o:baxter:spectrum_wireless_battery_module_firmware:*:*:*:*:*:*:*:*, cpe:2.3:o:baxter:spectrum_wireless_battery_module_firmware:16:*:*:*:*:*:*:*, cpe:2.3:o:baxter:spectrum_wireless_battery_module_firmware:16d38:*:*:*:*:*:*:*, cpe:2.3:o:baxter:spectrum_wireless_battery_module_firmware:17:*:*:*:*:*:*:*, cpe:2.3:o:baxter:spectrum_wireless_battery_module_firmware:17d19:*:*:*:*:*:*:*, cpe:2.3:h:baxter:spectrum_wireless_battery_module:-:*:*:*:*:*:*:*, cpe:2.3:o:baxter:sigma_spectrum_35700bax_firmware:-:*:*:*:*:*:*:*, cpe:2.3:h:baxter:sigma_spectrum_35700bax:-:*:*:*:*:*:*:*, cpe:2.3:o:baxter:sigma_spectrum_35700bax2_firmware:-:*:*:*:*:*:*:*, cpe:2.3:h:baxter:sigma_spectrum_35700bax2:-:*:*:*:*:*:*:*, cpe:2.3:o:baxter:baxter_spectrum_iq_35700bax3_firmware:-:*:*:*:*:*:*:*, cpe:2.3:h:baxter:baxter_spectrum_iq_35700bax3:-:*:*:*:*:*:*:*;IIb;both;CVSS:4.0/AV:P/AC:H/AT:P/PR:N/UI:N/VC:H/VI:N/VA:N/SC:H/SI:N/SA:N/E:U/CR:L/IR:M/AR:M;CVSS:4.0/AV:P/AC:H/AT:P/PR:N/UI:N/VC:H/VI:N/VA:N/SC:H/SI:N/SA:N/E:U/CR:H/IR:H/AR:H;0.5;1.3;CVSS:4.0/AV:P/AC:H/AT:P/PR:N/UI:N/VC:H/VI:N/VA:N/SC:H/SI:N/SA:N/E:U;1.3
CVE-2022-26394;CVSS:4.0/AV:A/AC:L/AT:P/PR:L/UI:N/VC:L/VI:L/VA:L/SC:L/SI:H/SA:H;CVSS:3.1/AV:A/AC:L/PR:L/UI:N/S:U/C:L/I:L/A:L;5.3;5.5;U;0.00127;Baxter Baxter spectrum iq 35700bax3 - [Hardware] | Baxter Baxter spectrum iq 35700bax3 firmware - [Firmware] | Baxter Sigma spectrum 35700bax - [Hardware] | Baxter Sigma spectrum 35700bax firmware - [Firmware] | Baxter Sigma spectrum 35700bax2 - [Hardware] | Baxter Sigma spectrum 35700bax2 firmware - [Firmware] | Baxter Spectrum wireless battery module - [Hardware] | Baxter Spectrum wireless battery module firmware 16 [Firmware] | Baxter Spectrum wireless battery module firmware 16d38 [Firmware] | Baxter Spectrum wireless battery module firmware 17 [Firmware] | Baxter Spectrum wireless battery module firmware 17d19 [Firmware] | Baxter Spectrum wireless battery module firmware [Firmware];cpe:2.3:o:baxter:spectrum_wireless_battery_module_firmware:*:*:*:*:*:*:*:*, cpe:2.3:o:baxter:spectrum_wireless_battery_module_firmware:16:*:*:*:*:*:*:*, cpe:2.3:o:baxter:spectrum_wireless_battery_module_firmware:16d38:*:*:*:*:*:*:*, cpe:2.3:o:baxter:spectrum_wireless_battery_module_firmware:17:*:*:*:*:*:*:*, cpe:2.3:o:baxter:spectrum_wireless_battery_module_firmware:17d19:*:*:*:*:*:*:*, cpe:2.3:h:baxter:spectrum_wireless_battery_module:-:*:*:*:*:*:*:*, cpe:2.3:o:baxter:sigma_spectrum_35700bax_firmware:-:*:*:*:*:*:*:*, cpe:2.3:h:baxter:sigma_spectrum_35700bax:-:*:*:*:*:*:*:*, cpe:2.3:o:baxter:sigma_spectrum_35700bax2_firmware:-:*:*:*:*:*:*:*, cpe:2.3:h:baxter:sigma_spectrum_35700bax2:-:*:*:*:*:*:*:*, cpe:2.3:o:baxter:baxter_spectrum_iq_35700bax3_firmware:-:*:*:*:*:*:*:*, cpe:2.3:h:baxter:baxter_spectrum_iq_35700bax3:-:*:*:*:*:*:*:*;IIb;both;CVSS:4.0/AV:A/AC:L/AT:P/PR:L/UI:N/VC:L/VI:L/VA:L/SC:L/SI:H/SA:H/E:U/CR:L/IR:M/AR:M/MSI:S/MSA:S;CVSS:4.0/AV:A/AC:L/AT:P/PR:L/UI:N/VC:L/VI:L/VA:L/SC:L/SI:H/SA:H/E:U/CR:H/IR:H/AR:H/MSI:S/MSA:S;2.7;2.7;CVSS:4.0/AV:A/AC:L/AT:P/PR:L/UI:N/VC:L/VI:L/VA:L/SC:L/SI:H/SA:H/E:U;1.3
CVE-2022-38069;CVSS:4.0/AV:P/AC:L/AT:P/PR:N/UI:N/VC:L/VI:L/VA:L/SC:H/SI:H/SA:L;CVSS:3.1/AV:P/AC:L/PR:N/UI:N/S:U/C:L/I:L/A:L;2.3;4.3;U;0.00056;Contechealth Cms8000 - [Hardware] | Contechealth Cms8000 firmware - [Firmware];cpe:2.3:o:contechealth:cms8000_firmware:-:*:*:*:*:*:*:*, cpe:2.3:h:contechealth:cms8000:-:*:*:*:*:*:*:*;IIa;both;CVSS:4.0/AV:P/AC:L/AT:P/PR:N/UI:N/VC:L/VI:L/VA:L/SC:H/SI:H/SA:L/E:U/CR:L/IR:M/AR:M/MSI:S/MSA:S;CVSS:4.0/AV:P/AC:L/AT:P/PR:N/UI:N/VC:L/VI:L/VA:L/SC:H/SI:H/SA:L/E:U/CR:H/IR:H/AR:H/MSI:S/MSA:S;1.4;1.4;CVSS:4.0/AV:P/AC:L/AT:P/PR:N/UI:N/VC:L/VI:L/VA:L/SC:H/SI:H/SA:L/E:U;0.4
CVE-2022-3027;CVSS:4.0/AV:A/AC:L/AT:N/PR:N/UI:N/VC:N/VI:N/VA:H/SC:N/SI:H/SA:N;CVSS:3.1/AV:A/AC:L/PR:N/UI:R/S:U/C:N/I:N/A:H;8.3;5.7;U;0.00025;Contechealth Cms8000 - [Hardware] | Contechealth Cms8000 firmware - [Firmware];cpe:2.3:o:contechealth:cms8000_firmware:-:*:*:*:*:*:*:*, cpe:2.3:h:contechealth:cms8000:-:*:*:*:*:*:*:*;IIa;both;CVSS:4.0/AV:A/AC:L/AT:N/PR:N/UI:N/VC:N/VI:N/VA:H/SC:N/SI:H/SA:N/E:U/CR:L/IR:M/AR:M/MSI:S;CVSS:4.0/AV:A/AC:L/AT:N/PR:N/UI:N/VC:N/VI:N/VA:H/SC:N/SI:H/SA:N/E:U/CR:H/IR:H/AR:H/MSI:S;6.1;7.2;CVSS:4.0/AV:A/AC:L/AT:N/PR:N/UI:N/VC:N/VI:N/VA:H/SC:N/SI:H/SA:N/E:U;5.7
CVE-2022-36385;CVSS:4.0/AV:P/AC:L/AT:N/PR:N/UI:N/VC:H/VI:H/VA:H/SC:N/SI:H/SA:N;CVSS:3.1/AV:P/AC:L/PR:N/UI:N/S:U/C:H/I:H/A:H;8.3;6.8;U;0.00053;Contechealth Cms8000 - [Hardware] | Contechealth Cms8000 firmware - [Firmware];cpe:2.3:o:contechealth:cms8000_firmware:-:*:*:*:*:*:*:*, cpe:2.3:h:contechealth:cms8000:-:*:*:*:*:*:*:*;IIa;both;CVSS:4.0/AV:P/AC:L/AT:N/PR:N/UI:N/VC:H/VI:H/VA:H/SC:N/SI:H/SA:N/E:U/CR:L/IR:M/AR:M/MSI:S;CVSS:4.0/AV:P/AC:L/AT:N/PR:N/UI:N/VC:H/VI:H/VA:H/SC:N/SI:H/SA:N/E:U/CR:H/IR:H/AR:H/MSI:S;5.1;7.0;CVSS:4.0/AV:P/AC:L/AT:N/PR:N/UI:N/VC:H/VI:H/VA:H/SC:N/SI:H/SA:N/E:U;5.2
CVE-2022-38100;CVSS:4.0/AV:N/AC:L/AT:N/PR:N/UI:N/VC:N/VI:N/VA:H/SC:N/SI:N/SA:H;CVSS:3.1/AV:N/AC:L/PR:N/UI:N/S:U/C:N/I:N/A:H;9.2;7.5;U;0.00094;Contechealth Cms8000 - [Hardware] | Contechealth Cms8000 firmware - [Firmware];cpe:2.3:o:contechealth:cms8000_firmware:-:*:*:*:*:*:*:*, cpe:2.3:h:contechealth:cms8000:-:*:*:*:*:*:*:*;IIa;both;CVSS:4.0/AV:N/AC:L/AT:N/PR:N/UI:N/VC:N/VI:N/VA:H/SC:N/SI:N/SA:H/E:U/CR:L/IR:M/AR:M/MSA:S;CVSS:4.0/AV:N/AC:L/AT:N/PR:N/UI:N/VC:N/VI:N/VA:H/SC:N/SI:N/SA:H/E:U/CR:H/IR:H/AR:H/MSA:S;7.8;8.8;CVSS:4.0/AV:N/AC:L/AT:N/PR:N/UI:N/VC:N/VI:N/VA:H/SC:N/SI:N/SA:H/E:U;7.7
CVE-2022-38453;CVSS:4.0/AV:L/AC:H/AT:N/PR:H/UI:N/VC:L/VI:L/VA:N/SC:H/SI:L/SA:N;CVSS:3.1/AV:L/AC:H/PR:H/UI:N/S:U/C:L/I:L/A:N;4.3;3.0;U;0.00027;Contechealth Cms8000 - [Hardware] | Contechealth Cms8000 firmware - [Firmware];cpe:2.3:o:contechealth:cms8000_firmware:-:*:*:*:*:*:*:*, cpe:2.3:h:contechealth:cms8000:-:*:*:*:*:*:*:*;IIa;both;CVSS:4.0/AV:L/AC:H/AT:N/PR:H/UI:N/VC:L/VI:L/VA:N/SC:H/SI:L/SA:N/E:U/CR:L/IR:M/AR:M/MSI:S;CVSS:4.0/AV:L/AC:H/AT:N/PR:H/UI:N/VC:L/VI:L/VA:N/SC:H/SI:L/SA:N/E:U/CR:H/IR:H/AR:H/MSI:S;2.0;2.0;CVSS:4.0/AV:L/AC:H/AT:N/PR:H/UI:N/VC:L/VI:L/VA:N/SC:H/SI:L/SA:N/E:U;0.9
CVE-2022-2119;CVSS:4.0/AV:A/AC:H/AT:N/PR:N/UI:N/VC:H/VI:H/VA:H/SC:L/SI:H/SA:N;CVSS:3.1/AV:A/AC:H/PR:N/UI:N/S:U/C:H/I:H/A:H;8.8;7.5;U;0.01913;Offis Dcmtk [Application];cpe:2.3:a:offis:dcmtk:*:*:*:*:*:*:*:*;IIa;hospital;CVSS:4.0/AV:A/AC:H/AT:N/PR:N/UI:N/VC:H/VI:H/VA:H/SC:L/SI:H/SA:N/E:U/CR:L/IR:M/AR:M/MSI:S;;6.6;N/A;CVSS:4.0/AV:A/AC:H/AT:N/PR:N/UI:N/VC:H/VI:H/VA:H/SC:L/SI:H/SA:N/E:U;5.9
CVE-2022-2120;CVSS:4.0/AV:A/AC:H/AT:N/PR:N/UI:N/VC:H/VI:H/VA:H/SC:L/SI:H/SA:N;CVSS:3.1/AV:A/AC:H/PR:N/UI:N/S:U/C:H/I:H/A:H;8.8;7.5;U;0.01913;Offis Dcmtk [Application];cpe:2.3:a:offis:dcmtk:*:*:*:*:*:*:*:*;IIa;hospital;CVSS:4.0/AV:A/AC:H/AT:N/PR:N/UI:N/VC:H/VI:H/VA:H/SC:L/SI:H/SA:N/E:U/CR:L/IR:M/AR:M/MSI:S;;6.6;N/A;CVSS:4.0/AV:A/AC:H/AT:N/PR:N/UI:N/VC:H/VI:H/VA:H/SC:L/SI:H/SA:N/E:U;5.9
CVE-2022-2121;CVSS:4.0/AV:A/AC:H/AT:N/PR:N/UI:N/VC:H/VI:H/VA:H/SC:N/SI:N/SA:H;CVSS:3.1/AV:A/AC:H/PR:N/UI:N/S:U/C:H/I:H/A:H;8.7;7.5;U;0.00061;Offis Dcmtk [Application];cpe:2.3:a:offis:dcmtk:*:*:*:*:*:*:*:*;IIa;hospital;CVSS:4.0/AV:A/AC:H/AT:N/PR:N/UI:N/VC:H/VI:H/VA:H/SC:N/SI:N/SA:H/E:U/CR:L/IR:M/AR:M/MSA:S;;6.5;N/A;CVSS:4.0/AV:A/AC:H/AT:N/PR:N/UI:N/VC:H/VI:H/VA:H/SC:N/SI:N/SA:H/E:U;5.9
CVE-2022-26388;CVSS:4.0/AV:P/AC:L/AT:N/PR:N/UI:N/VC:H/VI:H/VA:L/SC:H/SI:N/SA:N;CVSS:3.1/AV:P/AC:L/PR:N/UI:N/S:U/C:H/I:H/A:L;8.2;6.4;U;0.00081;Hillrom Resting Electrocardiographs;;IIa;hospital;CVSS:4.0/AV:P/AC:L/AT:N/PR:N/UI:N/VC:H/VI:H/VA:L/SC:H/SI:N/SA:N/E:U/CR:L/IR:M/AR:M;;2.9;N/A;CVSS:4.0/AV:P/AC:L/AT:N/PR:N/UI:N/VC:H/VI:H/VA:L/SC:H/SI:N/SA:N/E:U;5.1
CVE-2022-26389;CVSS:4.0/AV:N/AC:H/AT:N/PR:L/UI:N/VC:L/VI:L/VA:H/SC:N/SI:N/SA:N;CVSS:3.1/AV:N/AC:H/PR:L/UI:N/S:C/C:L/I:L/A:H;6.1;7.7;U;0.00067;Hillrom Resting Electrocardiographs;;IIa;hospital;CVSS:4.0/AV:N/AC:H/AT:N/PR:L/UI:N/VC:L/VI:L/VA:H/SC:N/SI:N/SA:N/E:U/CR:L/IR:M/AR:M;;1.4;N/A;CVSS:4.0/AV:N/AC:H/AT:N/PR:L/UI:N/VC:L/VI:L/VA:H/SC:N/SI:N/SA:N/E:U;2.4
CVE-2022-22767;CVSS:4.0/AV:A/AC:L/AT:N/PR:N/UI:N/VC:H/VI:H/VA:H/SC:H/SI:H/SA:N;CVSS:3.1/AV:A/AC:L/PR:N/UI:N/S:U/C:H/I:H/A:H;9.3;8.8;U;0.00151;Bd Pyxis anesthesia station es - [Hardware] | Bd Pyxis anesthesia station es firmware - [Firmware] | Bd Pyxis ciisafe - [Hardware] | Bd Pyxis ciisafe firmware - [Firmware] | Bd Pyxis logistics - [Hardware] | Bd Pyxis logistics firmware - [Firmware] | Bd Pyxis medbank - [Hardware] | Bd Pyxis medbank firmware - [Firmware] | Bd Pyxis medstation 4000 - [Hardware] | Bd Pyxis medstation 4000 firmware - [Firmware] | Bd Pyxis medstation es - [Hardware] | Bd Pyxis medstation es firmware - [Firmware] | Bd Pyxis medstation es server - [Hardware] | Bd Pyxis medstation es server firmware - [Firmware] | Bd Pyxis parassist - [Hardware] | Bd Pyxis parassist firmware - [Firmware] | Bd Pyxis rapid rx - [Hardware] | Bd Pyxis rapid rx firmware - [Firmware] | Bd Pyxis stockstation - [Hardware] | Bd Pyxis stockstation firmware - [Firmware] | Bd Pyxis supplycenter - [Hardware] | Bd Pyxis supplycenter firmware - [Firmware] | Bd Pyxis supplyroller - [Hardware] | Bd Pyxis supplyroller firmware - [Firmware] | Bd Pyxis supplystation - [Hardware] | Bd Pyxis supplystation ec - [Hardware] | Bd Pyxis supplystation ec firmware - [Firmware] | Bd Pyxis supplystation firmware - [Firmware] | Bd Pyxis supplystation rf auxiliary - [Hardware] | Bd Pyxis supplystation rf auxiliary firmware - [Firmware] | Bd Rowa pouch packaging systems - [Hardware] | Bd Rowa pouch packaging systems firmware - [Firmware];cpe:2.3:o:bd:pyxis_anesthesia_station_es_firmware:-:*:*:*:*:*:*:*, cpe:2.3:h:bd:pyxis_anesthesia_station_es:-:*:*:*:*:*:*:*, cpe:2.3:o:bd:pyxis_ciisafe_firmware:-:*:*:*:*:*:*:*, cpe:2.3:h:bd:pyxis_ciisafe:-:*:*:*:*:*:*:*, cpe:2.3:o:bd:pyxis_logistics_firmware:-:*:*:*:*:*:*:*, cpe:2.3:h:bd:pyxis_logistics:-:*:*:*:*:*:*:*, cpe:2.3:o:bd:pyxis_medbank_firmware:-:*:*:*:*:*:*:*, cpe:2.3:h:bd:pyxis_medbank:-:*:*:*:*:*:*:*, cpe:2.3:o:bd:pyxis_medstation_4000_firmware:-:*:*:*:*:*:*:*, cpe:2.3:h:bd:pyxis_medstation_4000:-:*:*:*:*:*:*:*, cpe:2.3:o:bd:pyxis_medstation_es_firmware:-:*:*:*:*:*:*:*, cpe:2.3:h:bd:pyxis_medstation_es:-:*:*:*:*:*:*:*, cpe:2.3:o:bd:pyxis_medstation_es_server_firmware:-:*:*:*:*:*:*:*, cpe:2.3:h:bd:pyxis_medstation_es_server:-:*:*:*:*:*:*:*, cpe:2.3:o:bd:pyxis_parassist_firmware:-:*:*:*:*:*:*:*, cpe:2.3:h:bd:pyxis_parassist:-:*:*:*:*:*:*:*, cpe:2.3:o:bd:pyxis_rapid_rx_firmware:-:*:*:*:*:*:*:*, cpe:2.3:h:bd:pyxis_rapid_rx:-:*:*:*:*:*:*:*, cpe:2.3:o:bd:pyxis_stockstation_firmware:-:*:*:*:*:*:*:*, cpe:2.3:h:bd:pyxis_stockstation:-:*:*:*:*:*:*:*, cpe:2.3:o:bd:pyxis_supplycenter_firmware:-:*:*:*:*:*:*:*, cpe:2.3:h:bd:pyxis_supplycenter:-:*:*:*:*:*:*:*, cpe:2.3:o:bd:pyxis_supplyroller_firmware:-:*:*:*:*:*:*:*, cpe:2.3:h:bd:pyxis_supplyroller:-:*:*:*:*:*:*:*, cpe:2.3:o:bd:pyxis_supplystation_firmware:-:*:*:*:*:*:*:*, cpe:2.3:h:bd:pyxis_supplystation:-:*:*:*:*:*:*:*, cpe:2.3:o:bd:pyxis_supplystation_ec_firmware:-:*:*:*:*:*:*:*, cpe:2.3:h:bd:pyxis_supplystation_ec:-:*:*:*:*:*:*:*, cpe:2.3:o:bd:pyxis_supplystation_rf_auxiliary_firmware:-:*:*:*:*:*:*:*, cpe:2.3:h:bd:pyxis_supplystation_rf_auxiliary:-:*:*:*:*:*:*:*, cpe:2.3:o:bd:rowa_pouch_packaging_systems_firmware:-:*:*:*:*:*:*:*, cpe:2.3:h:bd:rowa_pouch_packaging_systems:-:*:*:*:*:*:*:*;IIb;hospital;CVSS:4.0/AV:A/AC:L/AT:N/PR:N/UI:N/VC:H/VI:H/VA:H/SC:H/SI:H/SA:N/E:U/CR:L/IR:M/AR:M/MSI:S;;7.8;N/A;CVSS:4.0/AV:A/AC:L/AT:N/PR:N/UI:N/VC:H/VI:H/VA:H/SC:H/SI:H/SA:N/E:U;7.6
CVE-2022-30277;CVSS:4.0/AV:P/AC:L/AT:N/PR:L/UI:N/VC:H/VI:H/VA:N/SC:H/SI:H/SA:N;CVSS:3.1/AV:P/AC:L/PR:L/UI:R/S:U/C:H/I:H/A:N;8.4;5.7;U;0.00061;Bd Synapsys 4.20 [Application] | Bd Synapsys 4.30 [Application];cpe:2.3:a:bd:synapsys:4.20:-:*:*:*:*:*:*, cpe:2.3:a:bd:synapsys:4.20:sr1:*:*:*:*:*:*, cpe:2.3:a:bd:synapsys:4.30:*:*:*:*:*:*:*;IIb;hospital;CVSS:4.0/AV:P/AC:L/AT:N/PR:L/UI:N/VC:H/VI:H/VA:N/SC:H/SI:H/SA:N/E:U/CR:L/IR:M/AR:M/MSI:S;;5.3;N/A;CVSS:4.0/AV:P/AC:L/AT:N/PR:L/UI:N/VC:H/VI:H/VA:N/SC:H/SI:H/SA:N/E:U;5.3
CVE-2022-1067;CVSS:4.0/AV:N/AC:L/AT:N/PR:L/UI:N/VC:H/VI:N/VA:N/SC:H/SI:N/SA:N;CVSS:3.1/AV:N/AC:L/PR:L/UI:N/S:U/C:H/I:N/A:N;8.3;6.5;U;0.00141;Lifepoint Patient portal [Application];cpe:2.3:a:lifepoint:patient_portal:*:*:*:*:*:*:*:*;IIa;both;CVSS:4.0/AV:N/AC:L/AT:N/PR:L/UI:N/VC:H/VI:N/VA:N/SC:H/SI:N/SA:N/E:U/CR:L/IR:M/AR:M;CVSS:4.0/AV:N/AC:L/AT:N/PR:L/UI:N/VC:H/VI:N/VA:N/SC:H/SI:N/SA:N/E:U/CR:H/IR:H/AR:H;4.1;5.7;CVSS:4.0/AV:N/AC:L/AT:N/PR:L/UI:N/VC:H/VI:N/VA:N/SC:H/SI:N/SA:N/E:U;5.7
CVE-2021-27501;CVSS:4.0/AV:N/AC:H/AT:N/PR:N/UI:N/VC:H/VI:H/VA:H/SC:H/SI:H/SA:N;CVSS:3.1/AV:N/AC:H/PR:N/UI:R/S:U/C:H/I:H/A:H;9.5;7.5;U;0.00216;Philips Myvue [Application] | Philips Speech [Application] | Philips Vue motion [Application] | Philips Vue pacs [Application];cpe:2.3:a:philips:myvue:*:*:*:*:*:*:*:*, cpe:2.3:a:philips:speech:*:*:*:*:*:*:*:*, cpe:2.3:a:philips:vue_motion:*:*:*:*:*:*:*:*, cpe:2.3:a:philips:vue_pacs:*:*:*:*:*:*:*:*;IIa;hospital;CVSS:4.0/AV:N/AC:H/AT:N/PR:N/UI:N/VC:H/VI:H/VA:H/SC:H/SI:H/SA:N/E:U/CR:L/IR:M/AR:M/MSI:S;;8.2;N/A;CVSS:4.0/AV:N/AC:H/AT:N/PR:N/UI:N/VC:H/VI:H/VA:H/SC:H/SI:H/SA:N/E:U;8.2
CVE-2015-9251;CVSS:4.0/AV:N/AC:L/AT:N/PR:N/UI:A/VC:L/VI:L/VA:N/SC:N/SI:N/SA:N;CVSS:3.0/AV:N/AC:L/PR:N/UI:R/S:C/C:L/I:L/A:N;5.1;6.1;P;0.08598;Jquery Jquery [Application] | Oracle Agile product lifecycle management for process 6.2.0.0 [Application] | Oracle Agile product lifecycle management for process 6.2.1.0 [Application] | Oracle Agile product lifecycle management for process 6.2.2.0 [Application] | Oracle Agile product lifecycle management for process 6.2.3.0 [Application] | Oracle Agile product lifecycle management for process 6.2.3.1 [Application] | Oracle Banking platform 2.6.0 [Application] | Oracle Banking platform 2.6.1 [Application] | Oracle Banking platform 2.6.2 [Application] | Oracle Business process management suite 11.1.1.9.0 [Application] | Oracle Business process management suite 12.1.3.0.0 [Application] | Oracle Business process management suite 12.2.1.3.0 [Application] | Oracle Communications converged application server [Application] | Oracle Communications interactive session recorder 6.0 [Application] | Oracle Communications interactive session recorder 6.1 [Application] | Oracle Communications interactive session recorder 6.2 [Application] | Oracle Communications services gatekeeper [Application] | Oracle Communications webrtc session controller [Application] | Oracle Endeca information discovery studio 3.1.0 [Application] | Oracle Endeca information discovery studio 3.2.0 [Application] | Oracle Enterprise manager ops center 12.2.2 [Application] | Oracle Enterprise manager ops center 12.3.3 [Application] | Oracle Enterprise operations monitor 3.4 [Application] | Oracle Enterprise operations monitor 4.0 [Application] | Oracle Financial services analytical applications infrastructure [Application] | Oracle Financial services asset liability management [Application] | Oracle Financial services data integration hub [Application] | Oracle Financial services funds transfer pricing [Application] | Oracle Financial services hedge management and ifrs valuations [Application] | Oracle Financial services liquidity risk management [Application] | Oracle Financial services loan loss forecasting and provisioning [Application] | Oracle Financial services market risk measurement and management 8.0.5 [Application] | Oracle Financial services market risk measurement and management 8.0.6 [Application] | Oracle Financial services profitability management [Application] | Oracle Financial services reconciliation framework 8.0.5 [Application] | Oracle Financial services reconciliation framework 8.0.6 [Application] | Oracle Fusion middleware mapviewer 12.2.1.3.0 [Application] | Oracle Healthcare foundation 7.1 [Application] | Oracle Healthcare foundation 7.2 [Application] | Oracle Healthcare translational research 3.1.0 [Application] | Oracle Hospitality cruise fleet management 9.0.11 [Application] | Oracle Hospitality guest access 4.2.0 [Application] | Oracle Hospitality guest access 4.2.1 [Application] | Oracle Hospitality materials control 18.1 [Application] | Oracle Hospitality reporting and analytics 9.1.0 [Application] | Oracle Insurance insbridge rating and underwriting 5.2 [Application] | Oracle Insurance insbridge rating and underwriting 5.4 [Application] | Oracle Insurance insbridge rating and underwriting 5.5 [Application] | Oracle Jd edwards enterpriseone tools 9.2 [Application] | Oracle Jdeveloper 11.1.1.9.0 [Application] | Oracle Jdeveloper 12.1.3.0.0 [Application] | Oracle Jdeveloper 12.2.1.3.0 [Application] | Oracle Oss support tools 19.1 [Application] | Oracle Peoplesoft enterprise peopletools 8.55 [Application] | Oracle Peoplesoft enterprise peopletools 8.56 [Application] | Oracle Peoplesoft enterprise peopletools 8.57 [Application] | Oracle Primavera gateway 15.2 [Application] | Oracle Primavera gateway 16.2 [Application] | Oracle Primavera gateway 17.12 [Application] | Oracle Primavera unifier 16.1 [Application] | Oracle Primavera unifier 16.2 [Application] | Oracle Primavera unifier 18.8 [Application] | Oracle Primavera unifier [Application] | Oracle Real-time scheduler 2.3.0 [Application] | Oracle Retail allocation 15.0.2 [Application] | Oracle Retail customer insights 15.0 [Application] | Oracle Retail customer insights 16.0 [Application] | Oracle Retail invoice matching 15.0 [Application] | Oracle Retail sales audit 15.0 [Application] | Oracle Retail workforce management software 1.60.9 [Application] | Oracle Retail workforce management software 1.64.0 [Application] | Oracle Service bus 12.1.3.0.0 [Application] | Oracle Service bus 12.2.1.3.0 [Application] | Oracle Siebel ui framework 18.10 [Application] | Oracle Siebel ui framework 18.11 [Application] | Oracle Utilities framework [Application] | Oracle Utilities mobile workforce management 2.3.0 [Application] | Oracle Webcenter sites 11.1.1.8.0 [Application] | Oracle Weblogic server 12.1.3.0 [Application] | Oracle Weblogic server 12.2.1.3 [Application];cpe:2.3:a:jquery:jquery:*:*:*:*:*:*:*:*, cpe:2.3:a:oracle:agile_product_lifecycle_management_for_process:6.2.0.0:*:*:*:*:*:*:*, cpe:2.3:a:oracle:agile_product_lifecycle_management_for_process:6.2.1.0:*:*:*:*:*:*:*, cpe:2.3:a:oracle:agile_product_lifecycle_management_for_process:6.2.2.0:*:*:*:*:*:*:*, cpe:2.3:a:oracle:agile_product_lifecycle_management_for_process:6.2.3.0:*:*:*:*:*:*:*, cpe:2.3:a:oracle:agile_product_lifecycle_management_for_process:6.2.3.1:*:*:*:*:*:*:*, cpe:2.3:a:oracle:banking_platform:2.6.0:*:*:*:*:*:*:*, cpe:2.3:a:oracle:banking_platform:2.6.1:*:*:*:*:*:*:*, cpe:2.3:a:oracle:banking_platform:2.6.2:*:*:*:*:*:*:*, cpe:2.3:a:oracle:business_process_management_suite:11.1.1.9.0:*:*:*:*:*:*:*, cpe:2.3:a:oracle:business_process_management_suite:12.1.3.0.0:*:*:*:*:*:*:*, cpe:2.3:a:oracle:business_process_management_suite:12.2.1.3.0:*:*:*:*:*:*:*, cpe:2.3:a:oracle:communications_converged_application_server:*:*:*:*:*:*:*:*, cpe:2.3:a:oracle:communications_interactive_session_recorder:6.0:*:*:*:*:*:*:*, cpe:2.3:a:oracle:communications_interactive_session_recorder:6.1:*:*:*:*:*:*:*, cpe:2.3:a:oracle:communications_interactive_session_recorder:6.2:*:*:*:*:*:*:*, cpe:2.3:a:oracle:communications_services_gatekeeper:*:*:*:*:*:*:*:*, cpe:2.3:a:oracle:communications_webrtc_session_controller:*:*:*:*:*:*:*:*, cpe:2.3:a:oracle:endeca_information_discovery_studio:3.1.0:*:*:*:*:*:*:*, cpe:2.3:a:oracle:endeca_information_discovery_studio:3.2.0:*:*:*:*:*:*:*, cpe:2.3:a:oracle:enterprise_manager_ops_center:12.2.2:*:*:*:*:*:*:*, cpe:2.3:a:oracle:enterprise_manager_ops_center:12.3.3:*:*:*:*:*:*:*, cpe:2.3:a:oracle:enterprise_operations_monitor:3.4:*:*:*:*:*:*:*, cpe:2.3:a:oracle:enterprise_operations_monitor:4.0:*:*:*:*:*:*:*, cpe:2.3:a:oracle:financial_services_analytical_applications_infrastructure:*:*:*:*:*:*:*:*, cpe:2.3:a:oracle:financial_services_analytical_applications_infrastructure:*:*:*:*:*:*:*:*, cpe:2.3:a:oracle:financial_services_asset_liability_management:*:*:*:*:*:*:*:*, cpe:2.3:a:oracle:financial_services_data_integration_hub:*:*:*:*:*:*:*:*, cpe:2.3:a:oracle:financial_services_funds_transfer_pricing:*:*:*:*:*:*:*:*, cpe:2.3:a:oracle:financial_services_hedge_management_and_ifrs_valuations:*:*:*:*:*:*:*:*, cpe:2.3:a:oracle:financial_services_liquidity_risk_management:*:*:*:*:*:*:*:*, cpe:2.3:a:oracle:financial_services_loan_loss_forecasting_and_provisioning:*:*:*:*:*:*:*:*, cpe:2.3:a:oracle:financial_services_market_risk_measurement_and_management:8.0.5:*:*:*:*:*:*:*, cpe:2.3:a:oracle:financial_services_market_risk_measurement_and_management:8.0.6:*:*:*:*:*:*:*, cpe:2.3:a:oracle:financial_services_profitability_management:*:*:*:*:*:*:*:*, cpe:2.3:a:oracle:financial_services_reconciliation_framework:8.0.5:*:*:*:*:*:*:*, cpe:2.3:a:oracle:financial_services_reconciliation_framework:8.0.6:*:*:*:*:*:*:*, cpe:2.3:a:oracle:fusion_middleware_mapviewer:12.2.1.3.0:*:*:*:*:*:*:*, cpe:2.3:a:oracle:healthcare_foundation:7.1:*:*:*:*:*:*:*, cpe:2.3:a:oracle:healthcare_foundation:7.2:*:*:*:*:*:*:*, cpe:2.3:a:oracle:healthcare_translational_research:3.1.0:*:*:*:*:*:*:*, cpe:2.3:a:oracle:hospitality_cruise_fleet_management:9.0.11:*:*:*:*:*:*:*, cpe:2.3:a:oracle:hospitality_guest_access:4.2.0:*:*:*:*:*:*:*, cpe:2.3:a:oracle:hospitality_guest_access:4.2.1:*:*:*:*:*:*:*, cpe:2.3:a:oracle:hospitality_materials_control:18.1:*:*:*:*:*:*:*, cpe:2.3:a:oracle:hospitality_reporting_and_analytics:9.1.0:*:*:*:*:*:*:*, cpe:2.3:a:oracle:insurance_insbridge_rating_and_underwriting:5.2:*:*:*:*:*:*:*, cpe:2.3:a:oracle:insurance_insbridge_rating_and_underwriting:5.4:*:*:*:*:*:*:*, cpe:2.3:a:oracle:insurance_insbridge_rating_and_underwriting:5.5:*:*:*:*:*:*:*, cpe:2.3:a:oracle:jd_edwards_enterpriseone_tools:9.2:*:*:*:*:*:*:*, cpe:2.3:a:oracle:jdeveloper:11.1.1.9.0:*:*:*:*:*:*:*, cpe:2.3:a:oracle:jdeveloper:12.1.3.0.0:*:*:*:*:*:*:*, cpe:2.3:a:oracle:jdeveloper:12.2.1.3.0:*:*:*:*:*:*:*, cpe:2.3:a:oracle:oss_support_tools:19.1:*:*:*:*:*:*:*, cpe:2.3:a:oracle:peoplesoft_enterprise_peopletools:8.55:*:*:*:*:*:*:*, cpe:2.3:a:oracle:peoplesoft_enterprise_peopletools:8.56:*:*:*:*:*:*:*, cpe:2.3:a:oracle:peoplesoft_enterprise_peopletools:8.57:*:*:*:*:*:*:*, cpe:2.3:a:oracle:primavera_gateway:15.2:*:*:*:*:*:*:*, cpe:2.3:a:oracle:primavera_gateway:16.2:*:*:*:*:*:*:*, cpe:2.3:a:oracle:primavera_gateway:17.12:*:*:*:*:*:*:*, cpe:2.3:a:oracle:primavera_unifier:*:*:*:*:*:*:*:*, cpe:2.3:a:oracle:primavera_unifier:16.1:*:*:*:*:*:*:*, cpe:2.3:a:oracle:primavera_unifier:16.2:*:*:*:*:*:*:*, cpe:2.3:a:oracle:primavera_unifier:18.8:*:*:*:*:*:*:*, cpe:2.3:a:oracle:real-time_scheduler:2.3.0:*:*:*:*:*:*:*, cpe:2.3:a:oracle:retail_allocation:15.0.2:*:*:*:*:*:*:*, cpe:2.3:a:oracle:retail_customer_insights:15.0:*:*:*:*:*:*:*, cpe:2.3:a:oracle:retail_customer_insights:16.0:*:*:*:*:*:*:*, cpe:2.3:a:oracle:retail_invoice_matching:15.0:*:*:*:*:*:*:*, cpe:2.3:a:oracle:retail_sales_audit:15.0:*:*:*:*:*:*:*, cpe:2.3:a:oracle:retail_workforce_management_software:1.60.9:*:*:*:*:*:*:*, cpe:2.3:a:oracle:retail_workforce_management_software:1.64.0:*:*:*:*:*:*:*, cpe:2.3:a:oracle:service_bus:12.1.3.0.0:*:*:*:*:*:*:*, cpe:2.3:a:oracle:service_bus:12.2.1.3.0:*:*:*:*:*:*:*, cpe:2.3:a:oracle:siebel_ui_framework:18.10:*:*:*:*:*:*:*, cpe:2.3:a:oracle:siebel_ui_framework:18.11:*:*:*:*:*:*:*, cpe:2.3:a:oracle:utilities_framework:*:*:*:*:*:*:*:*, cpe:2.3:a:oracle:utilities_mobile_workforce_management:2.3.0:*:*:*:*:*:*:*, cpe:2.3:a:oracle:webcenter_sites:11.1.1.8.0:*:*:*:*:*:*:*, cpe:2.3:a:oracle:weblogic_server:12.1.3.0:*:*:*:*:*:*:*, cpe:2.3:a:oracle:weblogic_server:12.2.1.3:*:*:*:*:*:*:*;I ;hospital;CVSS:4.0/AV:N/AC:L/AT:N/PR:N/UI:A/VC:L/VI:L/VA:N/SC:N/SI:N/SA:N/E:P/CR:L/IR:M/AR:M;;2.0;N/A;CVSS:4.0/AV:N/AC:L/AT:N/PR:N/UI:A/VC:L/VI:L/VA:N/SC:N/SI:N/SA:N/E:U;1.2
CVE-2012-1708;CVSS:4.0/AV:N/AC:L/AT:N/PR:N/UI:N/VC:N/VI:H/VA:N/SC:N/SI:H/SA:N;CVSS:3.1/AV:N/AC:L/PR:N/UI:N/S:U/C:N/I:H/A:N;9.2;7.5;U;0.00323;Oracle Database server 4.0 [Application] | Oracle Database server 4.1 [Application];cpe:2.3:a:oracle:database_server:4.0:*:*:*:*:*:*:*, cpe:2.3:a:oracle:database_server:4.1:*:*:*:*:*:*:*;I;hospital;CVSS:4.0/AV:N/AC:L/AT:N/PR:N/UI:N/VC:N/VI:H/VA:N/SC:N/SI:H/SA:N/E:U/CR:L/IR:M/AR:M;;5.9;N/A;CVSS:4.0/AV:N/AC:L/AT:N/PR:N/UI:N/VC:N/VI:H/VA:N/SC:N/SI:H/SA:N/E:U;7.7
CVE-2021-33022;CVSS:4.0/AV:N/AC:L/AT:N/PR:N/UI:N/VC:N/VI:N/VA:H/SC:H/SI:N/SA:N;CVSS:3.1/AV:N/AC:L/PR:N/UI:N/S:U/C:N/I:N/A:H;9.2;7.5;U;0.00108;Philips Myvue [Application] | Philips Speech [Application] | Philips Vue motion [Application] | Philips Vue pacs [Application];cpe:2.3:a:philips:myvue:*:*:*:*:*:*:*:*, cpe:2.3:a:philips:speech:*:*:*:*:*:*:*:*, cpe:2.3:a:philips:vue_motion:*:*:*:*:*:*:*:*, cpe:2.3:a:philips:vue_pacs:*:*:*:*:*:*:*:*;IIa;hospital;CVSS:4.0/AV:N/AC:L/AT:N/PR:N/UI:N/VC:N/VI:N/VA:H/SC:H/SI:N/SA:N/E:U/CR:L/IR:M/AR:M;;5.9;N/A;CVSS:4.0/AV:N/AC:L/AT:N/PR:N/UI:N/VC:N/VI:N/VA:H/SC:H/SI:N/SA:N/E:U;7.7
CVE-2020-4670;CVSS:4.0/AV:N/AC:L/AT:N/PR:N/UI:N/VC:H/VI:H/VA:N/SC:H/SI:H/SA:N;CVSS:3.1/AV:N/AC:L/PR:N/UI:N/S:U/C:H/I:H/A:N;9.9;9.1;U;0.00385;Ibm Planning analytics cloud 2.0.0 [Application] | Ibm Planning analytics local 2.0.0 [Application];cpe:2.3:a:ibm:planning_analytics_cloud:2.0.0:*:*:*:*:*:*:*, cpe:2.3:a:ibm:planning_analytics_local:2.0.0:*:*:*:*:*:*:*;I ;hospital;CVSS:4.0/AV:N/AC:L/AT:N/PR:N/UI:N/VC:H/VI:H/VA:N/SC:H/SI:H/SA:N/E:U/CR:L/IR:M/AR:M;;7.8;N/A;CVSS:4.0/AV:N/AC:L/AT:N/PR:N/UI:N/VC:H/VI:H/VA:N/SC:H/SI:H/SA:N/E:U;8.9
CVE-2019-9636;CVSS:4.0/AV:N/AC:L/AT:N/PR:N/UI:N/VC:H/VI:H/VA:H/SC:H/SI:N/SA:N;CVSS:3.1/AV:N/AC:L/PR:N/UI:N/S:U/C:H/I:H/A:H;9.9;9.8;U;0.03568;Canonical Ubuntu linux 12.04 - [Firmware] | Canonical Ubuntu linux 14.04 ESM [Firmware] | Canonical Ubuntu linux 16.04 ESM [Firmware] | Canonical Ubuntu linux 18.04 LTS [Firmware] | Canonical Ubuntu linux 19.04 [Firmware] | Debian Debian linux 8.0 [Firmware] | Debian Debian linux 9.0 [Firmware] | Fedoraproject Fedora 28 [Firmware] | Fedoraproject Fedora 29 [Firmware] | Fedoraproject Fedora 30 [Firmware] | Fedoraproject Fedora 31 [Firmware] | Opensuse Leap 15.0 [Firmware] | Opensuse Leap 15.1 [Firmware] | Opensuse Leap 42.3 [Firmware] | Oracle Sun zfs storage appliance kit 8.8.6 [Application] | Python Python [Application] | Redhat Enterprise linux 7.0 [Firmware] | Redhat Enterprise linux 7.5 [Firmware] | Redhat Enterprise linux 8.0 [Firmware] | Redhat Enterprise linux desktop 6.0 [Firmware] | Redhat Enterprise linux eus 7.5 [Firmware] | Redhat Enterprise linux eus 8.1 [Firmware] | Redhat Enterprise linux eus 8.2 [Firmware] | Redhat Enterprise linux eus 8.4 [Firmware] | Redhat Enterprise linux eus 8.6 [Firmware] | Redhat Enterprise linux server 6.0 [Firmware] | Redhat Enterprise linux server aus 7.4 [Firmware] | Redhat Enterprise linux server aus 8.2 [Firmware] | Redhat Enterprise linux server aus 8.4 [Firmware] | Redhat Enterprise linux server eus 5.6 [Firmware] | Redhat Enterprise linux server tus 7.4 [Firmware] | Redhat Enterprise linux server tus 8.2 [Firmware] | Redhat Enterprise linux server tus 8.4 [Firmware] | Redhat Enterprise linux server tus 8.6 [Firmware] | Redhat Enterprise linux workstation 6.0 [Firmware] | Redhat Openshift container platform 3.11 [Application] | Redhat Virtualization 4.0 [Application];cpe:2.3:a:python:python:*:*:*:*:*:*:*:*, cpe:2.3:a:python:python:*:*:*:*:*:*:*:*, cpe:2.3:a:python:python:*:*:*:*:*:*:*:*, cpe:2.3:a:python:python:*:*:*:*:*:*:*:*, cpe:2.3:a:python:python:*:*:*:*:*:*:*:*, cpe:2.3:o:fedoraproject:fedora:28:*:*:*:*:*:*:*, cpe:2.3:o:fedoraproject:fedora:29:*:*:*:*:*:*:*, cpe:2.3:o:fedoraproject:fedora:30:*:*:*:*:*:*:*, cpe:2.3:o:fedoraproject:fedora:31:*:*:*:*:*:*:*, cpe:2.3:o:opensuse:leap:15.0:*:*:*:*:*:*:*, cpe:2.3:o:opensuse:leap:15.1:*:*:*:*:*:*:*, cpe:2.3:o:opensuse:leap:42.3:*:*:*:*:*:*:*, cpe:2.3:o:debian:debian_linux:8.0:*:*:*:*:*:*:*, cpe:2.3:o:debian:debian_linux:9.0:*:*:*:*:*:*:*, cpe:2.3:o:canonical:ubuntu_linux:12.04:*:*:*:-:*:*:*, cpe:2.3:o:canonical:ubuntu_linux:14.04:*:*:*:esm:*:*:*, cpe:2.3:o:canonical:ubuntu_linux:16.04:*:*:*:esm:*:*:*, cpe:2.3:o:canonical:ubuntu_linux:18.04:*:*:*:lts:*:*:*, cpe:2.3:o:canonical:ubuntu_linux:19.04:*:*:*:*:*:*:*, cpe:2.3:a:redhat:openshift_container_platform:3.11:*:*:*:*:*:*:*, cpe:2.3:o:redhat:enterprise_linux:7.5:*:*:*:*:*:*:*, cpe:2.3:o:redhat:enterprise_linux:8.0:*:*:*:*:*:*:*, cpe:2.3:o:redhat:enterprise_linux_desktop:6.0:*:*:*:*:*:*:*, cpe:2.3:o:redhat:enterprise_linux_eus:7.5:*:*:*:*:*:*:*, cpe:2.3:o:redhat:enterprise_linux_eus:8.1:*:*:*:*:*:*:*, cpe:2.3:o:redhat:enterprise_linux_eus:8.2:*:*:*:*:*:*:*, cpe:2.3:o:redhat:enterprise_linux_eus:8.4:*:*:*:*:*:*:*, cpe:2.3:o:redhat:enterprise_linux_eus:8.6:*:*:*:*:*:*:*, cpe:2.3:o:redhat:enterprise_linux_server:6.0:*:*:*:*:*:*:*, cpe:2.3:o:redhat:enterprise_linux_server_aus:7.4:*:*:*:*:*:*:*, cpe:2.3:o:redhat:enterprise_linux_server_aus:8.2:*:*:*:*:*:*:*, cpe:2.3:o:redhat:enterprise_linux_server_aus:8.4:*:*:*:*:*:*:*, cpe:2.3:o:redhat:enterprise_linux_server_eus:5.6:*:*:*:*:*:*:*, cpe:2.3:o:redhat:enterprise_linux_server_tus:7.4:*:*:*:*:*:*:*, cpe:2.3:o:redhat:enterprise_linux_server_tus:8.2:*:*:*:*:*:*:*, cpe:2.3:o:redhat:enterprise_linux_server_tus:8.4:*:*:*:*:*:*:*, cpe:2.3:o:redhat:enterprise_linux_server_tus:8.6:*:*:*:*:*:*:*, cpe:2.3:o:redhat:enterprise_linux_workstation:6.0:*:*:*:*:*:*:*, cpe:2.3:a:redhat:virtualization:4.0:*:*:*:*:*:*:*, cpe:2.3:o:redhat:enterprise_linux:7.0:*:*:*:*:*:*:*, cpe:2.3:a:oracle:sun_zfs_storage_appliance_kit:8.8.6:*:*:*:*:*:*:*;I ;hospital;CVSS:4.0/AV:N/AC:L/AT:N/PR:N/UI:N/VC:H/VI:H/VA:H/SC:H/SI:N/SA:N/E:U/CR:L/IR:M/AR:M;;7.8;N/A;CVSS:4.0/AV:N/AC:L/AT:N/PR:N/UI:N/VC:H/VI:H/VA:H/SC:H/SI:N/SA:N/E:U;8.9
CVE-2018-10115;CVSS:4.0/AV:L/AC:L/AT:N/PR:N/UI:A/VC:H/VI:H/VA:H/SC:N/SI:N/SA:H;CVSS:3.0/AV:L/AC:L/PR:N/UI:R/S:U/C:H/I:H/A:H;9.2;7.8;U;0.05431;RAR decoder objects in 7-Zip 18.03 [Application];cpe:2.3:a:7-zip:7-zip:*:*:*:*:*:*:*:*;I ;hospital;CVSS:4.0/AV:L/AC:L/AT:N/PR:N/UI:A/VC:H/VI:H/VA:H/SC:N/SI:N/SA:H/E:U/CR:L/IR:M/AR:M;;5.5;N/A;CVSS:4.0/AV:L/AC:L/AT:N/PR:N/UI:A/VC:H/VI:H/VA:H/SC:N/SI:N/SA:H/E:U;7.0
CVE-2021-39369;CVSS:4.0/AV:N/AC:L/AT:N/PR:L/UI:N/VC:H/VI:N/VA:N/SC:H/SI:N/SA:N;CVSS:3.1/AV:N/AC:L/PR:L/UI:N/S:U/C:H/I:N/A:N;8.3;6.5;U;0.00285;Philips Myvue - [Application] | Philips Speech - [Application] | Philips Vue motion [Application] | Philips Vue pacs - [Application];cpe:2.3:a:philips:myvue:-:*:*:*:*:*:*:*, cpe:2.3:a:philips:speech:-:*:*:*:*:*:*:*, cpe:2.3:a:philips:vue_motion:*:*:*:*:*:*:*:*, cpe:2.3:a:philips:vue_pacs:-:*:*:*:*:*:*:*;IIa;hospital;CVSS:4.0/AV:N/AC:L/AT:N/PR:L/UI:N/VC:H/VI:N/VA:N/SC:H/SI:N/SA:N/E:U/CR:L/IR:M/AR:M;;4.1;N/A;CVSS:4.0/AV:N/AC:L/AT:N/PR:L/UI:N/VC:H/VI:N/VA:N/SC:H/SI:N/SA:N/E:U;5.7
CVE-2020-1938;CVSS:4.0/AV:N/AC:L/AT:P/PR:N/UI:N/VC:H/VI:H/VA:H/SC:H/SI:L/SA:L;CVSS:3.1/AV:N/AC:L/PR:N/UI:N/S:U/C:H/I:H/A:H;9.5;9.8;A;0.94469;Apache Geode 1.12.0 [Application] | Apache Tomcat [Application] | Blackberry Good control [Application] | Blackberry Workspaces server 7.0.1 [Application] | Blackberry Workspaces server 7.1.2 [Application] | Blackberry Workspaces server 8.1.0 [Application] | Blackberry Workspaces server 9.0 [Application] | Debian Debian linux 10.0 [Firmware] | Debian Debian linux 8.0 [Firmware] | Debian Debian linux 9.0 [Firmware] | Fedoraproject Fedora 30 [Firmware] | Fedoraproject Fedora 31 [Firmware] | Fedoraproject Fedora 32 [Firmware] | Netapp Data availability services - [Application] | Netapp Oncommand system manager [Application] | Opensuse Leap 15.1 [Firmware] | Oracle Agile engineering data management 6.2.1.0 [Application] | Oracle Agile plm 9.3.3 [Application] | Oracle Agile plm 9.3.5 [Application] | Oracle Agile plm 9.3.6 [Application] | Oracle Communications element manager 8.1.1 [Application] | Oracle Communications element manager 8.2.0 [Application] | Oracle Communications element manager 8.2.1 [Application] | Oracle Communications instant messaging server 10.0.1.4.0 [Application] | Oracle Health sciences empirica inspections 1.0.1.2 [Application] | Oracle Health sciences empirica signal 7.3.3 [Application] | Oracle Hospitality guest access 4.2.0 [Application] | Oracle Hospitality guest access 4.2.1 [Application] | Oracle Instantis enterprisetrack [Application] | Oracle Mysql enterprise monitor [Application] | Oracle Siebel ui framework [Application] | Oracle Transportation management 6.3.7 [Application] | Oracle Workload manager 12.2.0.1 [Application] | Oracle Workload manager 18c [Application] | Oracle Workload manager 19c [Application];cpe:2.3:a:apache:geode:1.12.0:*:*:*:*:*:*:*, cpe:2.3:a:apache:tomcat:*:*:*:*:*:*:*:*, cpe:2.3:a:apache:tomcat:*:*:*:*:*:*:*:*, cpe:2.3:a:apache:tomcat:*:*:*:*:*:*:*:*, cpe:2.3:o:fedoraproject:fedora:30:*:*:*:*:*:*:*, cpe:2.3:o:fedoraproject:fedora:31:*:*:*:*:*:*:*, cpe:2.3:o:fedoraproject:fedora:32:*:*:*:*:*:*:*, cpe:2.3:a:oracle:agile_engineering_data_management:6.2.1.0:*:*:*:*:*:*:*, cpe:2.3:a:oracle:agile_plm:9.3.3:*:*:*:*:*:*:*, cpe:2.3:a:oracle:agile_plm:9.3.5:*:*:*:*:*:*:*, cpe:2.3:a:oracle:agile_plm:9.3.6:*:*:*:*:*:*:*, cpe:2.3:a:oracle:communications_element_manager:8.1.1:*:*:*:*:*:*:*, cpe:2.3:a:oracle:communications_element_manager:8.2.0:*:*:*:*:*:*:*, cpe:2.3:a:oracle:communications_element_manager:8.2.1:*:*:*:*:*:*:*, cpe:2.3:a:oracle:communications_instant_messaging_server:10.0.1.4.0:*:*:*:*:*:*:*, cpe:2.3:a:oracle:health_sciences_empirica_inspections:1.0.1.2:*:*:*:*:*:*:*, cpe:2.3:a:oracle:health_sciences_empirica_signal:7.3.3:*:*:*:*:*:*:*, cpe:2.3:a:oracle:hospitality_guest_access:4.2.0:*:*:*:*:*:*:*, cpe:2.3:a:oracle:hospitality_guest_access:4.2.1:*:*:*:*:*:*:*, cpe:2.3:a:oracle:instantis_enterprisetrack:*:*:*:*:*:*:*:*, cpe:2.3:a:oracle:mysql_enterprise_monitor:*:*:*:*:*:*:*:*, cpe:2.3:a:oracle:mysql_enterprise_monitor:*:*:*:*:*:*:*:*, cpe:2.3:a:oracle:siebel_ui_framework:*:*:*:*:*:*:*:*, cpe:2.3:a:oracle:transportation_management:6.3.7:*:*:*:*:*:*:*, cpe:2.3:a:oracle:workload_manager:12.2.0.1:*:*:*:*:*:*:*, cpe:2.3:a:oracle:workload_manager:18c:*:*:*:*:*:*:*, cpe:2.3:a:oracle:workload_manager:19c:*:*:*:*:*:*:*, cpe:2.3:o:debian:debian_linux:8.0:*:*:*:*:*:*:*, cpe:2.3:o:debian:debian_linux:9.0:*:*:*:*:*:*:*, cpe:2.3:o:debian:debian_linux:10.0:*:*:*:*:*:*:*, cpe:2.3:o:opensuse:leap:15.1:*:*:*:*:*:*:*, cpe:2.3:a:blackberry:good_control:*:*:*:*:*:*:*:*, cpe:2.3:a:blackberry:workspaces_server:7.0.1:*:*:*:*:*:*:*, cpe:2.3:a:blackberry:workspaces_server:7.1.2:*:*:*:*:*:*:*, cpe:2.3:a:blackberry:workspaces_server:8.1.0:*:*:*:*:*:*:*, cpe:2.3:a:blackberry:workspaces_server:9.0:*:*:*:*:*:*:*, cpe:2.3:a:netapp:data_availability_services:-:*:*:*:*:*:*:*, cpe:2.3:a:netapp:oncommand_system_manager:*:*:*:*:*:*:*:*;I ;hospital;CVSS:4.0/AV:N/AC:L/AT:P/PR:N/UI:N/VC:H/VI:H/VA:H/SC:H/SI:L/SA:L/E:A/CR:L/IR:M/AR:M;;9.0;N/A;CVSS:4.0/AV:N/AC:L/AT:P/PR:N/UI:N/VC:H/VI:H/VA:H/SC:H/SI:L/SA:L/E:A;9.5
CVE-2021-33020;CVSS:4.0/AV:N/AC:L/AT:N/PR:N/UI:N/VC:H/VI:L/VA:N/SC:L/SI:L/SA:N;CVSS:3.1/AV:N/AC:L/PR:N/UI:N/S:U/C:H/I:L/A:N;8.8;8.2;U;0.00219;Philips Myvue [Application] | Philips Speech [Application] | Philips Vue motion [Application] | Philips Vue pacs [Application];cpe:2.3:a:philips:myvue:*:*:*:*:*:*:*:*, cpe:2.3:a:philips:speech:*:*:*:*:*:*:*:*, cpe:2.3:a:philips:vue_motion:*:*:*:*:*:*:*:*, cpe:2.3:a:philips:vue_pacs:*:*:*:*:*:*:*:*;IIa;hospital;CVSS:4.0/AV:N/AC:L/AT:N/PR:N/UI:N/VC:H/VI:L/VA:N/SC:L/SI:L/SA:N/E:U/CR:L/IR:M/AR:M/MSI:S;;7.9;N/A;CVSS:4.0/AV:N/AC:L/AT:N/PR:N/UI:N/VC:H/VI:L/VA:N/SC:L/SI:L/SA:N/E:U;6.7
CVE-2021-33018;CVSS:4.0/AV:N/AC:H/AT:N/PR:N/UI:N/VC:H/VI:H/VA:H/SC:H/SI:N/SA:N;CVSS:3.1/AV:N/AC:H/PR:N/UI:R/S:U/C:H/I:H/A:H;9.4;7.5;U;0.00108;Philips Myvue [Application] | Philips Speech [Application] | Philips Vue motion [Application] | Philips Vue pacs [Application];cpe:2.3:a:philips:myvue:*:*:*:*:*:*:*:*, cpe:2.3:a:philips:speech:*:*:*:*:*:*:*:*, cpe:2.3:a:philips:vue_motion:*:*:*:*:*:*:*:*, cpe:2.3:a:philips:vue_pacs:*:*:*:*:*:*:*:*;IIa;hospital;CVSS:4.0/AV:N/AC:H/AT:N/PR:N/UI:N/VC:H/VI:H/VA:H/SC:H/SI:N/SA:N/E:U/CR:L/IR:M/AR:M;;6.6;N/A;CVSS:4.0/AV:N/AC:H/AT:N/PR:N/UI:N/VC:H/VI:H/VA:H/SC:H/SI:N/SA:N/E:U;8.1
CVE-2018-8014;CVSS:4.0/AV:N/AC:L/AT:N/PR:N/UI:P/VC:H/VI:H/VA:H/SC:H/SI:N/SA:N;CVSS:3.0/AV:N/AC:L/PR:N/UI:N/S:U/C:H/I:H/A:H;9.3;9.8;U;0.66336;Apache Tomcat 8.0.0 [Application] | Apache Tomcat 9.0.0 [Application] | Apache Tomcat [Application] | Canonical Ubuntu linux 14.04 LTS [Firmware] | Canonical Ubuntu linux 16.04 LTS [Firmware] | Canonical Ubuntu linux 17.10 [Firmware] | Canonical Ubuntu linux 18.04 LTS [Firmware] | Debian Debian linux 8.0 [Firmware] | Microsoft Windows - [Firmware] | Netapp Oncommand insight - [Application] | Netapp Oncommand unified manager [Application] | Netapp Oncommand workflow automation - [Application] | Netapp Snapcenter server - [Application] | Netapp Storage automation store - [Application];cpe:2.3:a:apache:tomcat:*:*:*:*:*:*:*:*, cpe:2.3:a:apache:tomcat:*:*:*:*:*:*:*:*, cpe:2.3:a:apache:tomcat:*:*:*:*:*:*:*:*, cpe:2.3:a:apache:tomcat:*:*:*:*:*:*:*:*, cpe:2.3:a:apache:tomcat:8.0.0:rc1:*:*:*:*:*:*, cpe:2.3:a:apache:tomcat:9.0.0:milestone1:*:*:*:*:*:*, cpe:2.3:o:canonical:ubuntu_linux:14.04:*:*:*:lts:*:*:*, cpe:2.3:o:canonical:ubuntu_linux:16.04:*:*:*:lts:*:*:*, cpe:2.3:o:canonical:ubuntu_linux:17.10:*:*:*:*:*:*:*, cpe:2.3:o:canonical:ubuntu_linux:18.04:*:*:*:lts:*:*:*, cpe:2.3:o:debian:debian_linux:8.0:*:*:*:*:*:*:*, cpe:2.3:a:netapp:oncommand_insight:-:*:*:*:*:*:*:*, cpe:2.3:a:netapp:oncommand_unified_manager:*:*:*:*:*:vmware_vsphere:*:*, cpe:2.3:a:netapp:oncommand_workflow_automation:-:*:*:*:*:*:*:*, cpe:2.3:a:netapp:snapcenter_server:-:*:*:*:*:*:*:*, cpe:2.3:a:netapp:storage_automation_store:-:*:*:*:*:*:*:*, cpe:2.3:a:netapp:oncommand_unified_manager:*:*:*:*:*:*:*:*, cpe:2.3:o:microsoft:windows:-:*:*:*:*:*:*:*;I ;hospital;CVSS:4.0/AV:N/AC:L/AT:N/PR:N/UI:P/VC:H/VI:H/VA:H/SC:H/SI:N/SA:N/E:U/CR:L/IR:M/AR:M;;6.0;N/A;CVSS:4.0/AV:N/AC:L/AT:N/PR:N/UI:P/VC:H/VI:H/VA:H/SC:H/SI:N/SA:N/E:U;7.4
CVE-2018-11218;CVSS:4.0/AV:N/AC:L/AT:N/PR:N/UI:N/VC:H/VI:H/VA:H/SC:H/SI:H/SA:H;CVSS:3.0/AV:N/AC:L/PR:N/UI:N/S:U/C:H/I:H/A:H;10.0;9.8;U;0.13137;Debian Debian linux 9.0 [Firmware] | Oracle Communications operations monitor 3.4 [Application] | Oracle Communications operations monitor 4.0 [Application] | Redhat Openstack 10 [Application] | Redhat Openstack 13 [Application] | Redislabs Redis 5.0 [Application] | Redislabs Redis [Application];cpe:2.3:a:redislabs:redis:*:*:*:*:*:*:*:*, cpe:2.3:a:redislabs:redis:*:*:*:*:*:*:*:*, cpe:2.3:a:redislabs:redis:5.0:rc1:*:*:*:*:*:*, cpe:2.3:o:debian:debian_linux:9.0:*:*:*:*:*:*:*, cpe:2.3:a:oracle:communications_operations_monitor:3.4:*:*:*:*:*:*:*, cpe:2.3:a:oracle:communications_operations_monitor:4.0:*:*:*:*:*:*:*, cpe:2.3:a:redhat:openstack:10:*:*:*:*:*:*:*, cpe:2.3:a:redhat:openstack:13:*:*:*:*:*:*:*;I ;hospital;CVSS:4.0/AV:N/AC:L/AT:N/PR:N/UI:N/VC:H/VI:H/VA:H/SC:H/SI:H/SA:H/E:U/CR:L/IR:M/AR:M;;8.0;N/A;CVSS:4.0/AV:N/AC:L/AT:N/PR:N/UI:N/VC:H/VI:H/VA:H/SC:H/SI:H/SA:H/E:U;9.1
CVE-2021-27497;CVSS:4.0/AV:N/AC:H/AT:N/PR:N/UI:N/VC:H/VI:L/VA:N/SC:H/SI:H/SA:H;CVSS:3.1/AV:N/AC:H/PR:N/UI:N/S:U/C:H/I:L/A:N;9.1;6.5;U;0.00255;Philips Myvue [Application] | Philips Speech [Application] | Philips Vue motion [Application] | Philips Vue pacs [Application];cpe:2.3:a:philips:myvue:*:*:*:*:*:*:*:*, cpe:2.3:a:philips:speech:*:*:*:*:*:*:*:*, cpe:2.3:a:philips:vue_motion:*:*:*:*:*:*:*:*, cpe:2.3:a:philips:vue_pacs:*:*:*:*:*:*:*:*;IIa;hospital;CVSS:4.0/AV:N/AC:H/AT:N/PR:N/UI:N/VC:H/VI:L/VA:N/SC:H/SI:H/SA:H/E:U/CR:L/IR:M/AR:M/MSI:S/MSA:S;;7.0;N/A;CVSS:4.0/AV:N/AC:H/AT:N/PR:N/UI:N/VC:H/VI:L/VA:N/SC:H/SI:H/SA:H/E:U;6.9
CVE-2021-33024;CVSS:4.0/AV:N/AC:H/AT:N/PR:N/UI:P/VC:L/VI:N/VA:N/SC:H/SI:L/SA:N;CVSS:3.1/AV:N/AC:H/PR:N/UI:N/S:U/C:L/I:N/A:N;5.1;3.7;U;0.00183;Philips Myvue [Application] | Philips Speech [Application] | Philips Vue motion [Application] | Philips Vue pacs [Application];cpe:2.3:a:philips:myvue:*:*:*:*:*:*:*:*, cpe:2.3:a:philips:speech:*:*:*:*:*:*:*:*, cpe:2.3:a:philips:vue_motion:*:*:*:*:*:*:*:*, cpe:2.3:a:philips:vue_pacs:*:*:*:*:*:*:*:*;IIa;hospital;CVSS:4.0/AV:N/AC:H/AT:N/PR:N/UI:P/VC:L/VI:N/VA:N/SC:H/SI:L/SA:N/E:U/CR:L/IR:M/AR:M/MSI:S;;2.6;N/A;CVSS:4.0/AV:N/AC:H/AT:N/PR:N/UI:P/VC:L/VI:N/VA:N/SC:H/SI:L/SA:N/E:U;1.2
CVE-2021-27493;CVSS:4.0/AV:N/AC:L/AT:N/PR:N/UI:P/VC:L/VI:L/VA:N/SC:L/SI:H/SA:H;CVSS:3.1/AV:N/AC:L/PR:N/UI:R/S:C/C:L/I:L/A:N;6.4;6.1;U;0.00162;Philips Myvue [Application] | Philips Speech [Application] | Philips Vue motion [Application] | Philips Vue pacs [Application];cpe:2.3:a:philips:myvue:*:*:*:*:*:*:*:*, cpe:2.3:a:philips:speech:*:*:*:*:*:*:*:*, cpe:2.3:a:philips:vue_motion:*:*:*:*:*:*:*:*, cpe:2.3:a:philips:vue_pacs:*:*:*:*:*:*:*:*;IIa;hospital;CVSS:4.0/AV:N/AC:L/AT:N/PR:N/UI:P/VC:L/VI:L/VA:N/SC:L/SI:H/SA:H/E:U/CR:L/IR:M/AR:M/MSI:S/MSA:S;;5.2;N/A;CVSS:4.0/AV:N/AC:L/AT:N/PR:N/UI:P/VC:L/VI:L/VA:N/SC:L/SI:H/SA:H/E:U;2.5
CVE-2018-12326;CVSS:4.0/AV:L/AC:L/AT:N/PR:N/UI:A/VC:H/VI:H/VA:H/SC:H/SI:H/SA:H;CVSS:3.0/AV:L/AC:L/PR:N/UI:N/S:U/C:H/I:H/A:H;9.3;8.4;P;0.13743;Redislabs Redis 5.0 [Application] | Redislabs Redis [Application];cpe:2.3:a:redislabs:redis:*:*:*:*:*:*:*:*, cpe:2.3:a:redislabs:redis:5.0:rc1:*:*:*:*:*:*, cpe:2.3:a:redislabs:redis:5.0:rc2:*:*:*:*:*:*;I ;hospital;CVSS:4.0/AV:L/AC:L/AT:N/PR:N/UI:A/VC:H/VI:H/VA:H/SC:H/SI:H/SA:H/E:P/CR:L/IR:M/AR:M;;7.2;N/A;CVSS:4.0/AV:L/AC:L/AT:N/PR:N/UI:A/VC:H/VI:H/VA:H/SC:H/SI:H/SA:H/E:P;8.4
CVE-2022-0922;CVSS:4.0/AV:A/AC:L/AT:N/PR:N/UI:N/VC:N/VI:N/VA:H/SC:H/SI:H/SA:H;CVSS:3.1/AV:A/AC:L/PR:N/UI:N/S:U/C:N/I:N/A:H;8.5;6.5;U;0.00043;Philips E-alert - [Hardware] | Philips E-alert firmware [Firmware];cpe:2.3:o:philips:e-alert_firmware:*:*:*:*:*:*:*:*, cpe:2.3:h:philips:e-alert:-:*:*:*:*:*:*:*;I;hospital;CVSS:4.0/AV:A/AC:L/AT:N/PR:N/UI:N/VC:N/VI:N/VA:H/SC:H/SI:H/SA:H/E:U/CR:L/IR:M/AR:M;;4.6;N/A;CVSS:4.0/AV:A/AC:L/AT:N/PR:N/UI:N/VC:N/VI:N/VA:H/SC:H/SI:H/SA:H/E:U;5.8
CVE-2022-22766;CVSS:4.0/AV:L/AC:H/AT:N/PR:L/UI:N/VC:H/VI:H/VA:H/SC:H/SI:H/SA:L;CVSS:3.1/AV:L/AC:H/PR:L/UI:N/S:U/C:H/I:H/A:H;8.7;7.0;U;0.0009;Bd Pyxis anesthesia station 4000 - [Hardware] | Bd Pyxis anesthesia station 4000 firmware [Firmware] | Bd Pyxis anesthesia station es - [Hardware] | Bd Pyxis anesthesia station es firmware [Firmware] | Bd Pyxis cato - [Hardware] | Bd Pyxis cato firmware [Firmware] | Bd Pyxis ciisafe - [Hardware] | Bd Pyxis ciisafe firmware [Firmware] | Bd Pyxis inventory connect - [Hardware] | Bd Pyxis inventory connect firmware [Firmware] | Bd Pyxis iv prep - [Hardware] | Bd Pyxis iv prep firmware [Firmware] | Bd Pyxis jitrbud - [Hardware] | Bd Pyxis jitrbud firmware [Firmware] | Bd Pyxis kanban rf - [Hardware] | Bd Pyxis kanban rf firmware [Firmware] | Bd Pyxis logistics - [Hardware] | Bd Pyxis logistics firmware [Firmware] | Bd Pyxis med link family - [Hardware] | Bd Pyxis med link family firmware [Firmware] | Bd Pyxis medbank - [Hardware] | Bd Pyxis medbank firmware [Firmware] | Bd Pyxis medstation 4000 - [Hardware] | Bd Pyxis medstation 4000 firmware [Firmware] | Bd Pyxis medstation es - [Hardware] | Bd Pyxis medstation es firmware [Firmware] | Bd Pyxis medstation es server - [Hardware] | Bd Pyxis medstation es server firmware [Firmware] | Bd Pyxis parassist - [Hardware] | Bd Pyxis parassist firmware [Firmware] | Bd Pyxis pharmopack - [Hardware] | Bd Pyxis pharmopack firmware [Firmware] | Bd Pyxis procedurestation - [Hardware] | Bd Pyxis procedurestation firmware [Firmware] | Bd Pyxis rapid rx - [Hardware] | Bd Pyxis rapid rx firmware [Firmware] | Bd Pyxis stockstation - [Hardware] | Bd Pyxis stockstation firmware [Firmware] | Bd Pyxis supplycenter - [Hardware] | Bd Pyxis supplycenter firmware [Firmware] | Bd Pyxis supplyroller - [Hardware] | Bd Pyxis supplyroller firmware [Firmware] | Bd Pyxis supplystation - [Hardware] | Bd Pyxis supplystation firmware [Firmware] | Bd Pyxis track and deliver - [Hardware] | Bd Pyxis track and deliver firmware [Firmware] | Bd Rowa pouch packaging systems - [Hardware] | Bd Rowa pouch packaging systems firmware [Firmware];cpe:2.3:o:bd:pyxis_anesthesia_station_es_firmware:*:*:*:*:*:*:*:*, cpe:2.3:h:bd:pyxis_anesthesia_station_es:-:*:*:*:*:*:*:*, cpe:2.3:o:bd:pyxis_anesthesia_station_4000_firmware:*:*:*:*:*:*:*:*, cpe:2.3:h:bd:pyxis_anesthesia_station_4000:-:*:*:*:*:*:*:*, cpe:2.3:o:bd:pyxis_cato_firmware:*:*:*:*:*:*:*:*, cpe:2.3:h:bd:pyxis_cato:-:*:*:*:*:*:*:*, cpe:2.3:o:bd:pyxis_ciisafe_firmware:*:*:*:*:*:*:*:*, cpe:2.3:h:bd:pyxis_ciisafe:-:*:*:*:*:*:*:*, cpe:2.3:o:bd:pyxis_inventory_connect_firmware:*:*:*:*:*:*:*:*, cpe:2.3:h:bd:pyxis_inventory_connect:-:*:*:*:*:*:*:*, cpe:2.3:o:bd:pyxis_iv_prep_firmware:*:*:*:*:*:*:*:*, cpe:2.3:h:bd:pyxis_iv_prep:-:*:*:*:*:*:*:*, cpe:2.3:o:bd:pyxis_jitrbud_firmware:*:*:*:*:*:*:*:*, cpe:2.3:h:bd:pyxis_jitrbud:-:*:*:*:*:*:*:*, cpe:2.3:o:bd:pyxis_kanban_rf_firmware:*:*:*:*:*:*:*:*, cpe:2.3:h:bd:pyxis_kanban_rf:-:*:*:*:*:*:*:*, cpe:2.3:o:bd:pyxis_logistics_firmware:*:*:*:*:*:*:*:*, cpe:2.3:h:bd:pyxis_logistics:-:*:*:*:*:*:*:*, cpe:2.3:o:bd:pyxis_med_link_family_firmware:*:*:*:*:*:*:*:*, cpe:2.3:h:bd:pyxis_med_link_family:-:*:*:*:*:*:*:*, cpe:2.3:o:bd:pyxis_medbank_firmware:*:*:*:*:*:*:*:*, cpe:2.3:h:bd:pyxis_medbank:-:*:*:*:*:*:*:*, cpe:2.3:o:bd:pyxis_medstation_4000_firmware:*:*:*:*:*:*:*:*, cpe:2.3:h:bd:pyxis_medstation_4000:-:*:*:*:*:*:*:*, cpe:2.3:o:bd:pyxis_medstation_es_firmware:*:*:*:*:*:*:*:*, cpe:2.3:h:bd:pyxis_medstation_es:-:*:*:*:*:*:*:*, cpe:2.3:o:bd:pyxis_medstation_es_server_firmware:*:*:*:*:*:*:*:*, cpe:2.3:h:bd:pyxis_medstation_es_server:-:*:*:*:*:*:*:*, cpe:2.3:o:bd:pyxis_parassist_firmware:*:*:*:*:*:*:*:*, cpe:2.3:h:bd:pyxis_parassist:-:*:*:*:*:*:*:*, cpe:2.3:o:bd:pyxis_pharmopack_firmware:*:*:*:*:*:*:*:*, cpe:2.3:h:bd:pyxis_pharmopack:-:*:*:*:*:*:*:*, cpe:2.3:o:bd:pyxis_procedurestation_firmware:*:*:*:*:*:*:*:*, cpe:2.3:h:bd:pyxis_procedurestation:-:*:*:*:*:*:*:*, cpe:2.3:o:bd:pyxis_rapid_rx_firmware:*:*:*:*:*:*:*:*, cpe:2.3:h:bd:pyxis_rapid_rx:-:*:*:*:*:*:*:*, cpe:2.3:o:bd:pyxis_stockstation_firmware:*:*:*:*:*:*:*:*, cpe:2.3:h:bd:pyxis_stockstation:-:*:*:*:*:*:*:*, cpe:2.3:o:bd:pyxis_supplycenter_firmware:*:*:*:*:*:*:*:*, cpe:2.3:h:bd:pyxis_supplycenter:-:*:*:*:*:*:*:*, cpe:2.3:o:bd:pyxis_supplyroller_firmware:*:*:*:*:*:*:*:*, cpe:2.3:h:bd:pyxis_supplyroller:-:*:*:*:*:*:*:*, cpe:2.3:o:bd:pyxis_supplystation_firmware:*:*:*:*:*:*:*:*, cpe:2.3:h:bd:pyxis_supplystation:-:*:*:*:*:*:*:*, cpe:2.3:o:bd:pyxis_track_and_deliver_firmware:*:*:*:*:*:*:*:*, cpe:2.3:h:bd:pyxis_track_and_deliver:-:*:*:*:*:*:*:*, cpe:2.3:o:bd:rowa_pouch_packaging_systems_firmware:*:*:*:*:*:*:*:*, cpe:2.3:h:bd:rowa_pouch_packaging_systems:-:*:*:*:*:*:*:*;IIb;hospital;CVSS:4.0/AV:L/AC:H/AT:N/PR:L/UI:N/VC:H/VI:H/VA:H/SC:H/SI:H/SA:L/E:U/CR:L/IR:M/AR:M/MSI:S/MSA:S;;6.6;N/A;CVSS:4.0/AV:L/AC:H/AT:N/PR:L/UI:N/VC:H/VI:H/VA:H/SC:H/SI:H/SA:L/E:U;5.7
CVE-2022-22765;CVSS:4.0/AV:L/AC:L/AT:P/PR:N/UI:N/VC:H/VI:H/VA:L/SC:H/SI:H/SA:L;CVSS:3.1/AV:L/AC:L/PR:N/UI:N/S:U/C:H/I:H/A:L;8.8;8.0;U;0.0009;Bd Viper lt system - [Hardware] | Bd Viper lt system firmware [Firmware];cpe:2.3:o:bd:viper_lt_system_firmware:*:*:*:*:*:*:*:*, cpe:2.3:h:bd:viper_lt_system:-:*:*:*:*:*:*:*;IIa;hospital;CVSS:4.0/AV:L/AC:L/AT:P/PR:N/UI:N/VC:H/VI:H/VA:L/SC:H/SI:H/SA:L/E:U/CR:L/IR:M/AR:M/MSI:S/MSA:S;;6.7;N/A;CVSS:4.0/AV:L/AC:L/AT:P/PR:N/UI:N/VC:H/VI:H/VA:L/SC:H/SI:H/SA:L/E:U;5.8
CVE-2021-23195;CVSS:4.0/AV:N/AC:L/AT:N/PR:N/UI:N/VC:L/VI:N/VA:N/SC:H/SI:L/SA:N;CVSS:3.1/AV:N/AC:L/PR:N/UI:N/S:U/C:L/I:N/A:N;7.8;5.3;U;0.00168;Fresenius-kabi Agilia connect - [Hardware] | Fresenius-kabi Agilia connect firmware [Firmware] | Fresenius-kabi Agilia partner maintenance software [Application] | Fresenius-kabi Link\+ agilia - [Hardware] | Fresenius-kabi Link\+ agilia firmware 3.0 [Firmware] | Fresenius-kabi Link\+ agilia firmware [Firmware] | Fresenius-kabi Vigilant centerium 1.0 [Application] | Fresenius-kabi Vigilant insight 1.0 [Application] | Fresenius-kabi Vigilant mastermed 1.0 [Application];cpe:2.3:o:fresenius-kabi:agilia_connect_firmware:*:*:*:*:*:*:*:*, cpe:2.3:h:fresenius-kabi:agilia_connect:-:*:*:*:*:*:*:*, cpe:2.3:a:fresenius-kabi:agilia_partner_maintenance_software:*:*:*:*:*:*:*:*, cpe:2.3:a:fresenius-kabi:vigilant_centerium:1.0:*:*:*:*:*:*:*, cpe:2.3:a:fresenius-kabi:vigilant_insight:1.0:*:*:*:*:*:*:*, cpe:2.3:a:fresenius-kabi:vigilant_mastermed:1.0:*:*:*:*:*:*:*, cpe:2.3:o:fresenius-kabi:link\+_agilia_firmware:*:*:*:*:*:*:*:*, cpe:2.3:o:fresenius-kabi:link\+_agilia_firmware:3.0:-:*:*:*:*:*:*, cpe:2.3:o:fresenius-kabi:link\+_agilia_firmware:3.0:d15:*:*:*:*:*:*, cpe:2.3:h:fresenius-kabi:link\+_agilia:-:*:*:*:*:*:*:*;IIb;hospital;CVSS:4.0/AV:N/AC:L/AT:N/PR:N/UI:N/VC:L/VI:N/VA:N/SC:H/SI:L/SA:N/E:U/CR:L/IR:M/AR:M/MSI:S;;6.8;N/A;CVSS:4.0/AV:N/AC:L/AT:N/PR:N/UI:N/VC:L/VI:N/VA:N/SC:H/SI:L/SA:N/E:U;4.5
CVE-2021-41835;CVSS:4.0/AV:N/AC:L/AT:P/PR:N/UI:N/VC:L/VI:L/VA:L/SC:H/SI:N/SA:N;CVSS:3.1/AV:N/AC:L/PR:N/UI:N/S:U/C:L/I:L/A:L;6.9;7.3;U;0.00047;Fresenius-kabi Agilia connect - [Hardware] | Fresenius-kabi Agilia connect [Firmware] | Fresenius-kabi Agilia partner maintenance software [Application] | Fresenius-kabi Link\+ agilia - [Hardware] | Fresenius-kabi Link\+ agilia firmware 3.0 [Firmware] | Fresenius-kabi Link\+ agilia firmware [Firmware] | Fresenius-kabi Vigilant centerium 1.0 [Application] | Fresenius-kabi Vigilant insight 1.0 [Application] | Fresenius-kabi Vigilant mastermed 1.0 [Application];cpe:2.3:a:fresenius-kabi:agilia_partner_maintenance_software:*:*:*:*:*:*:*:*, cpe:2.3:a:fresenius-kabi:vigilant_centerium:1.0:*:*:*:*:*:*:*, cpe:2.3:a:fresenius-kabi:vigilant_insight:1.0:*:*:*:*:*:*:*, cpe:2.3:a:fresenius-kabi:vigilant_mastermed:1.0:*:*:*:*:*:*:*, cpe:2.3:o:fresenius-kabi:agilia_connect:*:*:*:*:*:*:*:*, cpe:2.3:h:fresenius-kabi:agilia_connect:-:*:*:*:*:*:*:*, cpe:2.3:o:fresenius-kabi:link\+_agilia_firmware:*:*:*:*:*:*:*:*, cpe:2.3:o:fresenius-kabi:link\+_agilia_firmware:3.0:-:*:*:*:*:*:*, cpe:2.3:o:fresenius-kabi:link\+_agilia_firmware:3.0:d15:*:*:*:*:*:*, cpe:2.3:h:fresenius-kabi:link\+_agilia:-:*:*:*:*:*:*:*;IIb;hospital;CVSS:4.0/AV:N/AC:L/AT:P/PR:N/UI:N/VC:L/VI:L/VA:L/SC:H/SI:N/SA:N/E:U/CR:L/IR:M/AR:M;;2.4;N/A;CVSS:4.0/AV:N/AC:L/AT:P/PR:N/UI:N/VC:L/VI:L/VA:L/SC:H/SI:N/SA:N/E:U;2.4
CVE-2021-31562;CVSS:4.0/AV:N/AC:L/AT:P/PR:N/UI:N/VC:L/VI:L/VA:N/SC:H/SI:H/SA:N;CVSS:3.1/AV:N/AC:L/PR:N/UI:N/S:U/C:L/I:L/A:N;7.0;6.5;U;0.00084;Fresenius-kabi Agilia connect - [Hardware] | Fresenius-kabi Agilia connect firmware [Firmware] | Fresenius-kabi Agilia link\+ - [Hardware] | Fresenius-kabi Agilia link\+ firmware 3.0 [Firmware] | Fresenius-kabi Agilia link\+ firmware [Firmware] | Fresenius-kabi Agilia partner maintenance software [Application] | Fresenius-kabi Vigilant centerium 1.0 [Application] | Fresenius-kabi Vigilant insight 1.0 [Application] | Fresenius-kabi Vigilant mastermed 1.0 [Application];cpe:2.3:o:fresenius-kabi:agilia_connect_firmware:*:*:*:*:*:*:*:*, cpe:2.3:h:fresenius-kabi:agilia_connect:-:*:*:*:*:*:*:*, cpe:2.3:a:fresenius-kabi:agilia_partner_maintenance_software:*:*:*:*:*:*:*:*, cpe:2.3:a:fresenius-kabi:vigilant_centerium:1.0:*:*:*:*:*:*:*, cpe:2.3:a:fresenius-kabi:vigilant_insight:1.0:*:*:*:*:*:*:*, cpe:2.3:a:fresenius-kabi:vigilant_mastermed:1.0:*:*:*:*:*:*:*, cpe:2.3:o:fresenius-kabi:agilia_link\+_firmware:*:*:*:*:*:*:*:*, cpe:2.3:o:fresenius-kabi:agilia_link\+_firmware:3.0:-:*:*:*:*:*:*, cpe:2.3:o:fresenius-kabi:agilia_link\+_firmware:3.0:d15:*:*:*:*:*:*, cpe:2.3:h:fresenius-kabi:agilia_link\+:-:*:*:*:*:*:*:*;IIb;hospital;CVSS:4.0/AV:N/AC:L/AT:P/PR:N/UI:N/VC:L/VI:L/VA:N/SC:H/SI:H/SA:N/E:U/CR:L/IR:M/AR:M/MSI:S;;4.6;N/A;CVSS:4.0/AV:N/AC:L/AT:P/PR:N/UI:N/VC:L/VI:L/VA:N/SC:H/SI:H/SA:N/E:U;2.7
CVE-2021-33848;CVSS:4.0/AV:N/AC:L/AT:N/PR:N/UI:A/VC:L/VI:L/VA:N/SC:H/SI:H/SA:N;CVSS:3.1/AV:N/AC:L/PR:N/UI:R/S:U/C:L/I:L/A:N;6.3;5.4;U;0.00179;Fresenius-kabi Agilia connect - [Hardware] | Fresenius-kabi Agilia connect firmware [Firmware] | Fresenius-kabi Agilia partner maintenance software [Application] | Fresenius-kabi Link\+ agilia - [Hardware] | Fresenius-kabi Link\+ agilia firmware 3.0 [Firmware] | Fresenius-kabi Link\+ agilia firmware [Firmware] | Fresenius-kabi Vigilant centerium 1.0 [Application] | Fresenius-kabi Vigilant insight 1.0 [Application] | Fresenius-kabi Vigilant mastermed 1.0 [Application];cpe:2.3:o:fresenius-kabi:agilia_connect_firmware:*:*:*:*:*:*:*:*, cpe:2.3:h:fresenius-kabi:agilia_connect:-:*:*:*:*:*:*:*, cpe:2.3:a:fresenius-kabi:agilia_partner_maintenance_software:*:*:*:*:*:*:*:*, cpe:2.3:a:fresenius-kabi:vigilant_centerium:1.0:*:*:*:*:*:*:*, cpe:2.3:a:fresenius-kabi:vigilant_insight:1.0:*:*:*:*:*:*:*, cpe:2.3:a:fresenius-kabi:vigilant_mastermed:1.0:*:*:*:*:*:*:*, cpe:2.3:o:fresenius-kabi:link\+_agilia_firmware:*:*:*:*:*:*:*:*, cpe:2.3:o:fresenius-kabi:link\+_agilia_firmware:3.0:-:*:*:*:*:*:*, cpe:2.3:o:fresenius-kabi:link\+_agilia_firmware:3.0:d15:*:*:*:*:*:*, cpe:2.3:h:fresenius-kabi:link\+_agilia:-:*:*:*:*:*:*:*;IIb;hospital;CVSS:4.0/AV:N/AC:L/AT:N/PR:N/UI:A/VC:L/VI:L/VA:N/SC:H/SI:H/SA:N/E:U/CR:L/IR:M/AR:M/MSI:S;;4.7;N/A;CVSS:4.0/AV:N/AC:L/AT:N/PR:N/UI:A/VC:L/VI:L/VA:N/SC:H/SI:H/SA:N/E:U;2.3
CVE-2021-44464;CVSS:4.0/AV:N/AC:L/AT:N/PR:L/UI:N/VC:L/VI:L/VA:L/SC:H/SI:H/SA:N;CVSS:3.1/AV:N/AC:L/PR:L/UI:N/S:U/C:L/I:L/A:L;6.4;6.3;U;0.00171;Fresenius-kabi Agilia connect - [Hardware] | Fresenius-kabi Agilia connect firmware [Firmware] | Fresenius-kabi Agilia partner maintenance software [Application] | Fresenius-kabi Link\+ agilia - [Hardware] | Fresenius-kabi Link\+ agilia firmware 3.0 [Firmware] | Fresenius-kabi Link\+ agilia firmware [Firmware] | Fresenius-kabi Vigilant centerium 1.0 [Application] | Fresenius-kabi Vigilant insight 1.0 [Application] | Fresenius-kabi Vigilant mastermed 1.0 [Application];cpe:2.3:o:fresenius-kabi:agilia_connect_firmware:*:*:*:*:*:*:*:*, cpe:2.3:h:fresenius-kabi:agilia_connect:-:*:*:*:*:*:*:*, cpe:2.3:a:fresenius-kabi:agilia_partner_maintenance_software:*:*:*:*:*:*:*:*, cpe:2.3:a:fresenius-kabi:vigilant_centerium:1.0:*:*:*:*:*:*:*, cpe:2.3:a:fresenius-kabi:vigilant_insight:1.0:*:*:*:*:*:*:*, cpe:2.3:a:fresenius-kabi:vigilant_mastermed:1.0:*:*:*:*:*:*:*, cpe:2.3:o:fresenius-kabi:link\+_agilia_firmware:*:*:*:*:*:*:*:*, cpe:2.3:o:fresenius-kabi:link\+_agilia_firmware:3.0:-:*:*:*:*:*:*, cpe:2.3:o:fresenius-kabi:link\+_agilia_firmware:3.0:d15:*:*:*:*:*:*, cpe:2.3:h:fresenius-kabi:link\+_agilia:-:*:*:*:*:*:*:*;IIb;hospital;CVSS:4.0/AV:N/AC:L/AT:N/PR:L/UI:N/VC:L/VI:L/VA:L/SC:H/SI:H/SA:N/E:U/CR:L/IR:M/AR:M/MSI:S;;4.9;N/A;CVSS:4.0/AV:N/AC:L/AT:N/PR:L/UI:N/VC:L/VI:L/VA:L/SC:H/SI:H/SA:N/E:U;2.4
CVE-2021-33846;CVSS:4.0/AV:N/AC:H/AT:N/PR:H/UI:N/VC:H/VI:H/VA:N/SC:H/SI:H/SA:N;CVSS:3.1/AV:N/AC:H/PR:H/UI:N/S:U/C:H/I:H/A:N;8.7;5.9;U;0.00048;Fresenius-kabi Agilia connect - [Hardware] | Fresenius-kabi Agilia connect firmware [Firmware] | Fresenius-kabi Agilia partner maintenance software [Application] | Fresenius-kabi Link\+ agilia - [Hardware] | Fresenius-kabi Link\+ agilia firmware 3.0 [Firmware] | Fresenius-kabi Link\+ agilia firmware [Firmware] | Fresenius-kabi Vigilant centerium 1.0 [Application] | Fresenius-kabi Vigilant insight 1.0 [Application] | Fresenius-kabi Vigilant mastermed 1.0 [Application];cpe:2.3:a:fresenius-kabi:agilia_partner_maintenance_software:*:*:*:*:*:*:*:*, cpe:2.3:a:fresenius-kabi:vigilant_centerium:1.0:*:*:*:*:*:*:*, cpe:2.3:a:fresenius-kabi:vigilant_insight:1.0:*:*:*:*:*:*:*, cpe:2.3:a:fresenius-kabi:vigilant_mastermed:1.0:*:*:*:*:*:*:*, cpe:2.3:o:fresenius-kabi:agilia_connect_firmware:*:*:*:*:*:*:*:*, cpe:2.3:h:fresenius-kabi:agilia_connect:-:*:*:*:*:*:*:*, cpe:2.3:o:fresenius-kabi:link\+_agilia_firmware:*:*:*:*:*:*:*:*, cpe:2.3:o:fresenius-kabi:link\+_agilia_firmware:3.0:-:*:*:*:*:*:*, cpe:2.3:o:fresenius-kabi:link\+_agilia_firmware:3.0:d15:*:*:*:*:*:*, cpe:2.3:h:fresenius-kabi:link\+_agilia:-:*:*:*:*:*:*:*;IIb;hospital;CVSS:4.0/AV:N/AC:H/AT:N/PR:H/UI:N/VC:H/VI:H/VA:N/SC:H/SI:H/SA:N/E:U/CR:L/IR:M/AR:M/MSI:S;;6.4;N/A;CVSS:4.0/AV:N/AC:H/AT:N/PR:H/UI:N/VC:H/VI:H/VA:N/SC:H/SI:H/SA:N/E:U;5.7
CVE-2021-23236;CVSS:4.0/AV:N/AC:L/AT:N/PR:N/UI:N/VC:N/VI:N/VA:H/SC:N/SI:L/SA:H;CVSS:3.1/AV:N/AC:L/PR:N/UI:N/S:U/C:N/I:N/A:H;9.2;7.5;U;0.00195;Fresenius-kabi Agilia connect - [Hardware] | Fresenius-kabi Agilia connect firmware [Firmware] | Fresenius-kabi Agilia partner maintenance software [Application] | Fresenius-kabi Link\+ agilia - [Hardware] | Fresenius-kabi Link\+ agilia firmware 3.0 [Firmware] | Fresenius-kabi Link\+ agilia firmware [Firmware] | Fresenius-kabi Vigilant centerium 1.0 [Application] | Fresenius-kabi Vigilant insight 1.0 [Application] | Fresenius-kabi Vigilant mastermed 1.0 [Application];cpe:2.3:a:fresenius-kabi:agilia_partner_maintenance_software:*:*:*:*:*:*:*:*, cpe:2.3:a:fresenius-kabi:vigilant_centerium:1.0:*:*:*:*:*:*:*, cpe:2.3:a:fresenius-kabi:vigilant_insight:1.0:*:*:*:*:*:*:*, cpe:2.3:a:fresenius-kabi:vigilant_mastermed:1.0:*:*:*:*:*:*:*, cpe:2.3:o:fresenius-kabi:agilia_connect_firmware:*:*:*:*:*:*:*:*, cpe:2.3:h:fresenius-kabi:agilia_connect:-:*:*:*:*:*:*:*, cpe:2.3:o:fresenius-kabi:link\+_agilia_firmware:*:*:*:*:*:*:*:*, cpe:2.3:o:fresenius-kabi:link\+_agilia_firmware:3.0:-:*:*:*:*:*:*, cpe:2.3:o:fresenius-kabi:link\+_agilia_firmware:3.0:d15:*:*:*:*:*:*, cpe:2.3:h:fresenius-kabi:link\+_agilia:-:*:*:*:*:*:*:*;IIb;hospital;CVSS:4.0/AV:N/AC:L/AT:N/PR:N/UI:N/VC:N/VI:N/VA:H/SC:N/SI:L/SA:H/E:U/CR:L/IR:M/AR:M/MSI:S/MSA:S;;8.1;N/A;CVSS:4.0/AV:N/AC:L/AT:N/PR:N/UI:N/VC:N/VI:N/VA:H/SC:N/SI:L/SA:H/E:U;7.8
CVE-2021-23207;CVSS:4.0/AV:L/AC:L/AT:P/PR:L/UI:N/VC:H/VI:N/VA:N/SC:H/SI:H/SA:N;CVSS:3.1/AV:L/AC:L/PR:L/UI:N/S:C/C:H/I:N/A:N;7.0;6.5;U;0.00089;Fresenius-kabi Agilia connect - [Hardware] | Fresenius-kabi Agilia connect [Firmware] | Fresenius-kabi Agilia partner maintenance software [Application] | Fresenius-kabi Link\+ agilia - [Hardware] | Fresenius-kabi Link\+ agilia firmware 3.0 [Firmware] | Fresenius-kabi Link\+ agilia firmware [Firmware] | Fresenius-kabi Vigilant centerium 1.0 [Application] | Fresenius-kabi Vigilant insight 1.0 [Application] | Fresenius-kabi Vigilant mastermed 1.0 [Application];cpe:2.3:o:fresenius-kabi:agilia_connect:*:*:*:*:*:*:*:*, cpe:2.3:h:fresenius-kabi:agilia_connect:-:*:*:*:*:*:*:*, cpe:2.3:a:fresenius-kabi:agilia_partner_maintenance_software:*:*:*:*:*:*:*:*, cpe:2.3:a:fresenius-kabi:vigilant_centerium:1.0:*:*:*:*:*:*:*, cpe:2.3:a:fresenius-kabi:vigilant_insight:1.0:*:*:*:*:*:*:*, cpe:2.3:a:fresenius-kabi:vigilant_mastermed:1.0:*:*:*:*:*:*:*, cpe:2.3:o:fresenius-kabi:link\+_agilia_firmware:*:*:*:*:*:*:*:*, cpe:2.3:o:fresenius-kabi:link\+_agilia_firmware:3.0:-:*:*:*:*:*:*, cpe:2.3:o:fresenius-kabi:link\+_agilia_firmware:3.0:d15:*:*:*:*:*:*, cpe:2.3:h:fresenius-kabi:link\+_agilia:-:*:*:*:*:*:*:*;IIb;hospital;CVSS:4.0/AV:L/AC:L/AT:P/PR:L/UI:N/VC:H/VI:N/VA:N/SC:H/SI:H/SA:N/E:U/CR:L/IR:M/AR:M/MSI:S;;4.0;N/A;CVSS:4.0/AV:L/AC:L/AT:P/PR:L/UI:N/VC:H/VI:N/VA:N/SC:H/SI:H/SA:N/E:U;3.6
CVE-2020-35340;CVSS:4.0/AV:N/AC:L/AT:N/PR:N/UI:N/VC:H/VI:N/VA:N/SC:H/SI:N/SA:N;CVSS:3.1/AV:N/AC:L/PR:N/UI:N/S:U/C:H/I:N/A:N;9.2;7.5;U;0.00342;Expertpdf Expertpdf [Application];cpe:2.3:a:expertpdf:expertpdf:*:*:*:*:*:*:*:*;I ;hospital;CVSS:4.0/AV:N/AC:L/AT:N/PR:N/UI:N/VC:H/VI:N/VA:N/SC:H/SI:N/SA:N/E:U/CR:L/IR:M/AR:M;;5.9;N/A;CVSS:4.0/AV:N/AC:L/AT:N/PR:N/UI:N/VC:H/VI:N/VA:N/SC:H/SI:N/SA:N/E:U;7.7
CVE-2021-33843;CVSS:4.0/AV:N/AC:L/AT:N/PR:N/UI:N/VC:N/VI:L/VA:N/SC:N/SI:H/SA:H;CVSS:3.1/AV:N/AC:L/PR:N/UI:N/S:U/C:N/I:L/A:N;7.8;5.3;U;0.00187;Fresenius-kabi Agilia sp mc wifi - [Hardware] | Fresenius-kabi Agilia sp mc wifi firmware [Firmware];cpe:2.3:o:fresenius-kabi:agilia_sp_mc_wifi_firmware:*:*:*:*:*:*:*:*, cpe:2.3:h:fresenius-kabi:agilia_sp_mc_wifi:-:*:*:*:*:*:*:*;IIb;hospital;CVSS:4.0/AV:N/AC:L/AT:N/PR:N/UI:N/VC:N/VI:L/VA:N/SC:N/SI:H/SA:H/E:U/CR:L/IR:M/AR:M/MSI:S/MSA:S;;7.0;N/A;CVSS:4.0/AV:N/AC:L/AT:N/PR:N/UI:N/VC:N/VI:L/VA:N/SC:N/SI:H/SA:H/E:U;4.7
CVE-2021-23233;CVSS:4.0/AV:N/AC:L/AT:N/PR:N/UI:N/VC:L/VI:L/VA:L/SC:L/SI:H/SA:L;CVSS:3.1/AV:N/AC:L/PR:N/UI:N/S:U/C:L/I:L/A:L;7.8;7.3;U;0.00319;Fresenius-kabi Agilia connect - [Hardware] | Fresenius-kabi Agilia connect firmware [Firmware] | Fresenius-kabi Agilia partner maintenance software [Application] | Fresenius-kabi Link\+ agilia - [Hardware] | Fresenius-kabi Link\+ agilia firmware 3.0 [Firmware] | Fresenius-kabi Link\+ agilia firmware [Firmware] | Fresenius-kabi Vigilant centerium 1.0 [Application] | Fresenius-kabi Vigilant insight 1.0 [Application] | Fresenius-kabi Vigilant mastermed 1.0 [Application];cpe:2.3:a:fresenius-kabi:agilia_partner_maintenance_software:*:*:*:*:*:*:*:*, cpe:2.3:a:fresenius-kabi:vigilant_centerium:1.0:*:*:*:*:*:*:*, cpe:2.3:a:fresenius-kabi:vigilant_insight:1.0:*:*:*:*:*:*:*, cpe:2.3:a:fresenius-kabi:vigilant_mastermed:1.0:*:*:*:*:*:*:*, cpe:2.3:o:fresenius-kabi:agilia_connect_firmware:*:*:*:*:*:*:*:*, cpe:2.3:h:fresenius-kabi:agilia_connect:-:*:*:*:*:*:*:*, cpe:2.3:o:fresenius-kabi:link\+_agilia_firmware:*:*:*:*:*:*:*:*, cpe:2.3:o:fresenius-kabi:link\+_agilia_firmware:3.0:-:*:*:*:*:*:*, cpe:2.3:o:fresenius-kabi:link\+_agilia_firmware:3.0:d15:*:*:*:*:*:*, cpe:2.3:h:fresenius-kabi:link\+_agilia:-:*:*:*:*:*:*:*;IIb;hospital;CVSS:4.0/AV:N/AC:L/AT:N/PR:N/UI:N/VC:L/VI:L/VA:L/SC:L/SI:H/SA:L/E:U/CR:L/IR:M/AR:M/MSI:S/MSA:S;;7.1;N/A;CVSS:4.0/AV:N/AC:L/AT:N/PR:N/UI:N/VC:L/VI:L/VA:L/SC:L/SI:H/SA:L/E:U;4.7
CVE-2021-43355;CVSS:4.0/AV:N/AC:L/AT:N/PR:N/UI:A/VC:L/VI:L/VA:L/SC:H/SI:H/SA:L;CVSS:3.1/AV:N/AC:L/PR:N/UI:N/S:U/C:L/I:L/A:L;6.3;7.3;U;0.0008;Fresenius-kabi Agilia connect - [Hardware] | Fresenius-kabi Agilia connect firmware [Firmware] | Fresenius-kabi Agilia partner maintenance software [Application] | Fresenius-kabi Link\+ agilia - [Hardware] | Fresenius-kabi Link\+ agilia firmware 3.0 [Firmware] | Fresenius-kabi Link\+ agilia firmware [Firmware] | Fresenius-kabi Vigilant centerium 1.0 [Application] | Fresenius-kabi Vigilant insight 1.0 [Application] | Fresenius-kabi Vigilant mastermed 1.0 [Application];cpe:2.3:a:fresenius-kabi:agilia_partner_maintenance_software:*:*:*:*:*:*:*:*, cpe:2.3:a:fresenius-kabi:vigilant_centerium:1.0:*:*:*:*:*:*:*, cpe:2.3:a:fresenius-kabi:vigilant_insight:1.0:*:*:*:*:*:*:*, cpe:2.3:a:fresenius-kabi:vigilant_mastermed:1.0:*:*:*:*:*:*:*, cpe:2.3:o:fresenius-kabi:agilia_connect_firmware:*:*:*:*:*:*:*:*, cpe:2.3:h:fresenius-kabi:agilia_connect:-:*:*:*:*:*:*:*, cpe:2.3:o:fresenius-kabi:link\+_agilia_firmware:*:*:*:*:*:*:*:*, cpe:2.3:o:fresenius-kabi:link\+_agilia_firmware:3.0:-:*:*:*:*:*:*, cpe:2.3:o:fresenius-kabi:link\+_agilia_firmware:3.0:d15:*:*:*:*:*:*, cpe:2.3:h:fresenius-kabi:link\+_agilia:-:*:*:*:*:*:*:*;IIb;hospital;CVSS:4.0/AV:N/AC:L/AT:N/PR:N/UI:A/VC:L/VI:L/VA:L/SC:H/SI:H/SA:L/E:U/CR:L/IR:M/AR:M/MSI:S/MSA:S;;5.1;N/A;CVSS:4.0/AV:N/AC:L/AT:N/PR:N/UI:A/VC:L/VI:L/VA:L/SC:H/SI:H/SA:L/E:U;2.4
CVE-2021-23196;CVSS:4.0/AV:N/AC:L/AT:N/PR:N/UI:A/VC:L/VI:L/VA:L/SC:H/SI:H/SA:L;CVSS:3.1/AV:N/AC:L/PR:N/UI:N/S:U/C:L/I:L/A:L;6.3;7.3;U;0.00164;Fresenius-kabi Agilia connect - [Hardware] | Fresenius-kabi Agilia connect firmware [Firmware] | Fresenius-kabi Agilia partner maintenance software [Application] | Fresenius-kabi Link\+ agilia - [Hardware] | Fresenius-kabi Link\+ agilia firmware 3.0 [Firmware] | Fresenius-kabi Link\+ agilia firmware [Firmware] | Fresenius-kabi Vigilant centerium 1.0 [Application] | Fresenius-kabi Vigilant insight 1.0 [Application] | Fresenius-kabi Vigilant mastermed 1.0 [Application];cpe:2.3:o:fresenius-kabi:agilia_connect_firmware:*:*:*:*:*:*:*:*, cpe:2.3:h:fresenius-kabi:agilia_connect:-:*:*:*:*:*:*:*, cpe:2.3:a:fresenius-kabi:agilia_partner_maintenance_software:*:*:*:*:*:*:*:*, cpe:2.3:a:fresenius-kabi:vigilant_centerium:1.0:*:*:*:*:*:*:*, cpe:2.3:a:fresenius-kabi:vigilant_insight:1.0:*:*:*:*:*:*:*, cpe:2.3:a:fresenius-kabi:vigilant_mastermed:1.0:*:*:*:*:*:*:*, cpe:2.3:o:fresenius-kabi:link\+_agilia_firmware:*:*:*:*:*:*:*:*, cpe:2.3:o:fresenius-kabi:link\+_agilia_firmware:3.0:-:*:*:*:*:*:*, cpe:2.3:o:fresenius-kabi:link\+_agilia_firmware:3.0:d15:*:*:*:*:*:*, cpe:2.3:h:fresenius-kabi:link\+_agilia:-:*:*:*:*:*:*:*;IIb;hospital;CVSS:4.0/AV:N/AC:L/AT:N/PR:N/UI:A/VC:L/VI:L/VA:L/SC:H/SI:H/SA:L/E:U/CR:L/IR:M/AR:M/MSI:S/MSA:S;;5.1;N/A;CVSS:4.0/AV:N/AC:L/AT:N/PR:N/UI:A/VC:L/VI:L/VA:L/SC:H/SI:H/SA:L/E:U;2.4
CVE-2021-23173;CVSS:4.0/AV:N/AC:H/AT:N/PR:L/UI:N/VC:L/VI:N/VA:N/SC:H/SI:H/SA:L;CVSS:3.1/AV:N/AC:H/PR:L/UI:R/S:U/C:L/I:N/A:N;5.6;2.6;U;0.00126;Philips Engage [Application];cpe:2.3:a:philips:engage:*:*:*:*:*:*:*:*;I ;hospital;CVSS:4.0/AV:N/AC:H/AT:N/PR:L/UI:N/VC:L/VI:N/VA:N/SC:H/SI:H/SA:L/E:U/CR:L/IR:M/AR:M;;1.4;N/A;CVSS:4.0/AV:N/AC:H/AT:N/PR:L/UI:N/VC:L/VI:N/VA:N/SC:H/SI:H/SA:L/E:U;1.4
CVE-2021-43935;CVSS:4.0/AV:N/AC:H/AT:N/PR:N/UI:N/VC:H/VI:H/VA:H/SC:H/SI:H/SA:L;CVSS:3.1/AV:N/AC:H/PR:N/UI:N/S:U/C:H/I:H/A:H;9.5;8.1;U;0.00187;Baxter Welch allyn connex cardio [Application] | Baxter Welch allyn diagnostic cardiology suite 2.1.0 [Application] | Baxter Welch allyn hscribe holter analysis system - [Hardware] | Baxter Welch allyn hscribe holter analysis system firmware [Firmware] | Baxter Welch allyn q-stress cardiac stress testing system - [Hardware] | Baxter Welch allyn q-stress cardiac stress testing system firmware [Firmware] | Baxter Welch allyn rscribe resting ecg system [Application] | Baxter Welch allyn vision express holter analysis system [Application] | Baxter Welch allyn xscribe cardiac stress testing system - [Hardware] | Baxter Welch allyn xscribe cardiac stress testing system firmware [Firmware];cpe:2.3:a:baxter:welch_allyn_connex_cardio:*:*:*:*:*:*:*:*, cpe:2.3:a:baxter:welch_allyn_diagnostic_cardiology_suite:2.1.0:*:*:*:*:*:*:*, cpe:2.3:a:baxter:welch_allyn_rscribe_resting_ecg_system:*:*:*:*:*:*:*:*, cpe:2.3:a:baxter:welch_allyn_vision_express_holter_analysis_system:*:*:*:*:*:*:*:*, cpe:2.3:o:baxter:welch_allyn_hscribe_holter_analysis_system_firmware:*:*:*:*:*:*:*:*, cpe:2.3:h:baxter:welch_allyn_hscribe_holter_analysis_system:-:*:*:*:*:*:*:*, cpe:2.3:o:baxter:welch_allyn_q-stress_cardiac_stress_testing_system_firmware:*:*:*:*:*:*:*:*, cpe:2.3:h:baxter:welch_allyn_q-stress_cardiac_stress_testing_system:-:*:*:*:*:*:*:*, cpe:2.3:o:baxter:welch_allyn_xscribe_cardiac_stress_testing_system_firmware:*:*:*:*:*:*:*:*, cpe:2.3:h:baxter:welch_allyn_xscribe_cardiac_stress_testing_system:-:*:*:*:*:*:*:*;IIa;hospital;CVSS:4.0/AV:N/AC:H/AT:N/PR:N/UI:N/VC:H/VI:H/VA:H/SC:H/SI:H/SA:L/E:U/CR:L/IR:M/AR:M/MSI:S/MSA:S;;8.4;N/A;CVSS:4.0/AV:N/AC:H/AT:N/PR:N/UI:N/VC:H/VI:H/VA:H/SC:H/SI:H/SA:L/E:U;8.3
CVE-2021-33017;CVSS:4.0/AV:A/AC:L/AT:N/PR:N/UI:N/VC:N/VI:H/VA:H/SC:H/SI:H/SA:L;CVSS:3.1/AV:A/AC:L/PR:N/UI:N/S:U/C:N/I:H/A:H;8.5;8.1;U;0.00114;Philips Intellibridge ec40 - [Hardware] | Philips Intellibridge ec40 firmware [Firmware] | Philips Intellibridge ec80 - [Hardware] | Philips Intellibridge ec80 firmware [Firmware];cpe:2.3:o:philips:intellibridge_ec40_firmware:*:*:*:*:*:*:*:*, cpe:2.3:h:philips:intellibridge_ec40:-:*:*:*:*:*:*:*, cpe:2.3:o:philips:intellibridge_ec80_firmware:*:*:*:*:*:*:*:*, cpe:2.3:h:philips:intellibridge_ec80:-:*:*:*:*:*:*:*;IIa;hospital;CVSS:4.0/AV:A/AC:L/AT:N/PR:N/UI:N/VC:N/VI:H/VA:H/SC:H/SI:H/SA:L/E:U/CR:L/IR:M/AR:M/MSI:S/MSA:S;;6.6;N/A;CVSS:4.0/AV:A/AC:L/AT:N/PR:N/UI:N/VC:N/VI:H/VA:H/SC:H/SI:H/SA:L/E:U;5.8
CVE-2021-32993;CVSS:4.0/AV:A/AC:L/AT:N/PR:N/UI:N/VC:N/VI:H/VA:H/SC:H/SI:L/SA:L;CVSS:3.1/AV:A/AC:L/PR:N/UI:N/S:U/C:N/I:H/A:H;8.5;8.1;U;0.00059;Philips Intellibridge ec40 - [Hardware] | Philips Intellibridge ec40 firmware [Firmware] | Philips Intellibridge ec80 - [Hardware] | Philips Intellibridge ec80 firmware [Firmware];cpe:2.3:o:philips:intellibridge_ec40_firmware:*:*:*:*:*:*:*:*, cpe:2.3:h:philips:intellibridge_ec40:-:*:*:*:*:*:*:*, cpe:2.3:o:philips:intellibridge_ec80_firmware:*:*:*:*:*:*:*:*, cpe:2.3:h:philips:intellibridge_ec80:-:*:*:*:*:*:*:*;IIa;hospital;CVSS:4.0/AV:A/AC:L/AT:N/PR:N/UI:N/VC:N/VI:H/VA:H/SC:H/SI:L/SA:L/E:U/CR:L/IR:M/AR:M/MSI:S/MSA:S;;6.6;N/A;CVSS:4.0/AV:A/AC:L/AT:N/PR:N/UI:N/VC:N/VI:H/VA:H/SC:H/SI:L/SA:L/E:U;5.8
CVE-2021-26262;CVSS:4.0/AV:L/AC:L/AT:N/PR:N/UI:N/VC:H/VI:N/VA:N/SC:H/SI:N/SA:N;CVSS:3.1/AV:L/AC:L/PR:N/UI:N/S:U/C:H/I:N/A:N;8.2;6.2;U;0.00108;Philips Mri 1.5t - [Hardware] | Philips Mri 1.5t firmware [Firmware] | Philips Mri 3t - [Hardware] | Philips Mri 3t firmware [Firmware];cpe:2.3:o:philips:mri_3t_firmware:*:*:*:*:*:*:*:*, cpe:2.3:h:philips:mri_3t:-:*:*:*:*:*:*:*, cpe:2.3:o:philips:mri_1.5t_firmware:*:*:*:*:*:*:*:*, cpe:2.3:h:philips:mri_1.5t:-:*:*:*:*:*:*:*;III;hospital;CVSS:4.0/AV:L/AC:L/AT:N/PR:N/UI:N/VC:H/VI:N/VA:N/SC:H/SI:N/SA:N/E:U/CR:L/IR:M/AR:M;;3.9;N/A;CVSS:4.0/AV:L/AC:L/AT:N/PR:N/UI:N/VC:H/VI:N/VA:N/SC:H/SI:N/SA:N/E:U;5.6
CVE-2021-26248;CVSS:4.0/AV:L/AC:L/AT:N/PR:N/UI:N/VC:H/VI:N/VA:N/SC:H/SI:H/SA:L;CVSS:3.1/AV:L/AC:L/PR:N/UI:N/S:U/C:H/I:N/A:N;8.4;6.2;U;0.0005;Philips Mri 1.5t - [Hardware] | Philips Mri 1.5t firmware [Firmware] | Philips Mri 3t - [Hardware] | Philips Mri 3t firmware [Firmware];cpe:2.3:o:philips:mri_3t_firmware:*:*:*:*:*:*:*:*, cpe:2.3:h:philips:mri_3t:-:*:*:*:*:*:*:*, cpe:2.3:o:philips:mri_1.5t_firmware:*:*:*:*:*:*:*:*, cpe:2.3:h:philips:mri_1.5t:-:*:*:*:*:*:*:*;III;hospital;CVSS:4.0/AV:L/AC:L/AT:N/PR:N/UI:N/VC:H/VI:N/VA:N/SC:H/SI:H/SA:L/E:U/CR:L/IR:M/AR:M/MSI:S/MSA:S;;6.4;N/A;CVSS:4.0/AV:L/AC:L/AT:N/PR:N/UI:N/VC:H/VI:N/VA:N/SC:H/SI:H/SA:L/E:U;5.7
CVE-2021-42744;CVSS:4.0/AV:L/AC:L/AT:N/PR:N/UI:N/VC:H/VI:N/VA:N/SC:H/SI:N/SA:N;CVSS:3.1/AV:L/AC:L/PR:N/UI:N/S:U/C:H/I:N/A:N;8.2;6.2;U;0.00053;Philips Mri 1.5t - [Hardware] | Philips Mri 1.5t firmware [Firmware] | Philips Mri 3t - [Hardware] | Philips Mri 3t firmware [Firmware];cpe:2.3:o:philips:mri_1.5t_firmware:*:*:*:*:*:*:*:*, cpe:2.3:h:philips:mri_1.5t:-:*:*:*:*:*:*:*, cpe:2.3:o:philips:mri_3t_firmware:*:*:*:*:*:*:*:*, cpe:2.3:h:philips:mri_3t:-:*:*:*:*:*:*:*;III;hospital;CVSS:4.0/AV:L/AC:L/AT:N/PR:N/UI:N/VC:H/VI:N/VA:N/SC:H/SI:N/SA:N/E:U/CR:L/IR:M/AR:M;;3.9;N/A;CVSS:4.0/AV:L/AC:L/AT:N/PR:N/UI:N/VC:H/VI:N/VA:N/SC:H/SI:N/SA:N/E:U;5.6
CVE-2021-39375;CVSS:4.0/AV:N/AC:L/AT:N/PR:L/UI:N/VC:H/VI:H/VA:H/SC:H/SI:H/SA:L;CVSS:3.1/AV:N/AC:L/PR:L/UI:N/S:U/C:H/I:H/A:H;9.4;8.8;U;0.0032;Philips Tasy electronic medical record 3.06 [Application];cpe:2.3:a:philips:tasy_electronic_medical_record:3.06:*:*:*:*:*:*:*;I;hospital;CVSS:4.0/AV:N/AC:L/AT:N/PR:L/UI:N/VC:H/VI:H/VA:H/SC:H/SI:H/SA:L/E:U/CR:L/IR:M/AR:M;;6.3;N/A;CVSS:4.0/AV:N/AC:L/AT:N/PR:L/UI:N/VC:H/VI:H/VA:H/SC:H/SI:H/SA:L/E:U;7.6
CVE-2021-39376;CVSS:4.0/AV:N/AC:L/AT:P/PR:L/UI:N/VC:H/VI:H/VA:H/SC:H/SI:H/SA:H;CVSS:3.1/AV:N/AC:L/PR:L/UI:N/S:U/C:H/I:H/A:H;9.0;8.8;U;0.0032;Philips Tasy electronic medical record 3.06 [Application];cpe:2.3:a:philips:tasy_electronic_medical_record:3.06:*:*:*:*:*:*:*;I;hospital;CVSS:4.0/AV:N/AC:L/AT:P/PR:L/UI:N/VC:H/VI:H/VA:H/SC:H/SI:H/SA:H/E:U/CR:L/IR:M/AR:M;;5.1;N/A;CVSS:4.0/AV:N/AC:L/AT:P/PR:L/UI:N/VC:H/VI:H/VA:H/SC:H/SI:H/SA:H/E:U;6.1
CVE-2021-38396;CVSS:4.0/AV:P/AC:L/AT:P/PR:N/UI:N/VC:L/VI:H/VA:L/SC:H/SI:H/SA:H;CVSS:3.1/AV:P/AC:L/PR:N/UI:R/S:C/C:L/I:H/A:L;6.1;6.5;U;0.00024;Bostonscientific Zoom latitude pogrammer/recorder/monitor 3120 - [Hardware] | Bostonscientific Zoom latitude pogrammer/recorder/monitor 3120 firmware [Firmware];cpe:2.3:o:bostonscientific:zoom_latitude_pogrammer\/recorder\/monitor_3120_firmware:*:*:*:*:*:*:*:*, cpe:2.3:h:bostonscientific:zoom_latitude_pogrammer\/recorder\/monitor_3120:-:*:*:*:*:*:*:*;IIb;hospital;CVSS:4.0/AV:P/AC:L/AT:P/PR:N/UI:N/VC:L/VI:H/VA:L/SC:H/SI:H/SA:H/E:U/CR:L/IR:M/AR:M/MSI:S/MSA:S;;2.0;N/A;CVSS:4.0/AV:P/AC:L/AT:P/PR:N/UI:N/VC:L/VI:H/VA:L/SC:H/SI:H/SA:H/E:U;1.9
CVE-2021-38398;CVSS:4.0/AV:P/AC:L/AT:P/PR:N/UI:N/VC:L/VI:H/VA:L/SC:H/SI:H/SA:H;CVSS:3.1/AV:P/AC:L/PR:N/UI:R/S:C/C:L/I:H/A:L;6.1;6.5;U;0.00089;Bostonscientific Zoom latitude pogrammer/recorder/monitor 3120 - [Hardware] | Bostonscientific Zoom latitude pogrammer/recorder/monitor 3120 firmware [Firmware] | Bostonscientific Zoom latitude programming system model 3120 - [Hardware] | Bostonscientific Zoom latitude programming system model 3120 firmware - [Firmware];cpe:2.3:o:bostonscientific:zoom_latitude_programming_system_model_3120_firmware:-:*:*:*:*:*:*:*, cpe:2.3:h:bostonscientific:zoom_latitude_programming_system_model_3120:-:*:*:*:*:*:*:*, cpe:2.3:o:bostonscientific:zoom_latitude_pogrammer\/recorder\/monitor_3120_firmware:*:*:*:*:*:*:*:*, cpe:2.3:h:bostonscientific:zoom_latitude_pogrammer\/recorder\/monitor_3120:-:*:*:*:*:*:*:*;IIb;hospital;CVSS:4.0/AV:P/AC:L/AT:P/PR:N/UI:N/VC:L/VI:H/VA:L/SC:H/SI:H/SA:H/E:U/CR:L/IR:M/AR:M/MSI:S/MSA:S;;2.0;N/A;CVSS:4.0/AV:P/AC:L/AT:P/PR:N/UI:N/VC:L/VI:H/VA:L/SC:H/SI:H/SA:H/E:U;1.9
CVE-2021-38394;CVSS:4.0/AV:P/AC:H/AT:P/PR:N/UI:N/VC:L/VI:H/VA:L/SC:L/SI:H/SA:L;CVSS:3.1/AV:P/AC:H/PR:N/UI:R/S:C/C:L/I:H/A:L;5.9;6.2;U;0.00042;Bostonscientific Zoom latitude pogrammer/recorder/monitor 3120 - [Hardware] | Bostonscientific Zoom latitude pogrammer/recorder/monitor 3120 firmware [Firmware];cpe:2.3:o:bostonscientific:zoom_latitude_pogrammer\/recorder\/monitor_3120_firmware:*:*:*:*:*:*:*:*, cpe:2.3:h:bostonscientific:zoom_latitude_pogrammer\/recorder\/monitor_3120:-:*:*:*:*:*:*:*;IIb;hospital;CVSS:4.0/AV:P/AC:H/AT:P/PR:N/UI:N/VC:L/VI:H/VA:L/SC:L/SI:H/SA:L/E:U/CR:L/IR:M/AR:M/MSI:S/MSA:S;;1.9;N/A;CVSS:4.0/AV:P/AC:H/AT:P/PR:N/UI:N/VC:L/VI:H/VA:L/SC:L/SI:H/SA:L/E:U;1.7
CVE-2021-38392;CVSS:4.0/AV:P/AC:L/AT:P/PR:N/UI:N/VC:L/VI:H/VA:L/SC:H/SI:H/SA:H;CVSS:3.1/AV:P/AC:L/PR:N/UI:R/S:C/C:L/I:H/A:L;6.1;6.5;U;0.00038;Bostonscientific Zoom latitude pogrammer/recorder/monitor 3120 - [Hardware] | Bostonscientific Zoom latitude pogrammer/recorder/monitor 3120 firmware [Firmware];cpe:2.3:o:bostonscientific:zoom_latitude_pogrammer\/recorder\/monitor_3120_firmware:*:*:*:*:*:*:*:*, cpe:2.3:h:bostonscientific:zoom_latitude_pogrammer\/recorder\/monitor_3120:-:*:*:*:*:*:*:*;IIb;hospital;CVSS:4.0/AV:P/AC:L/AT:P/PR:N/UI:N/VC:L/VI:H/VA:L/SC:H/SI:H/SA:H/E:U/CR:L/IR:M/AR:M/MSI:S/MSA:S;;2.0;N/A;CVSS:4.0/AV:P/AC:L/AT:P/PR:N/UI:N/VC:L/VI:H/VA:L/SC:H/SI:H/SA:H/E:U;1.9
CVE-2021-37160;CVSS:4.0/AV:N/AC:L/AT:N/PR:N/UI:N/VC:H/VI:H/VA:H/SC:L/SI:H/SA:N;CVSS:3.1/AV:N/AC:L/PR:N/UI:N/S:U/C:H/I:H/A:H;9.9;9.8;U;0.02029;Swisslog-healthcare Hmi-3 control panel - [Hardware] | Swisslog-healthcare Hmi-3 control panel firmware [Firmware];cpe:2.3:o:swisslog-healthcare:hmi-3_control_panel_firmware:*:*:*:*:*:*:*:*, cpe:2.3:h:swisslog-healthcare:hmi-3_control_panel:-:*:*:*:*:*:*:*;I;hospital;CVSS:4.0/AV:N/AC:L/AT:N/PR:N/UI:N/VC:H/VI:H/VA:H/SC:L/SI:H/SA:N/E:U/CR:L/IR:M/AR:M;;7.8;N/A;CVSS:4.0/AV:N/AC:L/AT:N/PR:N/UI:N/VC:H/VI:H/VA:H/SC:L/SI:H/SA:N/E:U;9.0
CVE-2021-37167;CVSS:4.0/AV:N/AC:L/AT:N/PR:N/UI:N/VC:H/VI:H/VA:H/SC:H/SI:H/SA:H;CVSS:3.1/AV:N/AC:L/PR:N/UI:N/S:U/C:H/I:H/A:H;10.0;9.8;U;0.00584;Swisslog-healthcare Hmi-3 control panel - [Hardware] | Swisslog-healthcare Hmi-3 control panel firmware [Firmware];cpe:2.3:o:swisslog-healthcare:hmi-3_control_panel_firmware:*:*:*:*:*:*:*:*, cpe:2.3:h:swisslog-healthcare:hmi-3_control_panel:-:*:*:*:*:*:*:*;I;hospital;CVSS:4.0/AV:N/AC:L/AT:N/PR:N/UI:N/VC:H/VI:H/VA:H/SC:H/SI:H/SA:H/E:U/CR:L/IR:M/AR:M;;8.0;N/A;CVSS:4.0/AV:N/AC:L/AT:N/PR:N/UI:N/VC:H/VI:H/VA:H/SC:H/SI:H/SA:H/E:U;9.1
CVE-2021-37163;CVSS:4.0/AV:N/AC:L/AT:N/PR:N/UI:N/VC:H/VI:H/VA:H/SC:H/SI:H/SA:H;CVSS:3.1/AV:N/AC:L/PR:N/UI:N/S:U/C:H/I:H/A:H;10.0;9.8;U;0.00575;Swisslog-healthcare Hmi-3 control panel - [Hardware] | Swisslog-healthcare Hmi-3 control panel firmware [Firmware];cpe:2.3:o:swisslog-healthcare:hmi-3_control_panel_firmware:*:*:*:*:*:*:*:*, cpe:2.3:h:swisslog-healthcare:hmi-3_control_panel:-:*:*:*:*:*:*:*;I;hospital;CVSS:4.0/AV:N/AC:L/AT:N/PR:N/UI:N/VC:H/VI:H/VA:H/SC:H/SI:H/SA:H/E:U/CR:L/IR:M/AR:M;;8.0;N/A;CVSS:4.0/AV:N/AC:L/AT:N/PR:N/UI:N/VC:H/VI:H/VA:H/SC:H/SI:H/SA:H/E:U;9.1
CVE-2021-37166;CVSS:4.0/AV:N/AC:L/AT:N/PR:N/UI:N/VC:N/VI:N/VA:H/SC:N/SI:H/SA:N;CVSS:3.1/AV:N/AC:L/PR:N/UI:N/S:U/C:N/I:N/A:H;9.2;7.5;U;0.00867;Swisslog-healthcare Hmi-3 control panel - [Hardware] | Swisslog-healthcare Hmi-3 control panel firmware [Firmware];cpe:2.3:o:swisslog-healthcare:hmi-3_control_panel_firmware:*:*:*:*:*:*:*:*, cpe:2.3:h:swisslog-healthcare:hmi-3_control_panel:-:*:*:*:*:*:*:*;I;hospital;CVSS:4.0/AV:N/AC:L/AT:N/PR:N/UI:N/VC:N/VI:N/VA:H/SC:N/SI:H/SA:N/E:U/CR:L/IR:M/AR:M;;5.9;N/A;CVSS:4.0/AV:N/AC:L/AT:N/PR:N/UI:N/VC:N/VI:N/VA:H/SC:N/SI:H/SA:N/E:U;7.7
CVE-2021-37162;CVSS:4.0/AV:N/AC:L/AT:N/PR:N/UI:N/VC:H/VI:H/VA:H/SC:N/SI:H/SA:H;CVSS:3.1/AV:N/AC:L/PR:N/UI:N/S:U/C:H/I:H/A:H;9.9;9.8;U;0.07565;Swisslog-healthcare Hmi-3 control panel - [Hardware] | Swisslog-healthcare Hmi-3 control panel firmware [Firmware];cpe:2.3:o:swisslog-healthcare:hmi-3_control_panel_firmware:*:*:*:*:*:*:*:*, cpe:2.3:h:swisslog-healthcare:hmi-3_control_panel:-:*:*:*:*:*:*:*;I;hospital;CVSS:4.0/AV:N/AC:L/AT:N/PR:N/UI:N/VC:H/VI:H/VA:H/SC:N/SI:H/SA:H/E:U/CR:L/IR:M/AR:M;;7.9;N/A;CVSS:4.0/AV:N/AC:L/AT:N/PR:N/UI:N/VC:H/VI:H/VA:H/SC:N/SI:H/SA:H/E:U;9.0
CVE-2021-37165;CVSS:4.0/AV:N/AC:L/AT:N/PR:N/UI:N/VC:H/VI:H/VA:H/SC:N/SI:L/SA:L;CVSS:3.1/AV:N/AC:L/PR:N/UI:N/S:U/C:H/I:H/A:H;9.3;9.8;U;0.04996;Swisslog-healthcare Hmi-3 control panel - [Hardware] | Swisslog-healthcare Hmi-3 control panel firmware [Firmware];cpe:2.3:o:swisslog-healthcare:hmi-3_control_panel_firmware:*:*:*:*:*:*:*:*, cpe:2.3:h:swisslog-healthcare:hmi-3_control_panel:-:*:*:*:*:*:*:*;I;hospital;CVSS:4.0/AV:N/AC:L/AT:N/PR:N/UI:N/VC:H/VI:H/VA:H/SC:N/SI:L/SA:L/E:U/CR:L/IR:M/AR:M;;6.7;N/A;CVSS:4.0/AV:N/AC:L/AT:N/PR:N/UI:N/VC:H/VI:H/VA:H/SC:N/SI:L/SA:L/E:U;8.1
CVE-2021-37161;CVSS:4.0/AV:N/AC:L/AT:N/PR:N/UI:N/VC:H/VI:H/VA:H/SC:N/SI:H/SA:N;CVSS:3.1/AV:N/AC:L/PR:N/UI:N/S:U/C:H/I:H/A:H;9.9;9.8;U;0.07565;Swisslog-healthcare Hmi-3 control panel - [Hardware] | Swisslog-healthcare Hmi-3 control panel firmware [Firmware];cpe:2.3:o:swisslog-healthcare:hmi-3_control_panel_firmware:*:*:*:*:*:*:*:*, cpe:2.3:h:swisslog-healthcare:hmi-3_control_panel:-:*:*:*:*:*:*:*;I;hospital;CVSS:4.0/AV:N/AC:L/AT:N/PR:N/UI:N/VC:H/VI:H/VA:H/SC:N/SI:H/SA:N/E:U/CR:L/IR:M/AR:M;;7.8;N/A;CVSS:4.0/AV:N/AC:L/AT:N/PR:N/UI:N/VC:H/VI:H/VA:H/SC:N/SI:H/SA:N/E:U;8.9
CVE-2021-37164;CVSS:4.0/AV:N/AC:L/AT:N/PR:N/UI:N/VC:H/VI:H/VA:H/SC:H/SI:N/SA:H;CVSS:3.1/AV:N/AC:L/PR:N/UI:N/S:U/C:H/I:H/A:H;9.9;9.8;U;0.00802;Swisslog-healthcare Hmi-3 control panel - [Hardware] | Swisslog-healthcare Hmi-3 control panel firmware [Firmware];cpe:2.3:o:swisslog-healthcare:hmi-3_control_panel_firmware:*:*:*:*:*:*:*:*, cpe:2.3:h:swisslog-healthcare:hmi-3_control_panel:-:*:*:*:*:*:*:*;I;hospital;CVSS:4.0/AV:N/AC:L/AT:N/PR:N/UI:N/VC:H/VI:H/VA:H/SC:H/SI:N/SA:H/E:U/CR:L/IR:M/AR:M;;7.9;N/A;CVSS:4.0/AV:N/AC:L/AT:N/PR:N/UI:N/VC:H/VI:H/VA:H/SC:H/SI:N/SA:H/E:U;9.0
CVE-2021-27499;CVSS:4.0/AV:N/AC:H/AT:P/PR:N/UI:N/VC:N/VI:H/VA:N/SC:N/SI:N/SA:N;CVSS:3.1/AV:N/AC:H/PR:N/UI:N/S:U/C:N/I:H/A:N;8.2;5.9;U;0.001;Ypsomed Mylife [Application] | Ypsomed Mylife cloud [Application];cpe:2.3:a:ypsomed:mylife:*:*:*:*:*:*:*:*, cpe:2.3:a:ypsomed:mylife_cloud:*:*:*:*:*:*:*:*;IIb;both;CVSS:4.0/AV:N/AC:H/AT:P/PR:N/UI:N/VC:N/VI:H/VA:N/SC:N/SI:N/SA:N/E:U/CR:L/IR:M/AR:M;CVSS:4.0/AV:N/AC:H/AT:P/PR:N/UI:N/VC:N/VI:H/VA:N/SC:N/SI:N/SA:N/E:U/CR:H/IR:H/AR:H;2.6;4.6;CVSS:4.0/AV:N/AC:H/AT:P/PR:N/UI:N/VC:N/VI:H/VA:N/SC:N/SI:N/SA:N/E:U;4.6
CVE-2021-27503;CVSS:4.0/AV:N/AC:H/AT:P/PR:N/UI:N/VC:L/VI:L/VA:N/SC:L/SI:H/SA:N;CVSS:3.1/AV:N/AC:H/PR:N/UI:N/S:U/C:L/I:L/A:N;6.9;4.8;U;0.00148;Ypsomed Mylife [Application] | Ypsomed Mylife cloud [Application];cpe:2.3:a:ypsomed:mylife:*:*:*:*:*:*:*:*, cpe:2.3:a:ypsomed:mylife_cloud:*:*:*:*:*:*:*:*;IIb;both;CVSS:4.0/AV:N/AC:H/AT:P/PR:N/UI:N/VC:L/VI:L/VA:N/SC:L/SI:H/SA:N/E:U/CR:L/IR:M/AR:M/MSI:S;CVSS:4.0/AV:N/AC:H/AT:P/PR:N/UI:N/VC:L/VI:L/VA:N/SC:L/SI:H/SA:N/E:U/CR:H/IR:H/AR:H/MSI:S;4.4;4.4;CVSS:4.0/AV:N/AC:H/AT:P/PR:N/UI:N/VC:L/VI:L/VA:N/SC:L/SI:H/SA:N/E:U;2.5
CVE-2021-27491;CVSS:4.0/AV:N/AC:L/AT:N/PR:N/UI:N/VC:H/VI:N/VA:N/SC:H/SI:N/SA:N;CVSS:3.1/AV:N/AC:L/PR:N/UI:N/S:U/C:H/I:N/A:N;9.2;7.5;U;0.0022;Ypsomed Mylife [Application] | Ypsomed Mylife cloud [Application];cpe:2.3:a:ypsomed:mylife:*:*:*:*:*:*:*:*, cpe:2.3:a:ypsomed:mylife_cloud:*:*:*:*:*:*:*:*;IIb;both;CVSS:4.0/AV:N/AC:L/AT:N/PR:N/UI:N/VC:H/VI:N/VA:N/SC:H/SI:N/SA:N/E:U/CR:L/IR:M/AR:M;CVSS:4.0/AV:N/AC:L/AT:N/PR:N/UI:N/VC:H/VI:N/VA:N/SC:H/SI:N/SA:N/E:U/CR:H/IR:H/AR:H;5.9;7.7;CVSS:4.0/AV:N/AC:L/AT:N/PR:N/UI:N/VC:H/VI:N/VA:N/SC:H/SI:N/SA:N/E:U;7.7
CVE-2021-27495;CVSS:4.0/AV:N/AC:L/AT:N/PR:N/UI:P/VC:H/VI:L/VA:N/SC:H/SI:N/SA:N;CVSS:3.1/AV:N/AC:L/PR:N/UI:R/S:U/C:H/I:L/A:N;8.3;7.1;U;0.00192;Ypsomed Mylife [Application] | Ypsomed Mylife cloud [Application];cpe:2.3:a:ypsomed:mylife:*:*:*:*:*:*:*:*, cpe:2.3:a:ypsomed:mylife_cloud:*:*:*:*:*:*:*:*;IIb;both;CVSS:4.0/AV:N/AC:L/AT:N/PR:N/UI:P/VC:H/VI:L/VA:N/SC:H/SI:N/SA:N/E:U/CR:L/IR:M/AR:M;CVSS:4.0/AV:N/AC:L/AT:N/PR:N/UI:P/VC:H/VI:L/VA:N/SC:H/SI:N/SA:N/E:U/CR:H/IR:H/AR:H;4.2;5.7;CVSS:4.0/AV:N/AC:L/AT:N/PR:N/UI:P/VC:H/VI:L/VA:N/SC:H/SI:N/SA:N/E:U;5.7
CVE-2021-32966;CVSS:4.0/AV:N/AC:H/AT:P/PR:N/UI:N/VC:L/VI:N/VA:N/SC:N/SI:N/SA:N;CVSS:3.1/AV:N/AC:H/PR:N/UI:N/S:U/C:L/I:N/A:N;6.3;3.7;U;0.0003;Philips Interoperability solution xds [Application];cpe:2.3:a:philips:interoperability_solution_xds:*:*:*:*:*:*:*:*, cpe:2.3:a:philips:interoperability_solution_xds:*:*:*:*:*:*:*:*;I;hospital;CVSS:4.0/AV:N/AC:H/AT:P/PR:N/UI:N/VC:L/VI:N/VA:N/SC:N/SI:N/SA:N/E:U/CR:L/IR:M/AR:M;;1.7;N/A;CVSS:4.0/AV:N/AC:H/AT:P/PR:N/UI:N/VC:L/VI:N/VA:N/SC:N/SI:N/SA:N/E:U;1.7
CVE-2020-14487;CVSS:4.0/AV:N/AC:L/AT:N/PR:N/UI:N/VC:H/VI:H/VA:L/SC:H/SI:H/SA:H;CVSS:3.1/AV:N/AC:L/PR:N/UI:N/S:U/C:H/I:H/A:L;10.0;9.4;U;0.0025;Freemedsoftware Openclinic ga 5.09.02 [Application];cpe:2.3:a:freemedsoftware:openclinic_ga:5.09.02:*:*:*:*:*:*:*;I;hospital;CVSS:4.0/AV:N/AC:L/AT:N/PR:N/UI:N/VC:H/VI:H/VA:L/SC:H/SI:H/SA:H/E:U/CR:L/IR:M/AR:M;;8.0;N/A;CVSS:4.0/AV:N/AC:L/AT:N/PR:N/UI:N/VC:H/VI:H/VA:L/SC:H/SI:H/SA:H/E:U;9.1
CVE-2020-14489;CVSS:4.0/AV:L/AC:L/AT:N/PR:N/UI:N/VC:H/VI:N/VA:N/SC:H/SI:N/SA:N;CVSS:3.1/AV:L/AC:L/PR:N/UI:N/S:U/C:H/I:N/A:N;8.2;6.2;U;0.00113;Openclinic_ga_project Openclinic ga 5.09.02 [Application] | Openclinic_ga_project Openclinic ga 5.89.05b [Application];cpe:2.3:a:openclinic_ga_project:openclinic_ga:5.09.02:*:*:*:*:*:*:*, cpe:2.3:a:openclinic_ga_project:openclinic_ga:5.89.05b:*:*:*:*:*:*:*;I;hospital;CVSS:4.0/AV:L/AC:L/AT:N/PR:N/UI:N/VC:H/VI:N/VA:N/SC:H/SI:N/SA:N/E:U/CR:L/IR:M/AR:M;;3.9;N/A;CVSS:4.0/AV:L/AC:L/AT:N/PR:N/UI:N/VC:H/VI:N/VA:N/SC:H/SI:N/SA:N/E:U;5.6
CVE-2020-14493;CVSS:4.0/AV:N/AC:L/AT:P/PR:L/UI:N/VC:H/VI:H/VA:H/SC:H/SI:H/SA:H;CVSS:3.1/AV:N/AC:L/PR:L/UI:N/S:U/C:H/I:H/A:H;9.0;8.8;U;0.00174;Openclinic_ga_project Openclinic ga 5.09.02 [Application] | Openclinic_ga_project Openclinic ga 5.89.05b [Application];cpe:2.3:a:openclinic_ga_project:openclinic_ga:5.09.02:*:*:*:*:*:*:*, cpe:2.3:a:openclinic_ga_project:openclinic_ga:5.89.05b:*:*:*:*:*:*:*;I;hospital;CVSS:4.0/AV:N/AC:L/AT:P/PR:L/UI:N/VC:H/VI:H/VA:H/SC:H/SI:H/SA:H/E:U/CR:L/IR:M/AR:M;;5.1;N/A;CVSS:4.0/AV:N/AC:L/AT:P/PR:L/UI:N/VC:H/VI:H/VA:H/SC:H/SI:H/SA:H/E:U;6.1
CVE-2021-27487;CVSS:4.0/AV:L/AC:L/AT:N/PR:L/UI:N/VC:H/VI:N/VA:N/SC:H/SI:N/SA:N;CVSS:3.1/AV:L/AC:L/PR:L/UI:N/S:U/C:H/I:N/A:N;8.2;5.5;U;0.00028;Zoll Defibrillator dashboard [Application];cpe:2.3:a:zoll:defibrillator_dashboard:*:*:*:*:*:*:*:*;I;hospital;CVSS:4.0/AV:L/AC:L/AT:N/PR:L/UI:N/VC:H/VI:N/VA:N/SC:H/SI:N/SA:N/E:U/CR:L/IR:M/AR:M;;3.7;N/A;CVSS:4.0/AV:L/AC:L/AT:N/PR:L/UI:N/VC:H/VI:N/VA:N/SC:H/SI:N/SA:N/E:U;5.5
CVE-2021-27489;CVSS:4.0/AV:N/AC:L/AT:N/PR:L/UI:N/VC:H/VI:H/VA:H/SC:H/SI:H/SA:H;CVSS:3.1/AV:N/AC:L/PR:L/UI:N/S:U/C:H/I:H/A:H;9.4;8.8;U;0.00543;Zoll Defibrillator dashboard [Application];cpe:2.3:a:zoll:defibrillator_dashboard:*:*:*:*:*:*:*:*;I;hospital;CVSS:4.0/AV:N/AC:L/AT:N/PR:L/UI:N/VC:H/VI:H/VA:H/SC:H/SI:H/SA:H/E:U/CR:L/IR:M/AR:M;;6.3;N/A;CVSS:4.0/AV:N/AC:L/AT:N/PR:L/UI:N/VC:H/VI:H/VA:H/SC:H/SI:H/SA:H/E:U;7.7
CVE-2021-27481;CVSS:4.0/AV:L/AC:L/AT:N/PR:L/UI:N/VC:H/VI:N/VA:N/SC:H/SI:N/SA:N;CVSS:3.1/AV:L/AC:L/PR:L/UI:N/S:U/C:H/I:N/A:N;8.2;5.5;U;0.00031;Zoll Defibrillator dashboard [Application];cpe:2.3:a:zoll:defibrillator_dashboard:*:*:*:*:*:*:*:*;I;hospital;CVSS:4.0/AV:L/AC:L/AT:N/PR:L/UI:N/VC:H/VI:N/VA:N/SC:H/SI:N/SA:N/E:U/CR:L/IR:M/AR:M;;3.7;N/A;CVSS:4.0/AV:L/AC:L/AT:N/PR:L/UI:N/VC:H/VI:N/VA:N/SC:H/SI:N/SA:N/E:U;5.5
CVE-2021-27483;CVSS:4.0/AV:L/AC:L/AT:N/PR:L/UI:N/VC:H/VI:H/VA:H/SC:H/SI:H/SA:H;CVSS:3.1/AV:L/AC:L/PR:L/UI:N/S:U/C:H/I:H/A:H;9.3;7.8;U;0.00062;Zoll Defibrillator dashboard [Application];cpe:2.3:a:zoll:defibrillator_dashboard:*:*:*:*:*:*:*:*;I;hospital;CVSS:4.0/AV:L/AC:L/AT:N/PR:L/UI:N/VC:H/VI:H/VA:H/SC:H/SI:H/SA:H/E:U/CR:L/IR:M/AR:M;;6.0;N/A;CVSS:4.0/AV:L/AC:L/AT:N/PR:L/UI:N/VC:H/VI:H/VA:H/SC:H/SI:H/SA:H/E:U;7.4
CVE-2021-27485;CVSS:4.0/AV:N/AC:L/AT:N/PR:N/UI:N/VC:H/VI:N/VA:N/SC:H/SI:N/SA:N;CVSS:3.1/AV:N/AC:L/PR:N/UI:N/S:U/C:H/I:N/A:N;9.2;7.5;U;0.00198;Zoll Defibrillator dashboard [Application];cpe:2.3:a:zoll:defibrillator_dashboard:*:*:*:*:*:*:*:*;I;hospital;CVSS:4.0/AV:N/AC:L/AT:N/PR:N/UI:N/VC:H/VI:N/VA:N/SC:H/SI:N/SA:N/E:U/CR:L/IR:M/AR:M;;5.9;N/A;CVSS:4.0/AV:N/AC:L/AT:N/PR:N/UI:N/VC:H/VI:N/VA:N/SC:H/SI:N/SA:N/E:U;7.7
CVE-2021-27479;CVSS:4.0/AV:N/AC:L/AT:N/PR:L/UI:N/VC:L/VI:L/VA:N/SC:N/SI:N/SA:N;CVSS:3.1/AV:N/AC:L/PR:L/UI:N/S:U/C:L/I:L/A:N;5.3;5.4;U;0.00138;Zoll Defibrillator dashboard [Application];cpe:2.3:a:zoll:defibrillator_dashboard:*:*:*:*:*:*:*:*;I;hospital;CVSS:4.0/AV:N/AC:L/AT:N/PR:L/UI:N/VC:L/VI:L/VA:N/SC:N/SI:N/SA:N/E:U/CR:L/IR:M/AR:M;;1.3;N/A;CVSS:4.0/AV:N/AC:L/AT:N/PR:L/UI:N/VC:L/VI:L/VA:N/SC:N/SI:N/SA:N/E:U;1.3
CVE-2021-27456;CVSS:4.0/AV:P/AC:L/AT:P/PR:N/UI:N/VC:L/VI:N/VA:N/SC:H/SI:N/SA:N;CVSS:3.1/AV:P/AC:L/PR:N/UI:N/S:U/C:L/I:N/A:N;1.8;2.4;U;0.00088;Phillips Gemini 882160 - [Hardware] | Phillips Gemini 882160 firmware - [Firmware] | Phillips Gemini 882300 - [Hardware] | Phillips Gemini 882300 firmware - [Firmware] | Phillips Gemini 882390 - [Hardware] | Phillips Gemini 882390 firmware - [Firmware] | Phillips Gemini 882400 - [Hardware] | Phillips Gemini 882400 firmware - [Firmware] | Phillips Gemini 882410 - [Hardware] | Phillips Gemini 882410 firmware - [Firmware] | Phillips Gemini 882412 - [Hardware] | Phillips Gemini 882412 firmware - [Firmware] | Phillips Gemini 882470 - [Hardware] | Phillips Gemini 882470 firmware - [Firmware] | Phillips Gemini 882471 - [Hardware] | Phillips Gemini 882471 firmware - [Firmware] | Phillips Gemini 882473 - [Hardware] | Phillips Gemini 882473 firmware - [Firmware] | Phillips Gemini 882476 - [Hardware] | Phillips Gemini 882476 firmware - [Firmware] | Phillips Truflight 882438 - [Hardware] | Phillips Truflight 882438 firmware - [Firmware];cpe:2.3:o:phillips:gemini_882300_firmware:-:*:*:*:*:*:*:*, cpe:2.3:h:phillips:gemini_882300:-:*:*:*:*:*:*:*, cpe:2.3:o:phillips:gemini_882160_firmware:-:*:*:*:*:*:*:*, cpe:2.3:h:phillips:gemini_882160:-:*:*:*:*:*:*:*, cpe:2.3:o:phillips:gemini_882400_firmware:-:*:*:*:*:*:*:*, cpe:2.3:h:phillips:gemini_882400:-:*:*:*:*:*:*:*, cpe:2.3:o:phillips:gemini_882390_firmware:-:*:*:*:*:*:*:*, cpe:2.3:h:phillips:gemini_882390:-:*:*:*:*:*:*:*, cpe:2.3:o:phillips:gemini_882410_firmware:-:*:*:*:*:*:*:*, cpe:2.3:h:phillips:gemini_882410:-:*:*:*:*:*:*:*, cpe:2.3:o:phillips:gemini_882412_firmware:-:*:*:*:*:*:*:*, cpe:2.3:h:phillips:gemini_882412:-:*:*:*:*:*:*:*, cpe:2.3:o:phillips:gemini_882473_firmware:-:*:*:*:*:*:*:*, cpe:2.3:h:phillips:gemini_882473:-:*:*:*:*:*:*:*, cpe:2.3:o:phillips:gemini_882470_firmware:-:*:*:*:*:*:*:*, cpe:2.3:h:phillips:gemini_882470:-:*:*:*:*:*:*:*, cpe:2.3:o:phillips:gemini_882471_firmware:-:*:*:*:*:*:*:*, cpe:2.3:h:phillips:gemini_882471:-:*:*:*:*:*:*:*, cpe:2.3:o:phillips:gemini_882476_firmware:-:*:*:*:*:*:*:*, cpe:2.3:h:phillips:gemini_882476:-:*:*:*:*:*:*:*, cpe:2.3:o:phillips:truflight_882438_firmware:-:*:*:*:*:*:*:*, cpe:2.3:h:phillips:truflight_882438:-:*:*:*:*:*:*:*;IIb;hospital;CVSS:4.0/AV:P/AC:L/AT:P/PR:N/UI:N/VC:L/VI:N/VA:N/SC:H/SI:N/SA:N/E:U/CR:L/IR:M/AR:M;;0.2;N/A;CVSS:4.0/AV:P/AC:L/AT:P/PR:N/UI:N/VC:L/VI:N/VA:N/SC:H/SI:N/SA:N/E:U;0.2
CVE-2020-27278;CVSS:4.0/AV:P/AC:L/AT:P/PR:N/UI:N/VC:H/VI:L/VA:N/SC:H/SI:H/SA:H;CVSS:3.1/AV:P/AC:L/PR:N/UI:N/S:U/C:H/I:L/A:N;6.0;5.2;U;0.00051;Hamilton-medical Hamilton-t1 - [Hardware] | Hamilton-medical Hamilton-t1 firmware [Firmware];cpe:2.3:o:hamilton-medical:hamilton-t1_firmware:*:*:*:*:*:*:*:*, cpe:2.3:h:hamilton-medical:hamilton-t1:-:*:*:*:*:*:*:*;IIb;hospital;CVSS:4.0/AV:P/AC:L/AT:P/PR:N/UI:N/VC:H/VI:L/VA:N/SC:H/SI:H/SA:H/E:U/CR:L/IR:M/AR:M/MSI:S/MSA:S;;1.9;N/A;CVSS:4.0/AV:P/AC:L/AT:P/PR:N/UI:N/VC:H/VI:L/VA:N/SC:H/SI:H/SA:H/E:U;1.9
CVE-2020-27282;CVSS:4.0/AV:P/AC:L/AT:P/PR:L/UI:N/VC:N/VI:N/VA:H/SC:N/SI:N/SA:H;CVSS:3.1/AV:P/AC:L/PR:L/UI:N/S:U/C:N/I:N/A:H;5.6;4.3;U;0.00074;Hamilton-medical Hamilton-t1 - [Hardware] | Hamilton-medical Hamilton-t1 firmware [Firmware];cpe:2.3:o:hamilton-medical:hamilton-t1_firmware:*:*:*:*:*:*:*:*, cpe:2.3:h:hamilton-medical:hamilton-t1:-:*:*:*:*:*:*:*;IIb;hospital;CVSS:4.0/AV:P/AC:L/AT:P/PR:L/UI:N/VC:N/VI:N/VA:H/SC:N/SI:N/SA:H/E:U/CR:L/IR:M/AR:M/MSA:S;;1.4;N/A;CVSS:4.0/AV:P/AC:L/AT:P/PR:L/UI:N/VC:N/VI:N/VA:H/SC:N/SI:N/SA:H/E:U;1.3
CVE-2020-27290;CVSS:4.0/AV:P/AC:L/AT:P/PR:L/UI:N/VC:H/VI:N/VA:N/SC:H/SI:N/SA:N;CVSS:3.1/AV:P/AC:L/PR:L/UI:N/S:U/C:H/I:N/A:N;5.6;4.3;U;0.00053;Hamilton-medical Hamilton-t1 - [Hardware] | Hamilton-medical Hamilton-t1 firmware [Firmware];cpe:2.3:o:hamilton-medical:hamilton-t1_firmware:*:*:*:*:*:*:*:*, cpe:2.3:h:hamilton-medical:hamilton-t1:-:*:*:*:*:*:*:*;IIb;hospital;CVSS:4.0/AV:P/AC:L/AT:P/PR:L/UI:N/VC:H/VI:N/VA:N/SC:H/SI:N/SA:N/E:U/CR:L/IR:M/AR:M;;0.5;N/A;CVSS:4.0/AV:P/AC:L/AT:P/PR:L/UI:N/VC:H/VI:N/VA:N/SC:H/SI:N/SA:N/E:U;1.3
CVE-2020-27298;CVSS:4.0/AV:A/AC:L/AT:P/PR:N/UI:N/VC:N/VI:N/VA:H/SC:N/SI:N/SA:H;CVSS:3.1/AV:A/AC:L/PR:N/UI:N/S:U/C:N/I:N/A:H;7.0;6.5;U;0.00189;Philips Coronary tools 1.0 [Application] | Philips Dynamic coronary roadmap 1.0 [Application] | Philips Interventional workspot 1.3.2 [Application] | Philips Interventional workspot 1.4.0 [Application] | Philips Interventional workspot 1.4.1 [Application] | Philips Interventional workspot 1.4.3 [Application] | Philips Interventional workspot 1.4.5 [Application] | Philips Stentboost live 1.0 [Application] | Philips Viewforum 6.3v1l10 [Application];cpe:2.3:a:philips:coronary_tools:1.0:*:*:*:*:*:*:*, cpe:2.3:a:philips:dynamic_coronary_roadmap:1.0:*:*:*:*:*:*:*, cpe:2.3:a:philips:interventional_workspot:1.3.2:*:*:*:*:*:*:*, cpe:2.3:a:philips:interventional_workspot:1.4.0:*:*:*:*:*:*:*, cpe:2.3:a:philips:interventional_workspot:1.4.1:*:*:*:*:*:*:*, cpe:2.3:a:philips:interventional_workspot:1.4.3:*:*:*:*:*:*:*, cpe:2.3:a:philips:interventional_workspot:1.4.5:*:*:*:*:*:*:*, cpe:2.3:a:philips:stentboost_live:1.0:*:*:*:*:*:*:*, cpe:2.3:a:philips:viewforum:6.3v1l10:*:*:*:*:*:*:*;IIa;hospital;CVSS:4.0/AV:A/AC:L/AT:P/PR:N/UI:N/VC:N/VI:N/VA:H/SC:N/SI:N/SA:H/E:U/CR:L/IR:M/AR:M/MSA:S;;4.2;N/A;CVSS:4.0/AV:A/AC:L/AT:P/PR:N/UI:N/VC:N/VI:N/VA:H/SC:N/SI:N/SA:H/E:U;3.8
CVE-2020-27268;CVSS:4.0/AV:A/AC:L/AT:P/PR:N/UI:N/VC:H/VI:N/VA:N/SC:H/SI:N/SA:N;CVSS:3.1/AV:A/AC:L/PR:N/UI:N/S:U/C:H/I:N/A:N;7.0;6.5;U;0.00072;Sooil Anydana-a - [Hardware] | Sooil Anydana-a firmware [Firmware] | Sooil Anydana-i - [Hardware] | Sooil Anydana-i firmware [Firmware] | Sooil Diabecare rs - [Hardware] | Sooil Diabecare rs firmware [Firmware];cpe:2.3:o:sooil:anydana-a_firmware:*:*:*:*:*:*:*:*, cpe:2.3:h:sooil:anydana-a:-:*:*:*:*:*:*:*, cpe:2.3:o:sooil:anydana-i_firmware:*:*:*:*:*:*:*:*, cpe:2.3:h:sooil:anydana-i:-:*:*:*:*:*:*:*, cpe:2.3:o:sooil:diabecare_rs_firmware:*:*:*:*:*:*:*:*, cpe:2.3:h:sooil:diabecare_rs:-:*:*:*:*:*:*:*;IIb;both;CVSS:4.0/AV:A/AC:L/AT:P/PR:N/UI:N/VC:H/VI:N/VA:N/SC:H/SI:N/SA:N/E:U/CR:L/IR:M/AR:M;CVSS:4.0/AV:A/AC:L/AT:P/PR:N/UI:N/VC:H/VI:N/VA:N/SC:H/SI:N/SA:N/E:U/CR:H/IR:H/AR:H;1.9;3.8;CVSS:4.0/AV:A/AC:L/AT:P/PR:N/UI:N/VC:H/VI:N/VA:N/SC:H/SI:N/SA:N/E:U;3.8
CVE-2020-27276;CVSS:4.0/AV:A/AC:L/AT:P/PR:N/UI:N/VC:H/VI:N/VA:N/SC:H/SI:N/SA:N;CVSS:3.1/AV:A/AC:L/PR:N/UI:R/S:U/C:H/I:N/A:N;7.0;5.7;U;0.00078;Sooil Anydana-a - [Hardware] | Sooil Anydana-a firmware [Firmware] | Sooil Anydana-i - [Hardware] | Sooil Anydana-i firmware [Firmware] | Sooil Diabecare rs - [Hardware] | Sooil Diabecare rs firmware [Firmware];cpe:2.3:o:sooil:anydana-a_firmware:*:*:*:*:*:*:*:*, cpe:2.3:h:sooil:anydana-a:-:*:*:*:*:*:*:*, cpe:2.3:o:sooil:anydana-i_firmware:*:*:*:*:*:*:*:*, cpe:2.3:h:sooil:anydana-i:-:*:*:*:*:*:*:*, cpe:2.3:o:sooil:diabecare_rs_firmware:*:*:*:*:*:*:*:*, cpe:2.3:h:sooil:diabecare_rs:-:*:*:*:*:*:*:*;IIb;both;CVSS:4.0/AV:A/AC:L/AT:P/PR:N/UI:N/VC:H/VI:N/VA:N/SC:H/SI:N/SA:N/E:U/CR:L/IR:M/AR:M;CVSS:4.0/AV:A/AC:L/AT:P/PR:N/UI:N/VC:H/VI:N/VA:N/SC:H/SI:N/SA:N/E:U/CR:H/IR:H/AR:H;1.9;3.8;CVSS:4.0/AV:A/AC:L/AT:P/PR:N/UI:N/VC:H/VI:N/VA:N/SC:H/SI:N/SA:N/E:U;3.8
CVE-2020-27264;CVSS:4.0/AV:A/AC:L/AT:P/PR:N/UI:N/VC:H/VI:H/VA:H/SC:N/SI:N/SA:N;CVSS:3.1/AV:A/AC:L/PR:N/UI:N/S:U/C:H/I:H/A:H;7.7;8.8;U;0.00097;Sooil Anydana-a - [Hardware] | Sooil Anydana-a firmware [Firmware] | Sooil Anydana-i - [Hardware] | Sooil Anydana-i firmware [Firmware] | Sooil Diabecare rs - [Hardware] | Sooil Diabecare rs firmware [Firmware];cpe:2.3:o:sooil:anydana-a_firmware:*:*:*:*:*:*:*:*, cpe:2.3:h:sooil:anydana-a:-:*:*:*:*:*:*:*, cpe:2.3:o:sooil:anydana-i_firmware:*:*:*:*:*:*:*:*, cpe:2.3:h:sooil:anydana-i:-:*:*:*:*:*:*:*, cpe:2.3:o:sooil:diabecare_rs_firmware:*:*:*:*:*:*:*:*, cpe:2.3:h:sooil:diabecare_rs:-:*:*:*:*:*:*:*;IIb;both;CVSS:4.0/AV:A/AC:L/AT:P/PR:N/UI:N/VC:H/VI:H/VA:H/SC:N/SI:N/SA:N/E:U/CR:L/IR:M/AR:M;CVSS:4.0/AV:A/AC:L/AT:P/PR:N/UI:N/VC:H/VI:H/VA:H/SC:N/SI:N/SA:N/E:U/CR:H/IR:H/AR:H;2.9;5.2;CVSS:4.0/AV:A/AC:L/AT:P/PR:N/UI:N/VC:H/VI:H/VA:H/SC:N/SI:N/SA:N/E:U;5.2
CVE-2020-27269;CVSS:4.0/AV:A/AC:L/AT:P/PR:N/UI:N/VC:H/VI:N/VA:N/SC:H/SI:N/SA:N;CVSS:3.1/AV:A/AC:L/PR:N/UI:R/S:U/C:H/I:N/A:N;7.0;5.7;U;0.00089;Sooil Anydana-a - [Hardware] | Sooil Anydana-a firmware [Firmware] | Sooil Anydana-i - [Hardware] | Sooil Anydana-i firmware [Firmware] | Sooil Diabecare rs - [Hardware] | Sooil Diabecare rs firmware [Firmware];cpe:2.3:o:sooil:anydana-a_firmware:*:*:*:*:*:*:*:*, cpe:2.3:h:sooil:anydana-a:-:*:*:*:*:*:*:*, cpe:2.3:o:sooil:anydana-i_firmware:*:*:*:*:*:*:*:*, cpe:2.3:h:sooil:anydana-i:-:*:*:*:*:*:*:*, cpe:2.3:o:sooil:diabecare_rs_firmware:*:*:*:*:*:*:*:*, cpe:2.3:h:sooil:diabecare_rs:-:*:*:*:*:*:*:*;IIb;both;CVSS:4.0/AV:A/AC:L/AT:P/PR:N/UI:N/VC:H/VI:N/VA:N/SC:H/SI:N/SA:N/E:U/CR:L/IR:M/AR:M;CVSS:4.0/AV:A/AC:L/AT:P/PR:N/UI:N/VC:H/VI:N/VA:N/SC:H/SI:N/SA:N/E:U/CR:H/IR:H/AR:H;1.9;3.8;CVSS:4.0/AV:A/AC:L/AT:P/PR:N/UI:N/VC:H/VI:N/VA:N/SC:H/SI:N/SA:N/E:U;3.8
CVE-2020-27258;CVSS:4.0/AV:A/AC:L/AT:P/PR:N/UI:N/VC:H/VI:N/VA:N/SC:H/SI:N/SA:N;CVSS:3.1/AV:A/AC:L/PR:N/UI:N/S:U/C:H/I:N/A:N;7.0;6.5;U;0.00179;Sooil Anydana-a [Application] | Sooil Anydana-i [Application] | Sooil Dana diabecare rs - [Hardware] | Sooil Dana diabecare rs firmware [Firmware];cpe:2.3:a:sooil:anydana-a:*:*:*:*:*:*:*:*, cpe:2.3:a:sooil:anydana-i:*:*:*:*:*:*:*:*, cpe:2.3:o:sooil:dana_diabecare_rs_firmware:*:*:*:*:*:*:*:*, cpe:2.3:h:sooil:dana_diabecare_rs:-:*:*:*:*:*:*:*;IIb;both;CVSS:4.0/AV:A/AC:L/AT:P/PR:N/UI:N/VC:H/VI:N/VA:N/SC:H/SI:N/SA:N/E:U/CR:L/IR:M/AR:M;CVSS:4.0/AV:A/AC:L/AT:P/PR:N/UI:N/VC:H/VI:N/VA:N/SC:H/SI:N/SA:N/E:U/CR:H/IR:H/AR:H;1.9;3.8;CVSS:4.0/AV:A/AC:L/AT:P/PR:N/UI:N/VC:H/VI:N/VA:N/SC:H/SI:N/SA:N/E:U;3.8
CVE-2020-27270;CVSS:4.0/AV:A/AC:L/AT:P/PR:N/UI:N/VC:H/VI:N/VA:N/SC:H/SI:N/SA:N;CVSS:3.1/AV:A/AC:L/PR:N/UI:R/S:U/C:H/I:N/A:N;7.0;5.7;U;0.00048;Sooil Anydana-a - [Hardware] | Sooil Anydana-a firmware [Firmware] | Sooil Anydana-i - [Hardware] | Sooil Anydana-i firmware [Firmware] | Sooil Diabecare rs - [Hardware] | Sooil Diabecare rs firmware [Firmware];cpe:2.3:o:sooil:anydana-a_firmware:*:*:*:*:*:*:*:*, cpe:2.3:h:sooil:anydana-a:-:*:*:*:*:*:*:*, cpe:2.3:o:sooil:anydana-i_firmware:*:*:*:*:*:*:*:*, cpe:2.3:h:sooil:anydana-i:-:*:*:*:*:*:*:*, cpe:2.3:o:sooil:diabecare_rs_firmware:*:*:*:*:*:*:*:*, cpe:2.3:h:sooil:diabecare_rs:-:*:*:*:*:*:*:*;IIb;both;CVSS:4.0/AV:A/AC:L/AT:P/PR:N/UI:N/VC:H/VI:N/VA:N/SC:H/SI:N/SA:N/E:U/CR:L/IR:M/AR:M;CVSS:4.0/AV:A/AC:L/AT:P/PR:N/UI:N/VC:H/VI:N/VA:N/SC:H/SI:N/SA:N/E:U/CR:H/IR:H/AR:H;1.9;3.8;CVSS:4.0/AV:A/AC:L/AT:P/PR:N/UI:N/VC:H/VI:N/VA:N/SC:H/SI:N/SA:N/E:U;3.8
CVE-2020-27256;CVSS:4.0/AV:P/AC:L/AT:P/PR:N/UI:N/VC:H/VI:H/VA:H/SC:H/SI:H/SA:H;CVSS:3.1/AV:P/AC:L/PR:N/UI:N/S:U/C:H/I:H/A:H;7.3;6.8;U;0.00053;Sooil Anydana-a - [Hardware] | Sooil Anydana-a firmware [Firmware] | Sooil Anydana-i - [Hardware] | Sooil Anydana-i firmware [Firmware] | Sooil Diabecare rs - [Hardware] | Sooil Diabecare rs firmware [Firmware];cpe:2.3:o:sooil:anydana-a_firmware:*:*:*:*:*:*:*:*, cpe:2.3:h:sooil:anydana-a:-:*:*:*:*:*:*:*, cpe:2.3:o:sooil:anydana-i_firmware:*:*:*:*:*:*:*:*, cpe:2.3:h:sooil:anydana-i:-:*:*:*:*:*:*:*, cpe:2.3:o:sooil:diabecare_rs_firmware:*:*:*:*:*:*:*:*, cpe:2.3:h:sooil:diabecare_rs:-:*:*:*:*:*:*:*;IIb;both;CVSS:4.0/AV:P/AC:L/AT:P/PR:N/UI:N/VC:H/VI:H/VA:H/SC:H/SI:H/SA:H/E:U/CR:L/IR:M/AR:M/MSI:S/MSA:S;CVSS:4.0/AV:P/AC:L/AT:P/PR:N/UI:N/VC:H/VI:H/VA:H/SC:H/SI:H/SA:H/E:U/CR:H/IR:H/AR:H/MSI:S/MSA:S;4.8;6.0;CVSS:4.0/AV:P/AC:L/AT:P/PR:N/UI:N/VC:H/VI:H/VA:H/SC:H/SI:H/SA:H/E:U;4.1
CVE-2020-27266;CVSS:4.0/AV:A/AC:L/AT:P/PR:N/UI:N/VC:H/VI:N/VA:N/SC:H/SI:N/SA:N;CVSS:3.1/AV:A/AC:L/PR:N/UI:N/S:U/C:H/I:N/A:N;7.0;6.5;U;0.00068;Sooil Anydana-a - [Hardware] | Sooil Anydana-a firmware [Firmware] | Sooil Anydana-i - [Hardware] | Sooil Anydana-i firmware [Firmware] | Sooil Diabecare rs - [Hardware] | Sooil Diabecare rs firmware [Firmware];cpe:2.3:o:sooil:anydana-a_firmware:*:*:*:*:*:*:*:*, cpe:2.3:h:sooil:anydana-a:-:*:*:*:*:*:*:*, cpe:2.3:o:sooil:anydana-i_firmware:*:*:*:*:*:*:*:*, cpe:2.3:h:sooil:anydana-i:-:*:*:*:*:*:*:*, cpe:2.3:o:sooil:diabecare_rs_firmware:*:*:*:*:*:*:*:*, cpe:2.3:h:sooil:diabecare_rs:-:*:*:*:*:*:*:*;IIb;both;CVSS:4.0/AV:A/AC:L/AT:P/PR:N/UI:N/VC:H/VI:N/VA:N/SC:H/SI:N/SA:N/E:U/CR:L/IR:M/AR:M;CVSS:4.0/AV:A/AC:L/AT:P/PR:N/UI:N/VC:H/VI:N/VA:N/SC:H/SI:N/SA:N/E:U/CR:H/IR:H/AR:H;1.9;3.8;CVSS:4.0/AV:A/AC:L/AT:P/PR:N/UI:N/VC:H/VI:N/VA:N/SC:H/SI:N/SA:N/E:U;3.8
CVE-2020-27272;CVSS:4.0/AV:A/AC:L/AT:P/PR:N/UI:N/VC:H/VI:N/VA:N/SC:H/SI:N/SA:N;CVSS:3.1/AV:A/AC:L/PR:N/UI:R/S:U/C:H/I:N/A:N;7.0;5.7;U;0.00094;Sooil Anydana-a - [Hardware] | Sooil Anydana-a firmware [Firmware] | Sooil Anydana-i - [Hardware] | Sooil Anydana-i firmware [Firmware] | Sooil Diabecare rs - [Hardware] | Sooil Diabecare rs firmware [Firmware];cpe:2.3:o:sooil:anydana-a_firmware:*:*:*:*:*:*:*:*, cpe:2.3:h:sooil:anydana-a:-:*:*:*:*:*:*:*, cpe:2.3:o:sooil:anydana-i_firmware:*:*:*:*:*:*:*:*, cpe:2.3:h:sooil:anydana-i:-:*:*:*:*:*:*:*, cpe:2.3:o:sooil:diabecare_rs_firmware:*:*:*:*:*:*:*:*, cpe:2.3:h:sooil:diabecare_rs:-:*:*:*:*:*:*:*;IIb;both;CVSS:4.0/AV:A/AC:L/AT:P/PR:N/UI:N/VC:H/VI:N/VA:N/SC:H/SI:N/SA:N/E:U/CR:L/IR:M/AR:M;CVSS:4.0/AV:A/AC:L/AT:P/PR:N/UI:N/VC:H/VI:N/VA:N/SC:H/SI:N/SA:N/E:U/CR:H/IR:H/AR:H;1.9;3.8;CVSS:4.0/AV:A/AC:L/AT:P/PR:N/UI:N/VC:H/VI:N/VA:N/SC:H/SI:N/SA:N/E:U;3.8
CVE-2020-27262;CVSS:4.0/AV:N/AC:L/AT:P/PR:L/UI:A/VC:L/VI:L/VA:N/SC:H/SI:N/SA:N;CVSS:3.1/AV:N/AC:L/PR:L/UI:R/S:C/C:L/I:L/A:N;4.3;5.4;U;0.00159;Innokasmedical Vital signs monitor vc150 - [Hardware] | Innokasmedical Vital signs monitor vc150 firmware [Firmware];cpe:2.3:o:innokasmedical:vital_signs_monitor_vc150_firmware:*:*:*:*:*:*:*:*, cpe:2.3:h:innokasmedical:vital_signs_monitor_vc150:-:*:*:*:*:*:*:*;IIb;hospital;CVSS:4.0/AV:N/AC:L/AT:P/PR:L/UI:A/VC:L/VI:L/VA:N/SC:H/SI:N/SA:N/E:U/CR:L/IR:M/AR:M;;0.9;N/A;CVSS:4.0/AV:N/AC:L/AT:P/PR:L/UI:A/VC:L/VI:L/VA:N/SC:H/SI:N/SA:N/E:U;0.9
CVE-2020-27260;CVSS:4.0/AV:P/AC:L/AT:P/PR:N/UI:N/VC:N/VI:H/VA:N/SC:N/SI:H/SA:N;CVSS:3.1/AV:P/AC:L/PR:N/UI:N/S:C/C:N/I:H/A:N;5.6;5.3;U;0.00109;Innokasmedical Vital signs monitor vc150 - [Hardware] | Innokasmedical Vital signs monitor vc150 firmware [Firmware];cpe:2.3:o:innokasmedical:vital_signs_monitor_vc150_firmware:*:*:*:*:*:*:*:*, cpe:2.3:h:innokasmedical:vital_signs_monitor_vc150:-:*:*:*:*:*:*:*;IIb;hospital;CVSS:4.0/AV:P/AC:L/AT:P/PR:N/UI:N/VC:N/VI:H/VA:N/SC:N/SI:H/SA:N/E:U/CR:L/IR:M/AR:M/MSI:S;;1.4;N/A;CVSS:4.0/AV:P/AC:L/AT:P/PR:N/UI:N/VC:N/VI:H/VA:N/SC:N/SI:H/SA:N/E:U;1.3
CVE-2020-16241;CVSS:4.0/AV:P/AC:L/AT:P/PR:L/UI:N/VC:N/VI:N/VA:L/SC:N/SI:N/SA:N;CVSS:3.1/AV:P/AC:L/PR:L/UI:N/S:U/C:N/I:N/A:L;1.0;2.1;U;0.00049;Philips Suresigns vs4 - [Hardware] | Philips Suresigns vs4 firmware [Firmware];cpe:2.3:o:philips:suresigns_vs4_firmware:*:*:*:*:*:*:*:*, cpe:2.3:h:philips:suresigns_vs4:-:*:*:*:*:*:*:*;IIa;hospital;CVSS:4.0/AV:P/AC:L/AT:P/PR:L/UI:N/VC:N/VI:N/VA:L/SC:N/SI:N/SA:N/E:U/CR:L/IR:M/AR:M;;0.1;N/A;CVSS:4.0/AV:P/AC:L/AT:P/PR:L/UI:N/VC:N/VI:N/VA:L/SC:N/SI:N/SA:N/E:U;0.1
CVE-2020-16239;CVSS:4.0/AV:N/AC:L/AT:N/PR:H/UI:N/VC:H/VI:N/VA:N/SC:N/SI:N/SA:N;CVSS:3.1/AV:N/AC:L/PR:H/UI:N/S:U/C:H/I:N/A:N;6.9;4.9;U;0.00178;Philips Suresigns vs4 - [Hardware] | Philips Suresigns vs4 firmware [Firmware];cpe:2.3:o:philips:suresigns_vs4_firmware:*:*:*:*:*:*:*:*, cpe:2.3:h:philips:suresigns_vs4:-:*:*:*:*:*:*:*;IIa;hospital;CVSS:4.0/AV:N/AC:L/AT:N/PR:H/UI:N/VC:H/VI:N/VA:N/SC:N/SI:N/SA:N/E:U/CR:L/IR:M/AR:M;;2.1;N/A;CVSS:4.0/AV:N/AC:L/AT:N/PR:H/UI:N/VC:H/VI:N/VA:N/SC:N/SI:N/SA:N/E:U;4.6
CVE-2019-3463;CVSS:4.0/AV:N/AC:L/AT:N/PR:N/UI:N/VC:H/VI:H/VA:H/SC:H/SI:H/SA:H;CVSS:3.1/AV:N/AC:L/PR:N/UI:N/S:U/C:H/I:H/A:H;10.0;9.8;U;0.08711;Canonical Ubuntu linux 14.04 ESM [Firmware] | Canonical Ubuntu linux 16.04 ESM [Firmware] | Canonical Ubuntu linux 18.04 LTS [Firmware] | Canonical Ubuntu linux 18.10 [Firmware] | Debian Debian linux 8.0 [Firmware] | Debian Debian linux 9.0 [Firmware] | Fedoraproject Fedora 29 [Firmware] | Fedoraproject Fedora 30 [Firmware] | Fedoraproject Fedora 31 [Firmware] | Pizzashack Rssh 2.3.4 [Application];cpe:2.3:a:pizzashack:rssh:2.3.4:*:*:*:*:*:*:*, cpe:2.3:o:debian:debian_linux:8.0:*:*:*:*:*:*:*, cpe:2.3:o:debian:debian_linux:9.0:*:*:*:*:*:*:*, cpe:2.3:o:fedoraproject:fedora:29:*:*:*:*:*:*:*, cpe:2.3:o:fedoraproject:fedora:30:*:*:*:*:*:*:*, cpe:2.3:o:fedoraproject:fedora:31:*:*:*:*:*:*:*, cpe:2.3:o:canonical:ubuntu_linux:14.04:*:*:*:esm:*:*:*, cpe:2.3:o:canonical:ubuntu_linux:16.04:*:*:*:esm:*:*:*, cpe:2.3:o:canonical:ubuntu_linux:18.04:*:*:*:lts:*:*:*, cpe:2.3:o:canonical:ubuntu_linux:18.10:*:*:*:*:*:*:*;I;hospital;CVSS:4.0/AV:N/AC:L/AT:N/PR:N/UI:N/VC:H/VI:H/VA:H/SC:H/SI:H/SA:H/E:U/CR:L/IR:M/AR:M;;8.0;N/A;CVSS:4.0/AV:N/AC:L/AT:N/PR:N/UI:N/VC:H/VI:H/VA:H/SC:H/SI:H/SA:H/E:U;9.1
CVE-2017-13079;CVSS:4.0/AV:A/AC:H/AT:P/PR:N/UI:N/VC:N/VI:H/VA:N/SC:H/SI:H/SA:H;CVSS:3.0/AV:A/AC:H/PR:N/UI:N/S:U/C:N/I:H/A:N;7.3;5.3;U;0.00535;Canonical Ubuntu linux 14.04 LTS [Firmware] | Canonical Ubuntu linux 16.04 LTS [Firmware] | Canonical Ubuntu linux 17.04 [Firmware] | Debian Debian linux 8.0 [Firmware] | Debian Debian linux 9.0 [Firmware] | Freebsd Freebsd 10 [Firmware] | Freebsd Freebsd 10.4 [Firmware] | Freebsd Freebsd 11 [Firmware] | Freebsd Freebsd 11.1 [Firmware] | Freebsd Freebsd [Firmware] | Opensuse Leap 42.2 [Firmware] | Opensuse Leap 42.3 [Firmware] | Redhat Enterprise linux desktop 7 [Firmware] | Redhat Enterprise linux server 7 [Firmware] | Suse Linux enterprise desktop 12 [Firmware] | Suse Linux enterprise point of sale 11 [Firmware] | Suse Linux enterprise server 11 [Firmware] | Suse Linux enterprise server 12 LTSS [Firmware] | Suse Openstack cloud 6 [Firmware] | W1.fi Hostapd 0.2.4 [Application] | W1.fi Hostapd 0.2.5 [Application] | W1.fi Hostapd 0.2.6 [Application] | W1.fi Hostapd 0.2.8 [Application] | W1.fi Hostapd 0.3.10 [Application] | W1.fi Hostapd 0.3.11 [Application] | W1.fi Hostapd 0.3.7 [Application] | W1.fi Hostapd 0.3.9 [Application] | W1.fi Hostapd 0.4.10 [Application] | W1.fi Hostapd 0.4.11 [Application] | W1.fi Hostapd 0.4.7 [Application] | W1.fi Hostapd 0.4.8 [Application] | W1.fi Hostapd 0.4.9 [Application] | W1.fi Hostapd 0.5.10 [Application] | W1.fi Hostapd 0.5.11 [Application] | W1.fi Hostapd 0.5.7 [Application] | W1.fi Hostapd 0.5.8 [Application] | W1.fi Hostapd 0.5.9 [Application] | W1.fi Hostapd 0.6.10 [Application] | W1.fi Hostapd 0.6.8 [Application] | W1.fi Hostapd 0.6.9 [Application] | W1.fi Hostapd 0.7.3 [Application] | W1.fi Hostapd 1.0 [Application] | W1.fi Hostapd 1.1 [Application] | W1.fi Hostapd 2.0 [Application] | W1.fi Hostapd 2.1 [Application] | W1.fi Hostapd 2.2 [Application] | W1.fi Hostapd 2.3 [Application] | W1.fi Hostapd 2.4 [Application] | W1.fi Hostapd 2.5 [Application] | W1.fi Hostapd 2.6 [Application] | W1.fi Wpa supplicant 0.2.4 [Application] | W1.fi Wpa supplicant 0.2.5 [Application] | W1.fi Wpa supplicant 0.2.6 [Application] | W1.fi Wpa supplicant 0.2.7 [Application] | W1.fi Wpa supplicant 0.2.8 [Application] | W1.fi Wpa supplicant 0.3.10 [Application] | W1.fi Wpa supplicant 0.3.11 [Application] | W1.fi Wpa supplicant 0.3.7 [Application] | W1.fi Wpa supplicant 0.3.8 [Application] | W1.fi Wpa supplicant 0.3.9 [Application] | W1.fi Wpa supplicant 0.4.10 [Application] | W1.fi Wpa supplicant 0.4.11 [Application] | W1.fi Wpa supplicant 0.4.7 [Application] | W1.fi Wpa supplicant 0.4.8 [Application] | W1.fi Wpa supplicant 0.4.9 [Application] | W1.fi Wpa supplicant 0.5.10 [Application] | W1.fi Wpa supplicant 0.5.11 [Application] | W1.fi Wpa supplicant 0.5.7 [Application] | W1.fi Wpa supplicant 0.5.8 [Application] | W1.fi Wpa supplicant 0.5.9 [Application] | W1.fi Wpa supplicant 0.6.10 [Application] | W1.fi Wpa supplicant 0.6.8 [Application] | W1.fi Wpa supplicant 0.6.9 [Application] | W1.fi Wpa supplicant 0.7.3 [Application] | W1.fi Wpa supplicant 1.0 [Application] | W1.fi Wpa supplicant 1.1 [Application] | W1.fi Wpa supplicant 2.0 [Application] | W1.fi Wpa supplicant 2.1 [Application] | W1.fi Wpa supplicant 2.2 [Application] | W1.fi Wpa supplicant 2.3 [Application] | W1.fi Wpa supplicant 2.4 [Application] | W1.fi Wpa supplicant 2.5 [Application] | W1.fi Wpa supplicant 2.6 [Application];cpe:2.3:o:canonical:ubuntu_linux:14.04:*:*:*:lts:*:*:*, cpe:2.3:o:canonical:ubuntu_linux:16.04:*:*:*:lts:*:*:*, cpe:2.3:o:canonical:ubuntu_linux:17.04:*:*:*:*:*:*:*, cpe:2.3:o:debian:debian_linux:8.0:*:*:*:*:*:*:*, cpe:2.3:o:debian:debian_linux:9.0:*:*:*:*:*:*:*, cpe:2.3:o:freebsd:freebsd:*:*:*:*:*:*:*:*, cpe:2.3:o:freebsd:freebsd:10:*:*:*:*:*:*:*, cpe:2.3:o:freebsd:freebsd:10.4:*:*:*:*:*:*:*, cpe:2.3:o:freebsd:freebsd:11:*:*:*:*:*:*:*, cpe:2.3:o:freebsd:freebsd:11.1:*:*:*:*:*:*:*, cpe:2.3:o:opensuse:leap:42.2:*:*:*:*:*:*:*, cpe:2.3:o:opensuse:leap:42.3:*:*:*:*:*:*:*, cpe:2.3:o:redhat:enterprise_linux_desktop:7:*:*:*:*:*:*:*, cpe:2.3:o:redhat:enterprise_linux_server:7:*:*:*:*:*:*:*, cpe:2.3:a:w1.fi:hostapd:0.2.4:*:*:*:*:*:*:*, cpe:2.3:a:w1.fi:hostapd:0.2.5:*:*:*:*:*:*:*, cpe:2.3:a:w1.fi:hostapd:0.2.6:*:*:*:*:*:*:*, cpe:2.3:a:w1.fi:hostapd:0.2.8:*:*:*:*:*:*:*, cpe:2.3:a:w1.fi:hostapd:0.3.7:*:*:*:*:*:*:*, cpe:2.3:a:w1.fi:hostapd:0.3.9:*:*:*:*:*:*:*, cpe:2.3:a:w1.fi:hostapd:0.3.10:*:*:*:*:*:*:*, cpe:2.3:a:w1.fi:hostapd:0.3.11:*:*:*:*:*:*:*, cpe:2.3:a:w1.fi:hostapd:0.4.7:*:*:*:*:*:*:*, cpe:2.3:a:w1.fi:hostapd:0.4.8:*:*:*:*:*:*:*, cpe:2.3:a:w1.fi:hostapd:0.4.9:*:*:*:*:*:*:*, cpe:2.3:a:w1.fi:hostapd:0.4.10:*:*:*:*:*:*:*, cpe:2.3:a:w1.fi:hostapd:0.4.11:*:*:*:*:*:*:*, cpe:2.3:a:w1.fi:hostapd:0.5.7:*:*:*:*:*:*:*, cpe:2.3:a:w1.fi:hostapd:0.5.8:*:*:*:*:*:*:*, cpe:2.3:a:w1.fi:hostapd:0.5.9:*:*:*:*:*:*:*, cpe:2.3:a:w1.fi:hostapd:0.5.10:*:*:*:*:*:*:*, cpe:2.3:a:w1.fi:hostapd:0.5.11:*:*:*:*:*:*:*, cpe:2.3:a:w1.fi:hostapd:0.6.8:*:*:*:*:*:*:*, cpe:2.3:a:w1.fi:hostapd:0.6.9:*:*:*:*:*:*:*, cpe:2.3:a:w1.fi:hostapd:0.6.10:*:*:*:*:*:*:*, cpe:2.3:a:w1.fi:hostapd:0.7.3:*:*:*:*:*:*:*, cpe:2.3:a:w1.fi:hostapd:1.0:*:*:*:*:*:*:*, cpe:2.3:a:w1.fi:hostapd:1.1:*:*:*:*:*:*:*, cpe:2.3:a:w1.fi:hostapd:2.0:*:*:*:*:*:*:*, cpe:2.3:a:w1.fi:hostapd:2.1:*:*:*:*:*:*:*, cpe:2.3:a:w1.fi:hostapd:2.2:*:*:*:*:*:*:*, cpe:2.3:a:w1.fi:hostapd:2.3:*:*:*:*:*:*:*, cpe:2.3:a:w1.fi:hostapd:2.4:*:*:*:*:*:*:*, cpe:2.3:a:w1.fi:hostapd:2.5:*:*:*:*:*:*:*, cpe:2.3:a:w1.fi:hostapd:2.6:*:*:*:*:*:*:*, cpe:2.3:a:w1.fi:wpa_supplicant:0.2.4:*:*:*:*:*:*:*, cpe:2.3:a:w1.fi:wpa_supplicant:0.2.5:*:*:*:*:*:*:*, cpe:2.3:a:w1.fi:wpa_supplicant:0.2.6:*:*:*:*:*:*:*, cpe:2.3:a:w1.fi:wpa_supplicant:0.2.7:*:*:*:*:*:*:*, cpe:2.3:a:w1.fi:wpa_supplicant:0.2.8:*:*:*:*:*:*:*, cpe:2.3:a:w1.fi:wpa_supplicant:0.3.7:*:*:*:*:*:*:*, cpe:2.3:a:w1.fi:wpa_supplicant:0.3.8:*:*:*:*:*:*:*, cpe:2.3:a:w1.fi:wpa_supplicant:0.3.9:*:*:*:*:*:*:*, cpe:2.3:a:w1.fi:wpa_supplicant:0.3.10:*:*:*:*:*:*:*, cpe:2.3:a:w1.fi:wpa_supplicant:0.3.11:*:*:*:*:*:*:*, cpe:2.3:a:w1.fi:wpa_supplicant:0.4.7:*:*:*:*:*:*:*, cpe:2.3:a:w1.fi:wpa_supplicant:0.4.8:*:*:*:*:*:*:*, cpe:2.3:a:w1.fi:wpa_supplicant:0.4.9:*:*:*:*:*:*:*, cpe:2.3:a:w1.fi:wpa_supplicant:0.4.10:*:*:*:*:*:*:*, cpe:2.3:a:w1.fi:wpa_supplicant:0.4.11:*:*:*:*:*:*:*, cpe:2.3:a:w1.fi:wpa_supplicant:0.5.7:*:*:*:*:*:*:*, cpe:2.3:a:w1.fi:wpa_supplicant:0.5.8:*:*:*:*:*:*:*, cpe:2.3:a:w1.fi:wpa_supplicant:0.5.9:*:*:*:*:*:*:*, cpe:2.3:a:w1.fi:wpa_supplicant:0.5.10:*:*:*:*:*:*:*, cpe:2.3:a:w1.fi:wpa_supplicant:0.5.11:*:*:*:*:*:*:*, cpe:2.3:a:w1.fi:wpa_supplicant:0.6.8:*:*:*:*:*:*:*, cpe:2.3:a:w1.fi:wpa_supplicant:0.6.9:*:*:*:*:*:*:*, cpe:2.3:a:w1.fi:wpa_supplicant:0.6.10:*:*:*:*:*:*:*, cpe:2.3:a:w1.fi:wpa_supplicant:0.7.3:*:*:*:*:*:*:*, cpe:2.3:a:w1.fi:wpa_supplicant:1.0:*:*:*:*:*:*:*, cpe:2.3:a:w1.fi:wpa_supplicant:1.1:*:*:*:*:*:*:*, cpe:2.3:a:w1.fi:wpa_supplicant:2.0:*:*:*:*:*:*:*, cpe:2.3:a:w1.fi:wpa_supplicant:2.1:*:*:*:*:*:*:*, cpe:2.3:a:w1.fi:wpa_supplicant:2.2:*:*:*:*:*:*:*, cpe:2.3:a:w1.fi:wpa_supplicant:2.3:*:*:*:*:*:*:*, cpe:2.3:a:w1.fi:wpa_supplicant:2.4:*:*:*:*:*:*:*, cpe:2.3:a:w1.fi:wpa_supplicant:2.5:*:*:*:*:*:*:*, cpe:2.3:a:w1.fi:wpa_supplicant:2.6:*:*:*:*:*:*:*, cpe:2.3:o:suse:linux_enterprise_desktop:12:sp2:*:*:*:*:*:*, cpe:2.3:o:suse:linux_enterprise_desktop:12:sp3:*:*:*:*:*:*, cpe:2.3:o:suse:linux_enterprise_point_of_sale:11:sp3:*:*:*:*:*:*, cpe:2.3:o:suse:linux_enterprise_server:11:sp3:*:*:*:ltss:*:*, cpe:2.3:o:suse:linux_enterprise_server:11:sp4:*:*:*:*:*:*, cpe:2.3:o:suse:linux_enterprise_server:12:*:*:*:ltss:*:*:*, cpe:2.3:o:suse:openstack_cloud:6:*:*:*:*:*:*:*;I;both;CVSS:4.0/AV:A/AC:H/AT:P/PR:N/UI:N/VC:N/VI:H/VA:N/SC:H/SI:H/SA:H/E:U/CR:L/IR:M/AR:M;CVSS:4.0/AV:A/AC:H/AT:P/PR:N/UI:N/VC:N/VI:H/VA:N/SC:H/SI:H/SA:H/E:U/CR:H/IR:H/AR:H;2.1;4.4;CVSS:4.0/AV:A/AC:H/AT:P/PR:N/UI:N/VC:N/VI:H/VA:N/SC:H/SI:H/SA:H/E:U;4.4
CVE-2017-13087;CVSS:4.0/AV:A/AC:H/AT:P/PR:N/UI:N/VC:N/VI:H/VA:N/SC:N/SI:H/SA:N;CVSS:3.0/AV:A/AC:H/PR:N/UI:N/S:U/C:N/I:H/A:N;7.0;5.3;U;0.00429;Canonical Ubuntu linux 14.04 LTS [Firmware] | Canonical Ubuntu linux 16.04 LTS [Firmware] | Canonical Ubuntu linux 17.04 [Firmware] | Debian Debian linux 8.0 [Firmware] | Debian Debian linux 9.0 [Firmware] | Freebsd Freebsd 10 [Firmware] | Freebsd Freebsd 10.4 [Firmware] | Freebsd Freebsd 11 [Firmware] | Freebsd Freebsd 11.1 [Firmware] | Freebsd Freebsd [Firmware] | Opensuse Leap 42.2 [Firmware] | Opensuse Leap 42.3 [Firmware] | Redhat Enterprise linux desktop 7 [Firmware] | Redhat Enterprise linux server 7 [Firmware] | Suse Linux enterprise desktop 12 [Firmware] | Suse Linux enterprise point of sale 11 [Firmware] | Suse Linux enterprise server 11 [Firmware] | Suse Linux enterprise server 12 LTSS [Firmware] | Suse Openstack cloud 6 [Firmware] | W1.fi Hostapd 0.2.4 [Application] | W1.fi Hostapd 0.2.5 [Application] | W1.fi Hostapd 0.2.6 [Application] | W1.fi Hostapd 0.2.8 [Application] | W1.fi Hostapd 0.3.10 [Application] | W1.fi Hostapd 0.3.11 [Application] | W1.fi Hostapd 0.3.7 [Application] | W1.fi Hostapd 0.3.9 [Application] | W1.fi Hostapd 0.4.10 [Application] | W1.fi Hostapd 0.4.11 [Application] | W1.fi Hostapd 0.4.7 [Application] | W1.fi Hostapd 0.4.8 [Application] | W1.fi Hostapd 0.4.9 [Application] | W1.fi Hostapd 0.5.10 [Application] | W1.fi Hostapd 0.5.11 [Application] | W1.fi Hostapd 0.5.7 [Application] | W1.fi Hostapd 0.5.8 [Application] | W1.fi Hostapd 0.5.9 [Application] | W1.fi Hostapd 0.6.10 [Application] | W1.fi Hostapd 0.6.8 [Application] | W1.fi Hostapd 0.6.9 [Application] | W1.fi Hostapd 0.7.3 [Application] | W1.fi Hostapd 1.0 [Application] | W1.fi Hostapd 1.1 [Application] | W1.fi Hostapd 2.0 [Application] | W1.fi Hostapd 2.1 [Application] | W1.fi Hostapd 2.2 [Application] | W1.fi Hostapd 2.3 [Application] | W1.fi Hostapd 2.4 [Application] | W1.fi Hostapd 2.5 [Application] | W1.fi Hostapd 2.6 [Application] | W1.fi Wpa supplicant 0.2.4 [Application] | W1.fi Wpa supplicant 0.2.5 [Application] | W1.fi Wpa supplicant 0.2.6 [Application] | W1.fi Wpa supplicant 0.2.7 [Application] | W1.fi Wpa supplicant 0.2.8 [Application] | W1.fi Wpa supplicant 0.3.10 [Application] | W1.fi Wpa supplicant 0.3.11 [Application] | W1.fi Wpa supplicant 0.3.7 [Application] | W1.fi Wpa supplicant 0.3.8 [Application] | W1.fi Wpa supplicant 0.3.9 [Application] | W1.fi Wpa supplicant 0.4.10 [Application] | W1.fi Wpa supplicant 0.4.11 [Application] | W1.fi Wpa supplicant 0.4.7 [Application] | W1.fi Wpa supplicant 0.4.8 [Application] | W1.fi Wpa supplicant 0.4.9 [Application] | W1.fi Wpa supplicant 0.5.10 [Application] | W1.fi Wpa supplicant 0.5.11 [Application] | W1.fi Wpa supplicant 0.5.7 [Application] | W1.fi Wpa supplicant 0.5.8 [Application] | W1.fi Wpa supplicant 0.5.9 [Application] | W1.fi Wpa supplicant 0.6.10 [Application] | W1.fi Wpa supplicant 0.6.8 [Application] | W1.fi Wpa supplicant 0.6.9 [Application] | W1.fi Wpa supplicant 0.7.3 [Application] | W1.fi Wpa supplicant 1.0 [Application] | W1.fi Wpa supplicant 1.1 [Application] | W1.fi Wpa supplicant 2.0 [Application] | W1.fi Wpa supplicant 2.1 [Application] | W1.fi Wpa supplicant 2.2 [Application] | W1.fi Wpa supplicant 2.3 [Application] | W1.fi Wpa supplicant 2.4 [Application] | W1.fi Wpa supplicant 2.5 [Application] | W1.fi Wpa supplicant 2.6 [Application];cpe:2.3:o:canonical:ubuntu_linux:14.04:*:*:*:lts:*:*:*, cpe:2.3:o:canonical:ubuntu_linux:16.04:*:*:*:lts:*:*:*, cpe:2.3:o:canonical:ubuntu_linux:17.04:*:*:*:*:*:*:*, cpe:2.3:o:debian:debian_linux:8.0:*:*:*:*:*:*:*, cpe:2.3:o:debian:debian_linux:9.0:*:*:*:*:*:*:*, cpe:2.3:o:freebsd:freebsd:*:*:*:*:*:*:*:*, cpe:2.3:o:freebsd:freebsd:10:*:*:*:*:*:*:*, cpe:2.3:o:freebsd:freebsd:10.4:*:*:*:*:*:*:*, cpe:2.3:o:freebsd:freebsd:11:*:*:*:*:*:*:*, cpe:2.3:o:freebsd:freebsd:11.1:*:*:*:*:*:*:*, cpe:2.3:o:opensuse:leap:42.2:*:*:*:*:*:*:*, cpe:2.3:o:opensuse:leap:42.3:*:*:*:*:*:*:*, cpe:2.3:o:redhat:enterprise_linux_desktop:7:*:*:*:*:*:*:*, cpe:2.3:o:redhat:enterprise_linux_server:7:*:*:*:*:*:*:*, cpe:2.3:a:w1.fi:hostapd:0.2.4:*:*:*:*:*:*:*, cpe:2.3:a:w1.fi:hostapd:0.2.5:*:*:*:*:*:*:*, cpe:2.3:a:w1.fi:hostapd:0.2.6:*:*:*:*:*:*:*, cpe:2.3:a:w1.fi:hostapd:0.2.8:*:*:*:*:*:*:*, cpe:2.3:a:w1.fi:hostapd:0.3.7:*:*:*:*:*:*:*, cpe:2.3:a:w1.fi:hostapd:0.3.9:*:*:*:*:*:*:*, cpe:2.3:a:w1.fi:hostapd:0.3.10:*:*:*:*:*:*:*, cpe:2.3:a:w1.fi:hostapd:0.3.11:*:*:*:*:*:*:*, cpe:2.3:a:w1.fi:hostapd:0.4.7:*:*:*:*:*:*:*, cpe:2.3:a:w1.fi:hostapd:0.4.8:*:*:*:*:*:*:*, cpe:2.3:a:w1.fi:hostapd:0.4.9:*:*:*:*:*:*:*, cpe:2.3:a:w1.fi:hostapd:0.4.10:*:*:*:*:*:*:*, cpe:2.3:a:w1.fi:hostapd:0.4.11:*:*:*:*:*:*:*, cpe:2.3:a:w1.fi:hostapd:0.5.7:*:*:*:*:*:*:*, cpe:2.3:a:w1.fi:hostapd:0.5.8:*:*:*:*:*:*:*, cpe:2.3:a:w1.fi:hostapd:0.5.9:*:*:*:*:*:*:*, cpe:2.3:a:w1.fi:hostapd:0.5.10:*:*:*:*:*:*:*, cpe:2.3:a:w1.fi:hostapd:0.5.11:*:*:*:*:*:*:*, cpe:2.3:a:w1.fi:hostapd:0.6.8:*:*:*:*:*:*:*, cpe:2.3:a:w1.fi:hostapd:0.6.9:*:*:*:*:*:*:*, cpe:2.3:a:w1.fi:hostapd:0.6.10:*:*:*:*:*:*:*, cpe:2.3:a:w1.fi:hostapd:0.7.3:*:*:*:*:*:*:*, cpe:2.3:a:w1.fi:hostapd:1.0:*:*:*:*:*:*:*, cpe:2.3:a:w1.fi:hostapd:1.1:*:*:*:*:*:*:*, cpe:2.3:a:w1.fi:hostapd:2.0:*:*:*:*:*:*:*, cpe:2.3:a:w1.fi:hostapd:2.1:*:*:*:*:*:*:*, cpe:2.3:a:w1.fi:hostapd:2.2:*:*:*:*:*:*:*, cpe:2.3:a:w1.fi:hostapd:2.3:*:*:*:*:*:*:*, cpe:2.3:a:w1.fi:hostapd:2.4:*:*:*:*:*:*:*, cpe:2.3:a:w1.fi:hostapd:2.5:*:*:*:*:*:*:*, cpe:2.3:a:w1.fi:hostapd:2.6:*:*:*:*:*:*:*, cpe:2.3:a:w1.fi:wpa_supplicant:0.2.4:*:*:*:*:*:*:*, cpe:2.3:a:w1.fi:wpa_supplicant:0.2.5:*:*:*:*:*:*:*, cpe:2.3:a:w1.fi:wpa_supplicant:0.2.6:*:*:*:*:*:*:*, cpe:2.3:a:w1.fi:wpa_supplicant:0.2.7:*:*:*:*:*:*:*, cpe:2.3:a:w1.fi:wpa_supplicant:0.2.8:*:*:*:*:*:*:*, cpe:2.3:a:w1.fi:wpa_supplicant:0.3.7:*:*:*:*:*:*:*, cpe:2.3:a:w1.fi:wpa_supplicant:0.3.8:*:*:*:*:*:*:*, cpe:2.3:a:w1.fi:wpa_supplicant:0.3.9:*:*:*:*:*:*:*, cpe:2.3:a:w1.fi:wpa_supplicant:0.3.10:*:*:*:*:*:*:*, cpe:2.3:a:w1.fi:wpa_supplicant:0.3.11:*:*:*:*:*:*:*, cpe:2.3:a:w1.fi:wpa_supplicant:0.4.7:*:*:*:*:*:*:*, cpe:2.3:a:w1.fi:wpa_supplicant:0.4.8:*:*:*:*:*:*:*, cpe:2.3:a:w1.fi:wpa_supplicant:0.4.9:*:*:*:*:*:*:*, cpe:2.3:a:w1.fi:wpa_supplicant:0.4.10:*:*:*:*:*:*:*, cpe:2.3:a:w1.fi:wpa_supplicant:0.4.11:*:*:*:*:*:*:*, cpe:2.3:a:w1.fi:wpa_supplicant:0.5.7:*:*:*:*:*:*:*, cpe:2.3:a:w1.fi:wpa_supplicant:0.5.8:*:*:*:*:*:*:*, cpe:2.3:a:w1.fi:wpa_supplicant:0.5.9:*:*:*:*:*:*:*, cpe:2.3:a:w1.fi:wpa_supplicant:0.5.10:*:*:*:*:*:*:*, cpe:2.3:a:w1.fi:wpa_supplicant:0.5.11:*:*:*:*:*:*:*, cpe:2.3:a:w1.fi:wpa_supplicant:0.6.8:*:*:*:*:*:*:*, cpe:2.3:a:w1.fi:wpa_supplicant:0.6.9:*:*:*:*:*:*:*, cpe:2.3:a:w1.fi:wpa_supplicant:0.6.10:*:*:*:*:*:*:*, cpe:2.3:a:w1.fi:wpa_supplicant:0.7.3:*:*:*:*:*:*:*, cpe:2.3:a:w1.fi:wpa_supplicant:1.0:*:*:*:*:*:*:*, cpe:2.3:a:w1.fi:wpa_supplicant:1.1:*:*:*:*:*:*:*, cpe:2.3:a:w1.fi:wpa_supplicant:2.0:*:*:*:*:*:*:*, cpe:2.3:a:w1.fi:wpa_supplicant:2.1:*:*:*:*:*:*:*, cpe:2.3:a:w1.fi:wpa_supplicant:2.2:*:*:*:*:*:*:*, cpe:2.3:a:w1.fi:wpa_supplicant:2.3:*:*:*:*:*:*:*, cpe:2.3:a:w1.fi:wpa_supplicant:2.4:*:*:*:*:*:*:*, cpe:2.3:a:w1.fi:wpa_supplicant:2.5:*:*:*:*:*:*:*, cpe:2.3:a:w1.fi:wpa_supplicant:2.6:*:*:*:*:*:*:*, cpe:2.3:o:suse:linux_enterprise_desktop:12:sp2:*:*:*:*:*:*, cpe:2.3:o:suse:linux_enterprise_desktop:12:sp3:*:*:*:*:*:*, cpe:2.3:o:suse:linux_enterprise_point_of_sale:11:sp3:*:*:*:*:*:*, cpe:2.3:o:suse:linux_enterprise_server:11:sp3:*:*:*:ltss:*:*, cpe:2.3:o:suse:linux_enterprise_server:11:sp4:*:*:*:*:*:*, cpe:2.3:o:suse:linux_enterprise_server:12:*:*:*:ltss:*:*:*, cpe:2.3:o:suse:openstack_cloud:6:*:*:*:*:*:*:*;I;both;CVSS:4.0/AV:A/AC:H/AT:P/PR:N/UI:N/VC:N/VI:H/VA:N/SC:N/SI:H/SA:N/E:U/CR:L/IR:M/AR:M;CVSS:4.0/AV:A/AC:H/AT:P/PR:N/UI:N/VC:N/VI:H/VA:N/SC:N/SI:H/SA:N/E:U/CR:H/IR:H/AR:H;1.9;3.8;CVSS:4.0/AV:A/AC:H/AT:P/PR:N/UI:N/VC:N/VI:H/VA:N/SC:N/SI:H/SA:N/E:U;3.8
CVE-2017-13086;CVSS:4.0/AV:A/AC:H/AT:N/PR:N/UI:N/VC:H/VI:H/VA:N/SC:H/SI:H/SA:N;CVSS:3.0/AV:A/AC:H/PR:N/UI:N/S:U/C:H/I:H/A:N;8.8;6.8;U;0.00616;Canonical Ubuntu linux 14.04 LTS [Firmware] | Canonical Ubuntu linux 16.04 LTS [Firmware] | Canonical Ubuntu linux 17.04 [Firmware] | Debian Debian linux 8.0 [Firmware] | Debian Debian linux 9.0 [Firmware] | Freebsd Freebsd 10 [Firmware] | Freebsd Freebsd 10.4 [Firmware] | Freebsd Freebsd 11 [Firmware] | Freebsd Freebsd 11.1 [Firmware] | Freebsd Freebsd [Firmware] | Opensuse Leap 42.2 [Firmware] | Opensuse Leap 42.3 [Firmware] | Redhat Enterprise linux desktop 7 [Firmware] | Redhat Enterprise linux server 7 [Firmware] | Suse Linux enterprise desktop 12 [Firmware] | Suse Linux enterprise point of sale 11 [Firmware] | Suse Linux enterprise server 11 [Firmware] | Suse Linux enterprise server 12 LTSS [Firmware] | Suse Openstack cloud 6 [Firmware] | W1.fi Hostapd 0.2.4 [Application] | W1.fi Hostapd 0.2.5 [Application] | W1.fi Hostapd 0.2.6 [Application] | W1.fi Hostapd 0.2.8 [Application] | W1.fi Hostapd 0.3.10 [Application] | W1.fi Hostapd 0.3.11 [Application] | W1.fi Hostapd 0.3.7 [Application] | W1.fi Hostapd 0.3.9 [Application] | W1.fi Hostapd 0.4.10 [Application] | W1.fi Hostapd 0.4.11 [Application] | W1.fi Hostapd 0.4.7 [Application] | W1.fi Hostapd 0.4.8 [Application] | W1.fi Hostapd 0.4.9 [Application] | W1.fi Hostapd 0.5.10 [Application] | W1.fi Hostapd 0.5.11 [Application] | W1.fi Hostapd 0.5.7 [Application] | W1.fi Hostapd 0.5.8 [Application] | W1.fi Hostapd 0.5.9 [Application] | W1.fi Hostapd 0.6.10 [Application] | W1.fi Hostapd 0.6.8 [Application] | W1.fi Hostapd 0.6.9 [Application] | W1.fi Hostapd 0.7.3 [Application] | W1.fi Hostapd 1.0 [Application] | W1.fi Hostapd 1.1 [Application] | W1.fi Hostapd 2.0 [Application] | W1.fi Hostapd 2.1 [Application] | W1.fi Hostapd 2.2 [Application] | W1.fi Hostapd 2.3 [Application] | W1.fi Hostapd 2.4 [Application] | W1.fi Hostapd 2.5 [Application] | W1.fi Hostapd 2.6 [Application] | W1.fi Wpa supplicant 0.2.4 [Application] | W1.fi Wpa supplicant 0.2.5 [Application] | W1.fi Wpa supplicant 0.2.6 [Application] | W1.fi Wpa supplicant 0.2.7 [Application] | W1.fi Wpa supplicant 0.2.8 [Application] | W1.fi Wpa supplicant 0.3.10 [Application] | W1.fi Wpa supplicant 0.3.11 [Application] | W1.fi Wpa supplicant 0.3.7 [Application] | W1.fi Wpa supplicant 0.3.8 [Application] | W1.fi Wpa supplicant 0.3.9 [Application] | W1.fi Wpa supplicant 0.4.10 [Application] | W1.fi Wpa supplicant 0.4.11 [Application] | W1.fi Wpa supplicant 0.4.7 [Application] | W1.fi Wpa supplicant 0.4.8 [Application] | W1.fi Wpa supplicant 0.4.9 [Application] | W1.fi Wpa supplicant 0.5.10 [Application] | W1.fi Wpa supplicant 0.5.11 [Application] | W1.fi Wpa supplicant 0.5.7 [Application] | W1.fi Wpa supplicant 0.5.8 [Application] | W1.fi Wpa supplicant 0.5.9 [Application] | W1.fi Wpa supplicant 0.6.10 [Application] | W1.fi Wpa supplicant 0.6.8 [Application] | W1.fi Wpa supplicant 0.6.9 [Application] | W1.fi Wpa supplicant 0.7.3 [Application] | W1.fi Wpa supplicant 1.0 [Application] | W1.fi Wpa supplicant 1.1 [Application] | W1.fi Wpa supplicant 2.0 [Application] | W1.fi Wpa supplicant 2.1 [Application] | W1.fi Wpa supplicant 2.2 [Application] | W1.fi Wpa supplicant 2.3 [Application] | W1.fi Wpa supplicant 2.4 [Application] | W1.fi Wpa supplicant 2.5 [Application] | W1.fi Wpa supplicant 2.6 [Application];cpe:2.3:o:canonical:ubuntu_linux:14.04:*:*:*:lts:*:*:*, cpe:2.3:o:canonical:ubuntu_linux:16.04:*:*:*:lts:*:*:*, cpe:2.3:o:canonical:ubuntu_linux:17.04:*:*:*:*:*:*:*, cpe:2.3:o:debian:debian_linux:8.0:*:*:*:*:*:*:*, cpe:2.3:o:debian:debian_linux:9.0:*:*:*:*:*:*:*, cpe:2.3:o:freebsd:freebsd:*:*:*:*:*:*:*:*, cpe:2.3:o:freebsd:freebsd:10:*:*:*:*:*:*:*, cpe:2.3:o:freebsd:freebsd:10.4:*:*:*:*:*:*:*, cpe:2.3:o:freebsd:freebsd:11:*:*:*:*:*:*:*, cpe:2.3:o:freebsd:freebsd:11.1:*:*:*:*:*:*:*, cpe:2.3:o:opensuse:leap:42.2:*:*:*:*:*:*:*, cpe:2.3:o:opensuse:leap:42.3:*:*:*:*:*:*:*, cpe:2.3:o:redhat:enterprise_linux_desktop:7:*:*:*:*:*:*:*, cpe:2.3:o:redhat:enterprise_linux_server:7:*:*:*:*:*:*:*, cpe:2.3:a:w1.fi:hostapd:0.2.4:*:*:*:*:*:*:*, cpe:2.3:a:w1.fi:hostapd:0.2.5:*:*:*:*:*:*:*, cpe:2.3:a:w1.fi:hostapd:0.2.6:*:*:*:*:*:*:*, cpe:2.3:a:w1.fi:hostapd:0.2.8:*:*:*:*:*:*:*, cpe:2.3:a:w1.fi:hostapd:0.3.7:*:*:*:*:*:*:*, cpe:2.3:a:w1.fi:hostapd:0.3.9:*:*:*:*:*:*:*, cpe:2.3:a:w1.fi:hostapd:0.3.10:*:*:*:*:*:*:*, cpe:2.3:a:w1.fi:hostapd:0.3.11:*:*:*:*:*:*:*, cpe:2.3:a:w1.fi:hostapd:0.4.7:*:*:*:*:*:*:*, cpe:2.3:a:w1.fi:hostapd:0.4.8:*:*:*:*:*:*:*, cpe:2.3:a:w1.fi:hostapd:0.4.9:*:*:*:*:*:*:*, cpe:2.3:a:w1.fi:hostapd:0.4.10:*:*:*:*:*:*:*, cpe:2.3:a:w1.fi:hostapd:0.4.11:*:*:*:*:*:*:*, cpe:2.3:a:w1.fi:hostapd:0.5.7:*:*:*:*:*:*:*, cpe:2.3:a:w1.fi:hostapd:0.5.8:*:*:*:*:*:*:*, cpe:2.3:a:w1.fi:hostapd:0.5.9:*:*:*:*:*:*:*, cpe:2.3:a:w1.fi:hostapd:0.5.10:*:*:*:*:*:*:*, cpe:2.3:a:w1.fi:hostapd:0.5.11:*:*:*:*:*:*:*, cpe:2.3:a:w1.fi:hostapd:0.6.8:*:*:*:*:*:*:*, cpe:2.3:a:w1.fi:hostapd:0.6.9:*:*:*:*:*:*:*, cpe:2.3:a:w1.fi:hostapd:0.6.10:*:*:*:*:*:*:*, cpe:2.3:a:w1.fi:hostapd:0.7.3:*:*:*:*:*:*:*, cpe:2.3:a:w1.fi:hostapd:1.0:*:*:*:*:*:*:*, cpe:2.3:a:w1.fi:hostapd:1.1:*:*:*:*:*:*:*, cpe:2.3:a:w1.fi:hostapd:2.0:*:*:*:*:*:*:*, cpe:2.3:a:w1.fi:hostapd:2.1:*:*:*:*:*:*:*, cpe:2.3:a:w1.fi:hostapd:2.2:*:*:*:*:*:*:*, cpe:2.3:a:w1.fi:hostapd:2.3:*:*:*:*:*:*:*, cpe:2.3:a:w1.fi:hostapd:2.4:*:*:*:*:*:*:*, cpe:2.3:a:w1.fi:hostapd:2.5:*:*:*:*:*:*:*, cpe:2.3:a:w1.fi:hostapd:2.6:*:*:*:*:*:*:*, cpe:2.3:a:w1.fi:wpa_supplicant:0.2.4:*:*:*:*:*:*:*, cpe:2.3:a:w1.fi:wpa_supplicant:0.2.5:*:*:*:*:*:*:*, cpe:2.3:a:w1.fi:wpa_supplicant:0.2.6:*:*:*:*:*:*:*, cpe:2.3:a:w1.fi:wpa_supplicant:0.2.7:*:*:*:*:*:*:*, cpe:2.3:a:w1.fi:wpa_supplicant:0.2.8:*:*:*:*:*:*:*, cpe:2.3:a:w1.fi:wpa_supplicant:0.3.7:*:*:*:*:*:*:*, cpe:2.3:a:w1.fi:wpa_supplicant:0.3.8:*:*:*:*:*:*:*, cpe:2.3:a:w1.fi:wpa_supplicant:0.3.9:*:*:*:*:*:*:*, cpe:2.3:a:w1.fi:wpa_supplicant:0.3.10:*:*:*:*:*:*:*, cpe:2.3:a:w1.fi:wpa_supplicant:0.3.11:*:*:*:*:*:*:*, cpe:2.3:a:w1.fi:wpa_supplicant:0.4.7:*:*:*:*:*:*:*, cpe:2.3:a:w1.fi:wpa_supplicant:0.4.8:*:*:*:*:*:*:*, cpe:2.3:a:w1.fi:wpa_supplicant:0.4.9:*:*:*:*:*:*:*, cpe:2.3:a:w1.fi:wpa_supplicant:0.4.10:*:*:*:*:*:*:*, cpe:2.3:a:w1.fi:wpa_supplicant:0.4.11:*:*:*:*:*:*:*, cpe:2.3:a:w1.fi:wpa_supplicant:0.5.7:*:*:*:*:*:*:*, cpe:2.3:a:w1.fi:wpa_supplicant:0.5.8:*:*:*:*:*:*:*, cpe:2.3:a:w1.fi:wpa_supplicant:0.5.9:*:*:*:*:*:*:*, cpe:2.3:a:w1.fi:wpa_supplicant:0.5.10:*:*:*:*:*:*:*, cpe:2.3:a:w1.fi:wpa_supplicant:0.5.11:*:*:*:*:*:*:*, cpe:2.3:a:w1.fi:wpa_supplicant:0.6.8:*:*:*:*:*:*:*, cpe:2.3:a:w1.fi:wpa_supplicant:0.6.9:*:*:*:*:*:*:*, cpe:2.3:a:w1.fi:wpa_supplicant:0.6.10:*:*:*:*:*:*:*, cpe:2.3:a:w1.fi:wpa_supplicant:0.7.3:*:*:*:*:*:*:*, cpe:2.3:a:w1.fi:wpa_supplicant:1.0:*:*:*:*:*:*:*, cpe:2.3:a:w1.fi:wpa_supplicant:1.1:*:*:*:*:*:*:*, cpe:2.3:a:w1.fi:wpa_supplicant:2.0:*:*:*:*:*:*:*, cpe:2.3:a:w1.fi:wpa_supplicant:2.1:*:*:*:*:*:*:*, cpe:2.3:a:w1.fi:wpa_supplicant:2.2:*:*:*:*:*:*:*, cpe:2.3:a:w1.fi:wpa_supplicant:2.3:*:*:*:*:*:*:*, cpe:2.3:a:w1.fi:wpa_supplicant:2.4:*:*:*:*:*:*:*, cpe:2.3:a:w1.fi:wpa_supplicant:2.5:*:*:*:*:*:*:*, cpe:2.3:a:w1.fi:wpa_supplicant:2.6:*:*:*:*:*:*:*, cpe:2.3:o:suse:linux_enterprise_desktop:12:sp2:*:*:*:*:*:*, cpe:2.3:o:suse:linux_enterprise_desktop:12:sp3:*:*:*:*:*:*, cpe:2.3:o:suse:linux_enterprise_point_of_sale:11:sp3:*:*:*:*:*:*, cpe:2.3:o:suse:linux_enterprise_server:11:sp3:*:*:*:ltss:*:*, cpe:2.3:o:suse:linux_enterprise_server:11:sp4:*:*:*:*:*:*, cpe:2.3:o:suse:linux_enterprise_server:12:*:*:*:ltss:*:*:*, cpe:2.3:o:suse:openstack_cloud:6:*:*:*:*:*:*:*;I;both;CVSS:4.0/AV:A/AC:H/AT:N/PR:N/UI:N/VC:H/VI:H/VA:N/SC:H/SI:H/SA:N/E:U/CR:L/IR:M/AR:M;CVSS:4.0/AV:A/AC:H/AT:N/PR:N/UI:N/VC:H/VI:H/VA:N/SC:H/SI:H/SA:N/E:U/CR:H/IR:H/AR:H;4.5;5.9;CVSS:4.0/AV:A/AC:H/AT:N/PR:N/UI:N/VC:H/VI:H/VA:N/SC:H/SI:H/SA:N/E:U;5.9
CVE-2017-13081;CVSS:4.0/AV:A/AC:H/AT:P/PR:N/UI:N/VC:N/VI:H/VA:N/SC:N/SI:N/SA:N;CVSS:3.0/AV:A/AC:H/PR:N/UI:N/S:U/C:N/I:H/A:N;6.0;5.3;U;0.00478;Canonical Ubuntu linux 14.04 LTS [Firmware] | Canonical Ubuntu linux 16.04 LTS [Firmware] | Canonical Ubuntu linux 17.04 [Firmware] | Debian Debian linux 8.0 [Firmware] | Debian Debian linux 9.0 [Firmware] | Freebsd Freebsd 10 [Firmware] | Freebsd Freebsd 10.4 [Firmware] | Freebsd Freebsd 11 [Firmware] | Freebsd Freebsd 11.1 [Firmware] | Freebsd Freebsd [Firmware] | Opensuse Leap 42.2 [Firmware] | Opensuse Leap 42.3 [Firmware] | Redhat Enterprise linux desktop 7 [Firmware] | Redhat Enterprise linux server 7 [Firmware] | Suse Linux enterprise desktop 12 [Firmware] | Suse Linux enterprise point of sale 11 [Firmware] | Suse Linux enterprise server 11 [Firmware] | Suse Linux enterprise server 12 LTSS [Firmware] | Suse Openstack cloud 6 [Firmware] | W1.fi Hostapd 0.2.4 [Application] | W1.fi Hostapd 0.2.5 [Application] | W1.fi Hostapd 0.2.6 [Application] | W1.fi Hostapd 0.2.8 [Application] | W1.fi Hostapd 0.3.10 [Application] | W1.fi Hostapd 0.3.11 [Application] | W1.fi Hostapd 0.3.7 [Application] | W1.fi Hostapd 0.3.9 [Application] | W1.fi Hostapd 0.4.10 [Application] | W1.fi Hostapd 0.4.11 [Application] | W1.fi Hostapd 0.4.7 [Application] | W1.fi Hostapd 0.4.8 [Application] | W1.fi Hostapd 0.4.9 [Application] | W1.fi Hostapd 0.5.10 [Application] | W1.fi Hostapd 0.5.11 [Application] | W1.fi Hostapd 0.5.7 [Application] | W1.fi Hostapd 0.5.8 [Application] | W1.fi Hostapd 0.5.9 [Application] | W1.fi Hostapd 0.6.10 [Application] | W1.fi Hostapd 0.6.8 [Application] | W1.fi Hostapd 0.6.9 [Application] | W1.fi Hostapd 0.7.3 [Application] | W1.fi Hostapd 1.0 [Application] | W1.fi Hostapd 1.1 [Application] | W1.fi Hostapd 2.0 [Application] | W1.fi Hostapd 2.1 [Application] | W1.fi Hostapd 2.2 [Application] | W1.fi Hostapd 2.3 [Application] | W1.fi Hostapd 2.4 [Application] | W1.fi Hostapd 2.5 [Application] | W1.fi Hostapd 2.6 [Application] | W1.fi Wpa supplicant 0.2.4 [Application] | W1.fi Wpa supplicant 0.2.5 [Application] | W1.fi Wpa supplicant 0.2.6 [Application] | W1.fi Wpa supplicant 0.2.7 [Application] | W1.fi Wpa supplicant 0.2.8 [Application] | W1.fi Wpa supplicant 0.3.10 [Application] | W1.fi Wpa supplicant 0.3.11 [Application] | W1.fi Wpa supplicant 0.3.7 [Application] | W1.fi Wpa supplicant 0.3.8 [Application] | W1.fi Wpa supplicant 0.3.9 [Application] | W1.fi Wpa supplicant 0.4.10 [Application] | W1.fi Wpa supplicant 0.4.11 [Application] | W1.fi Wpa supplicant 0.4.7 [Application] | W1.fi Wpa supplicant 0.4.8 [Application] | W1.fi Wpa supplicant 0.4.9 [Application] | W1.fi Wpa supplicant 0.5.10 [Application] | W1.fi Wpa supplicant 0.5.11 [Application] | W1.fi Wpa supplicant 0.5.7 [Application] | W1.fi Wpa supplicant 0.5.8 [Application] | W1.fi Wpa supplicant 0.5.9 [Application] | W1.fi Wpa supplicant 0.6.10 [Application] | W1.fi Wpa supplicant 0.6.8 [Application] | W1.fi Wpa supplicant 0.6.9 [Application] | W1.fi Wpa supplicant 0.7.3 [Application] | W1.fi Wpa supplicant 1.0 [Application] | W1.fi Wpa supplicant 1.1 [Application] | W1.fi Wpa supplicant 2.0 [Application] | W1.fi Wpa supplicant 2.1 [Application] | W1.fi Wpa supplicant 2.2 [Application] | W1.fi Wpa supplicant 2.3 [Application] | W1.fi Wpa supplicant 2.4 [Application] | W1.fi Wpa supplicant 2.5 [Application] | W1.fi Wpa supplicant 2.6 [Application];cpe:2.3:o:canonical:ubuntu_linux:14.04:*:*:*:lts:*:*:*, cpe:2.3:o:canonical:ubuntu_linux:16.04:*:*:*:lts:*:*:*, cpe:2.3:o:canonical:ubuntu_linux:17.04:*:*:*:*:*:*:*, cpe:2.3:o:debian:debian_linux:8.0:*:*:*:*:*:*:*, cpe:2.3:o:debian:debian_linux:9.0:*:*:*:*:*:*:*, cpe:2.3:o:freebsd:freebsd:*:*:*:*:*:*:*:*, cpe:2.3:o:freebsd:freebsd:10:*:*:*:*:*:*:*, cpe:2.3:o:freebsd:freebsd:10.4:*:*:*:*:*:*:*, cpe:2.3:o:freebsd:freebsd:11:*:*:*:*:*:*:*, cpe:2.3:o:freebsd:freebsd:11.1:*:*:*:*:*:*:*, cpe:2.3:o:opensuse:leap:42.2:*:*:*:*:*:*:*, cpe:2.3:o:opensuse:leap:42.3:*:*:*:*:*:*:*, cpe:2.3:o:redhat:enterprise_linux_desktop:7:*:*:*:*:*:*:*, cpe:2.3:o:redhat:enterprise_linux_server:7:*:*:*:*:*:*:*, cpe:2.3:a:w1.fi:hostapd:0.2.4:*:*:*:*:*:*:*, cpe:2.3:a:w1.fi:hostapd:0.2.5:*:*:*:*:*:*:*, cpe:2.3:a:w1.fi:hostapd:0.2.6:*:*:*:*:*:*:*, cpe:2.3:a:w1.fi:hostapd:0.2.8:*:*:*:*:*:*:*, cpe:2.3:a:w1.fi:hostapd:0.3.7:*:*:*:*:*:*:*, cpe:2.3:a:w1.fi:hostapd:0.3.9:*:*:*:*:*:*:*, cpe:2.3:a:w1.fi:hostapd:0.3.10:*:*:*:*:*:*:*, cpe:2.3:a:w1.fi:hostapd:0.3.11:*:*:*:*:*:*:*, cpe:2.3:a:w1.fi:hostapd:0.4.7:*:*:*:*:*:*:*, cpe:2.3:a:w1.fi:hostapd:0.4.8:*:*:*:*:*:*:*, cpe:2.3:a:w1.fi:hostapd:0.4.9:*:*:*:*:*:*:*, cpe:2.3:a:w1.fi:hostapd:0.4.10:*:*:*:*:*:*:*, cpe:2.3:a:w1.fi:hostapd:0.4.11:*:*:*:*:*:*:*, cpe:2.3:a:w1.fi:hostapd:0.5.7:*:*:*:*:*:*:*, cpe:2.3:a:w1.fi:hostapd:0.5.8:*:*:*:*:*:*:*, cpe:2.3:a:w1.fi:hostapd:0.5.9:*:*:*:*:*:*:*, cpe:2.3:a:w1.fi:hostapd:0.5.10:*:*:*:*:*:*:*, cpe:2.3:a:w1.fi:hostapd:0.5.11:*:*:*:*:*:*:*, cpe:2.3:a:w1.fi:hostapd:0.6.8:*:*:*:*:*:*:*, cpe:2.3:a:w1.fi:hostapd:0.6.9:*:*:*:*:*:*:*, cpe:2.3:a:w1.fi:hostapd:0.6.10:*:*:*:*:*:*:*, cpe:2.3:a:w1.fi:hostapd:0.7.3:*:*:*:*:*:*:*, cpe:2.3:a:w1.fi:hostapd:1.0:*:*:*:*:*:*:*, cpe:2.3:a:w1.fi:hostapd:1.1:*:*:*:*:*:*:*, cpe:2.3:a:w1.fi:hostapd:2.0:*:*:*:*:*:*:*, cpe:2.3:a:w1.fi:hostapd:2.1:*:*:*:*:*:*:*, cpe:2.3:a:w1.fi:hostapd:2.2:*:*:*:*:*:*:*, cpe:2.3:a:w1.fi:hostapd:2.3:*:*:*:*:*:*:*, cpe:2.3:a:w1.fi:hostapd:2.4:*:*:*:*:*:*:*, cpe:2.3:a:w1.fi:hostapd:2.5:*:*:*:*:*:*:*, cpe:2.3:a:w1.fi:hostapd:2.6:*:*:*:*:*:*:*, cpe:2.3:a:w1.fi:wpa_supplicant:0.2.4:*:*:*:*:*:*:*, cpe:2.3:a:w1.fi:wpa_supplicant:0.2.5:*:*:*:*:*:*:*, cpe:2.3:a:w1.fi:wpa_supplicant:0.2.6:*:*:*:*:*:*:*, cpe:2.3:a:w1.fi:wpa_supplicant:0.2.7:*:*:*:*:*:*:*, cpe:2.3:a:w1.fi:wpa_supplicant:0.2.8:*:*:*:*:*:*:*, cpe:2.3:a:w1.fi:wpa_supplicant:0.3.7:*:*:*:*:*:*:*, cpe:2.3:a:w1.fi:wpa_supplicant:0.3.8:*:*:*:*:*:*:*, cpe:2.3:a:w1.fi:wpa_supplicant:0.3.9:*:*:*:*:*:*:*, cpe:2.3:a:w1.fi:wpa_supplicant:0.3.10:*:*:*:*:*:*:*, cpe:2.3:a:w1.fi:wpa_supplicant:0.3.11:*:*:*:*:*:*:*, cpe:2.3:a:w1.fi:wpa_supplicant:0.4.7:*:*:*:*:*:*:*, cpe:2.3:a:w1.fi:wpa_supplicant:0.4.8:*:*:*:*:*:*:*, cpe:2.3:a:w1.fi:wpa_supplicant:0.4.9:*:*:*:*:*:*:*, cpe:2.3:a:w1.fi:wpa_supplicant:0.4.10:*:*:*:*:*:*:*, cpe:2.3:a:w1.fi:wpa_supplicant:0.4.11:*:*:*:*:*:*:*, cpe:2.3:a:w1.fi:wpa_supplicant:0.5.7:*:*:*:*:*:*:*, cpe:2.3:a:w1.fi:wpa_supplicant:0.5.8:*:*:*:*:*:*:*, cpe:2.3:a:w1.fi:wpa_supplicant:0.5.9:*:*:*:*:*:*:*, cpe:2.3:a:w1.fi:wpa_supplicant:0.5.10:*:*:*:*:*:*:*, cpe:2.3:a:w1.fi:wpa_supplicant:0.5.11:*:*:*:*:*:*:*, cpe:2.3:a:w1.fi:wpa_supplicant:0.6.8:*:*:*:*:*:*:*, cpe:2.3:a:w1.fi:wpa_supplicant:0.6.9:*:*:*:*:*:*:*, cpe:2.3:a:w1.fi:wpa_supplicant:0.6.10:*:*:*:*:*:*:*, cpe:2.3:a:w1.fi:wpa_supplicant:0.7.3:*:*:*:*:*:*:*, cpe:2.3:a:w1.fi:wpa_supplicant:1.0:*:*:*:*:*:*:*, cpe:2.3:a:w1.fi:wpa_supplicant:1.1:*:*:*:*:*:*:*, cpe:2.3:a:w1.fi:wpa_supplicant:2.0:*:*:*:*:*:*:*, cpe:2.3:a:w1.fi:wpa_supplicant:2.1:*:*:*:*:*:*:*, cpe:2.3:a:w1.fi:wpa_supplicant:2.2:*:*:*:*:*:*:*, cpe:2.3:a:w1.fi:wpa_supplicant:2.3:*:*:*:*:*:*:*, cpe:2.3:a:w1.fi:wpa_supplicant:2.4:*:*:*:*:*:*:*, cpe:2.3:a:w1.fi:wpa_supplicant:2.5:*:*:*:*:*:*:*, cpe:2.3:a:w1.fi:wpa_supplicant:2.6:*:*:*:*:*:*:*, cpe:2.3:o:suse:linux_enterprise_desktop:12:sp2:*:*:*:*:*:*, cpe:2.3:o:suse:linux_enterprise_desktop:12:sp3:*:*:*:*:*:*, cpe:2.3:o:suse:linux_enterprise_point_of_sale:11:sp3:*:*:*:*:*:*, cpe:2.3:o:suse:linux_enterprise_server:11:sp3:*:*:*:ltss:*:*, cpe:2.3:o:suse:linux_enterprise_server:11:sp4:*:*:*:*:*:*, cpe:2.3:o:suse:linux_enterprise_server:12:*:*:*:ltss:*:*:*, cpe:2.3:o:suse:openstack_cloud:6:*:*:*:*:*:*:*;I;both;CVSS:4.0/AV:A/AC:H/AT:P/PR:N/UI:N/VC:N/VI:H/VA:N/SC:N/SI:N/SA:N/E:U/CR:L/IR:M/AR:M;CVSS:4.0/AV:A/AC:H/AT:P/PR:N/UI:N/VC:N/VI:H/VA:N/SC:N/SI:N/SA:N/E:U/CR:H/IR:H/AR:H;1.3;2.3;CVSS:4.0/AV:A/AC:H/AT:P/PR:N/UI:N/VC:N/VI:H/VA:N/SC:N/SI:N/SA:N/E:U;2.3
CVE-2017-13088;CVSS:4.0/AV:A/AC:H/AT:P/PR:N/UI:N/VC:N/VI:H/VA:N/SC:N/SI:H/SA:N;CVSS:3.0/AV:A/AC:H/PR:N/UI:N/S:U/C:N/I:H/A:N;7.0;5.3;U;0.00429;Canonical Ubuntu linux 14.04 LTS [Firmware] | Canonical Ubuntu linux 16.04 LTS [Firmware] | Canonical Ubuntu linux 17.04 [Firmware] | Debian Debian linux 8.0 [Firmware] | Debian Debian linux 9.0 [Firmware] | Freebsd Freebsd 10 [Firmware] | Freebsd Freebsd 10.4 [Firmware] | Freebsd Freebsd 11 [Firmware] | Freebsd Freebsd 11.1 [Firmware] | Freebsd Freebsd [Firmware] | Opensuse Leap 42.2 [Firmware] | Opensuse Leap 42.3 [Firmware] | Redhat Enterprise linux desktop 7 [Firmware] | Redhat Enterprise linux server 7 [Firmware] | Suse Linux enterprise desktop 12 [Firmware] | Suse Linux enterprise point of sale 11 [Firmware] | Suse Linux enterprise server 11 [Firmware] | Suse Linux enterprise server 12 LTSS [Firmware] | Suse Openstack cloud 6 [Firmware] | W1.fi Hostapd 0.2.4 [Application] | W1.fi Hostapd 0.2.5 [Application] | W1.fi Hostapd 0.2.6 [Application] | W1.fi Hostapd 0.2.8 [Application] | W1.fi Hostapd 0.3.10 [Application] | W1.fi Hostapd 0.3.11 [Application] | W1.fi Hostapd 0.3.7 [Application] | W1.fi Hostapd 0.3.9 [Application] | W1.fi Hostapd 0.4.10 [Application] | W1.fi Hostapd 0.4.11 [Application] | W1.fi Hostapd 0.4.7 [Application] | W1.fi Hostapd 0.4.8 [Application] | W1.fi Hostapd 0.4.9 [Application] | W1.fi Hostapd 0.5.10 [Application] | W1.fi Hostapd 0.5.11 [Application] | W1.fi Hostapd 0.5.7 [Application] | W1.fi Hostapd 0.5.8 [Application] | W1.fi Hostapd 0.5.9 [Application] | W1.fi Hostapd 0.6.10 [Application] | W1.fi Hostapd 0.6.8 [Application] | W1.fi Hostapd 0.6.9 [Application] | W1.fi Hostapd 0.7.3 [Application] | W1.fi Hostapd 1.0 [Application] | W1.fi Hostapd 1.1 [Application] | W1.fi Hostapd 2.0 [Application] | W1.fi Hostapd 2.1 [Application] | W1.fi Hostapd 2.2 [Application] | W1.fi Hostapd 2.3 [Application] | W1.fi Hostapd 2.4 [Application] | W1.fi Hostapd 2.5 [Application] | W1.fi Hostapd 2.6 [Application] | W1.fi Wpa supplicant 0.2.4 [Application] | W1.fi Wpa supplicant 0.2.5 [Application] | W1.fi Wpa supplicant 0.2.6 [Application] | W1.fi Wpa supplicant 0.2.7 [Application] | W1.fi Wpa supplicant 0.2.8 [Application] | W1.fi Wpa supplicant 0.3.10 [Application] | W1.fi Wpa supplicant 0.3.11 [Application] | W1.fi Wpa supplicant 0.3.7 [Application] | W1.fi Wpa supplicant 0.3.8 [Application] | W1.fi Wpa supplicant 0.3.9 [Application] | W1.fi Wpa supplicant 0.4.10 [Application] | W1.fi Wpa supplicant 0.4.11 [Application] | W1.fi Wpa supplicant 0.4.7 [Application] | W1.fi Wpa supplicant 0.4.8 [Application] | W1.fi Wpa supplicant 0.4.9 [Application] | W1.fi Wpa supplicant 0.5.10 [Application] | W1.fi Wpa supplicant 0.5.11 [Application] | W1.fi Wpa supplicant 0.5.7 [Application] | W1.fi Wpa supplicant 0.5.8 [Application] | W1.fi Wpa supplicant 0.5.9 [Application] | W1.fi Wpa supplicant 0.6.10 [Application] | W1.fi Wpa supplicant 0.6.8 [Application] | W1.fi Wpa supplicant 0.6.9 [Application] | W1.fi Wpa supplicant 0.7.3 [Application] | W1.fi Wpa supplicant 1.0 [Application] | W1.fi Wpa supplicant 1.1 [Application] | W1.fi Wpa supplicant 2.0 [Application] | W1.fi Wpa supplicant 2.1 [Application] | W1.fi Wpa supplicant 2.2 [Application] | W1.fi Wpa supplicant 2.3 [Application] | W1.fi Wpa supplicant 2.4 [Application] | W1.fi Wpa supplicant 2.5 [Application] | W1.fi Wpa supplicant 2.6 [Application];cpe:2.3:o:canonical:ubuntu_linux:14.04:*:*:*:lts:*:*:*, cpe:2.3:o:canonical:ubuntu_linux:16.04:*:*:*:lts:*:*:*, cpe:2.3:o:canonical:ubuntu_linux:17.04:*:*:*:*:*:*:*, cpe:2.3:o:debian:debian_linux:8.0:*:*:*:*:*:*:*, cpe:2.3:o:debian:debian_linux:9.0:*:*:*:*:*:*:*, cpe:2.3:o:freebsd:freebsd:*:*:*:*:*:*:*:*, cpe:2.3:o:freebsd:freebsd:10:*:*:*:*:*:*:*, cpe:2.3:o:freebsd:freebsd:10.4:*:*:*:*:*:*:*, cpe:2.3:o:freebsd:freebsd:11:*:*:*:*:*:*:*, cpe:2.3:o:freebsd:freebsd:11.1:*:*:*:*:*:*:*, cpe:2.3:o:opensuse:leap:42.2:*:*:*:*:*:*:*, cpe:2.3:o:opensuse:leap:42.3:*:*:*:*:*:*:*, cpe:2.3:o:redhat:enterprise_linux_desktop:7:*:*:*:*:*:*:*, cpe:2.3:o:redhat:enterprise_linux_server:7:*:*:*:*:*:*:*, cpe:2.3:a:w1.fi:hostapd:0.2.4:*:*:*:*:*:*:*, cpe:2.3:a:w1.fi:hostapd:0.2.5:*:*:*:*:*:*:*, cpe:2.3:a:w1.fi:hostapd:0.2.6:*:*:*:*:*:*:*, cpe:2.3:a:w1.fi:hostapd:0.2.8:*:*:*:*:*:*:*, cpe:2.3:a:w1.fi:hostapd:0.3.7:*:*:*:*:*:*:*, cpe:2.3:a:w1.fi:hostapd:0.3.9:*:*:*:*:*:*:*, cpe:2.3:a:w1.fi:hostapd:0.3.10:*:*:*:*:*:*:*, cpe:2.3:a:w1.fi:hostapd:0.3.11:*:*:*:*:*:*:*, cpe:2.3:a:w1.fi:hostapd:0.4.7:*:*:*:*:*:*:*, cpe:2.3:a:w1.fi:hostapd:0.4.8:*:*:*:*:*:*:*, cpe:2.3:a:w1.fi:hostapd:0.4.9:*:*:*:*:*:*:*, cpe:2.3:a:w1.fi:hostapd:0.4.10:*:*:*:*:*:*:*, cpe:2.3:a:w1.fi:hostapd:0.4.11:*:*:*:*:*:*:*, cpe:2.3:a:w1.fi:hostapd:0.5.7:*:*:*:*:*:*:*, cpe:2.3:a:w1.fi:hostapd:0.5.8:*:*:*:*:*:*:*, cpe:2.3:a:w1.fi:hostapd:0.5.9:*:*:*:*:*:*:*, cpe:2.3:a:w1.fi:hostapd:0.5.10:*:*:*:*:*:*:*, cpe:2.3:a:w1.fi:hostapd:0.5.11:*:*:*:*:*:*:*, cpe:2.3:a:w1.fi:hostapd:0.6.8:*:*:*:*:*:*:*, cpe:2.3:a:w1.fi:hostapd:0.6.9:*:*:*:*:*:*:*, cpe:2.3:a:w1.fi:hostapd:0.6.10:*:*:*:*:*:*:*, cpe:2.3:a:w1.fi:hostapd:0.7.3:*:*:*:*:*:*:*, cpe:2.3:a:w1.fi:hostapd:1.0:*:*:*:*:*:*:*, cpe:2.3:a:w1.fi:hostapd:1.1:*:*:*:*:*:*:*, cpe:2.3:a:w1.fi:hostapd:2.0:*:*:*:*:*:*:*, cpe:2.3:a:w1.fi:hostapd:2.1:*:*:*:*:*:*:*, cpe:2.3:a:w1.fi:hostapd:2.2:*:*:*:*:*:*:*, cpe:2.3:a:w1.fi:hostapd:2.3:*:*:*:*:*:*:*, cpe:2.3:a:w1.fi:hostapd:2.4:*:*:*:*:*:*:*, cpe:2.3:a:w1.fi:hostapd:2.5:*:*:*:*:*:*:*, cpe:2.3:a:w1.fi:hostapd:2.6:*:*:*:*:*:*:*, cpe:2.3:a:w1.fi:wpa_supplicant:0.2.4:*:*:*:*:*:*:*, cpe:2.3:a:w1.fi:wpa_supplicant:0.2.5:*:*:*:*:*:*:*, cpe:2.3:a:w1.fi:wpa_supplicant:0.2.6:*:*:*:*:*:*:*, cpe:2.3:a:w1.fi:wpa_supplicant:0.2.7:*:*:*:*:*:*:*, cpe:2.3:a:w1.fi:wpa_supplicant:0.2.8:*:*:*:*:*:*:*, cpe:2.3:a:w1.fi:wpa_supplicant:0.3.7:*:*:*:*:*:*:*, cpe:2.3:a:w1.fi:wpa_supplicant:0.3.8:*:*:*:*:*:*:*, cpe:2.3:a:w1.fi:wpa_supplicant:0.3.9:*:*:*:*:*:*:*, cpe:2.3:a:w1.fi:wpa_supplicant:0.3.10:*:*:*:*:*:*:*, cpe:2.3:a:w1.fi:wpa_supplicant:0.3.11:*:*:*:*:*:*:*, cpe:2.3:a:w1.fi:wpa_supplicant:0.4.7:*:*:*:*:*:*:*, cpe:2.3:a:w1.fi:wpa_supplicant:0.4.8:*:*:*:*:*:*:*, cpe:2.3:a:w1.fi:wpa_supplicant:0.4.9:*:*:*:*:*:*:*, cpe:2.3:a:w1.fi:wpa_supplicant:0.4.10:*:*:*:*:*:*:*, cpe:2.3:a:w1.fi:wpa_supplicant:0.4.11:*:*:*:*:*:*:*, cpe:2.3:a:w1.fi:wpa_supplicant:0.5.7:*:*:*:*:*:*:*, cpe:2.3:a:w1.fi:wpa_supplicant:0.5.8:*:*:*:*:*:*:*, cpe:2.3:a:w1.fi:wpa_supplicant:0.5.9:*:*:*:*:*:*:*, cpe:2.3:a:w1.fi:wpa_supplicant:0.5.10:*:*:*:*:*:*:*, cpe:2.3:a:w1.fi:wpa_supplicant:0.5.11:*:*:*:*:*:*:*, cpe:2.3:a:w1.fi:wpa_supplicant:0.6.8:*:*:*:*:*:*:*, cpe:2.3:a:w1.fi:wpa_supplicant:0.6.9:*:*:*:*:*:*:*, cpe:2.3:a:w1.fi:wpa_supplicant:0.6.10:*:*:*:*:*:*:*, cpe:2.3:a:w1.fi:wpa_supplicant:0.7.3:*:*:*:*:*:*:*, cpe:2.3:a:w1.fi:wpa_supplicant:1.0:*:*:*:*:*:*:*, cpe:2.3:a:w1.fi:wpa_supplicant:1.1:*:*:*:*:*:*:*, cpe:2.3:a:w1.fi:wpa_supplicant:2.0:*:*:*:*:*:*:*, cpe:2.3:a:w1.fi:wpa_supplicant:2.1:*:*:*:*:*:*:*, cpe:2.3:a:w1.fi:wpa_supplicant:2.2:*:*:*:*:*:*:*, cpe:2.3:a:w1.fi:wpa_supplicant:2.3:*:*:*:*:*:*:*, cpe:2.3:a:w1.fi:wpa_supplicant:2.4:*:*:*:*:*:*:*, cpe:2.3:a:w1.fi:wpa_supplicant:2.5:*:*:*:*:*:*:*, cpe:2.3:a:w1.fi:wpa_supplicant:2.6:*:*:*:*:*:*:*, cpe:2.3:o:suse:linux_enterprise_desktop:12:sp2:*:*:*:*:*:*, cpe:2.3:o:suse:linux_enterprise_desktop:12:sp3:*:*:*:*:*:*, cpe:2.3:o:suse:linux_enterprise_point_of_sale:11:sp3:*:*:*:*:*:*, cpe:2.3:o:suse:linux_enterprise_server:11:sp3:*:*:*:ltss:*:*, cpe:2.3:o:suse:linux_enterprise_server:11:sp4:*:*:*:*:*:*, cpe:2.3:o:suse:linux_enterprise_server:12:*:*:*:ltss:*:*:*, cpe:2.3:o:suse:openstack_cloud:6:*:*:*:*:*:*:*;I;both;CVSS:4.0/AV:A/AC:H/AT:P/PR:N/UI:N/VC:N/VI:H/VA:N/SC:N/SI:H/SA:N/E:U/CR:L/IR:M/AR:M;CVSS:4.0/AV:A/AC:H/AT:P/PR:N/UI:N/VC:N/VI:H/VA:N/SC:N/SI:H/SA:N/E:U/CR:H/IR:H/AR:H;1.9;3.8;CVSS:4.0/AV:A/AC:H/AT:P/PR:N/UI:N/VC:N/VI:H/VA:N/SC:N/SI:H/SA:N/E:U;3.8
CVE-2017-13082;CVSS:4.0/AV:A/AC:L/AT:P/PR:N/UI:N/VC:H/VI:H/VA:N/SC:H/SI:H/SA:N;CVSS:3.0/AV:A/AC:L/PR:N/UI:N/S:U/C:H/I:H/A:N;8.8;8.1;U;0.00948;Canonical Ubuntu linux 14.04 LTS [Firmware] | Canonical Ubuntu linux 16.04 LTS [Firmware] | Canonical Ubuntu linux 17.04 [Firmware] | Debian Debian linux 8.0 [Firmware] | Debian Debian linux 9.0 [Firmware] | Freebsd Freebsd 10 [Firmware] | Freebsd Freebsd 10.4 [Firmware] | Freebsd Freebsd 11 [Firmware] | Freebsd Freebsd 11.1 [Firmware] | Freebsd Freebsd [Firmware] | Opensuse Leap 42.2 [Firmware] | Opensuse Leap 42.3 [Firmware] | Redhat Enterprise linux desktop 7 [Firmware] | Redhat Enterprise linux server 7 [Firmware] | Suse Linux enterprise desktop 12 [Firmware] | Suse Linux enterprise point of sale 11 [Firmware] | Suse Linux enterprise server 11 [Firmware] | Suse Linux enterprise server 12 LTSS [Firmware] | Suse Openstack cloud 6 [Firmware] | W1.fi Hostapd 0.2.4 [Application] | W1.fi Hostapd 0.2.5 [Application] | W1.fi Hostapd 0.2.6 [Application] | W1.fi Hostapd 0.2.8 [Application] | W1.fi Hostapd 0.3.10 [Application] | W1.fi Hostapd 0.3.11 [Application] | W1.fi Hostapd 0.3.7 [Application] | W1.fi Hostapd 0.3.9 [Application] | W1.fi Hostapd 0.4.10 [Application] | W1.fi Hostapd 0.4.11 [Application] | W1.fi Hostapd 0.4.7 [Application] | W1.fi Hostapd 0.4.8 [Application] | W1.fi Hostapd 0.4.9 [Application] | W1.fi Hostapd 0.5.10 [Application] | W1.fi Hostapd 0.5.11 [Application] | W1.fi Hostapd 0.5.7 [Application] | W1.fi Hostapd 0.5.8 [Application] | W1.fi Hostapd 0.5.9 [Application] | W1.fi Hostapd 0.6.10 [Application] | W1.fi Hostapd 0.6.8 [Application] | W1.fi Hostapd 0.6.9 [Application] | W1.fi Hostapd 0.7.3 [Application] | W1.fi Hostapd 1.0 [Application] | W1.fi Hostapd 1.1 [Application] | W1.fi Hostapd 2.0 [Application] | W1.fi Hostapd 2.1 [Application] | W1.fi Hostapd 2.2 [Application] | W1.fi Hostapd 2.3 [Application] | W1.fi Hostapd 2.4 [Application] | W1.fi Hostapd 2.5 [Application] | W1.fi Hostapd 2.6 [Application] | W1.fi Wpa supplicant 0.2.4 [Application] | W1.fi Wpa supplicant 0.2.5 [Application] | W1.fi Wpa supplicant 0.2.6 [Application] | W1.fi Wpa supplicant 0.2.7 [Application] | W1.fi Wpa supplicant 0.2.8 [Application] | W1.fi Wpa supplicant 0.3.10 [Application] | W1.fi Wpa supplicant 0.3.11 [Application] | W1.fi Wpa supplicant 0.3.7 [Application] | W1.fi Wpa supplicant 0.3.8 [Application] | W1.fi Wpa supplicant 0.3.9 [Application] | W1.fi Wpa supplicant 0.4.10 [Application] | W1.fi Wpa supplicant 0.4.11 [Application] | W1.fi Wpa supplicant 0.4.7 [Application] | W1.fi Wpa supplicant 0.4.8 [Application] | W1.fi Wpa supplicant 0.4.9 [Application] | W1.fi Wpa supplicant 0.5.10 [Application] | W1.fi Wpa supplicant 0.5.11 [Application] | W1.fi Wpa supplicant 0.5.7 [Application] | W1.fi Wpa supplicant 0.5.8 [Application] | W1.fi Wpa supplicant 0.5.9 [Application] | W1.fi Wpa supplicant 0.6.10 [Application] | W1.fi Wpa supplicant 0.6.8 [Application] | W1.fi Wpa supplicant 0.6.9 [Application] | W1.fi Wpa supplicant 0.7.3 [Application] | W1.fi Wpa supplicant 1.0 [Application] | W1.fi Wpa supplicant 1.1 [Application] | W1.fi Wpa supplicant 2.0 [Application] | W1.fi Wpa supplicant 2.1 [Application] | W1.fi Wpa supplicant 2.2 [Application] | W1.fi Wpa supplicant 2.3 [Application] | W1.fi Wpa supplicant 2.4 [Application] | W1.fi Wpa supplicant 2.5 [Application] | W1.fi Wpa supplicant 2.6 [Application];cpe:2.3:o:canonical:ubuntu_linux:14.04:*:*:*:lts:*:*:*, cpe:2.3:o:canonical:ubuntu_linux:16.04:*:*:*:lts:*:*:*, cpe:2.3:o:canonical:ubuntu_linux:17.04:*:*:*:*:*:*:*, cpe:2.3:o:debian:debian_linux:8.0:*:*:*:*:*:*:*, cpe:2.3:o:debian:debian_linux:9.0:*:*:*:*:*:*:*, cpe:2.3:o:freebsd:freebsd:*:*:*:*:*:*:*:*, cpe:2.3:o:freebsd:freebsd:10:*:*:*:*:*:*:*, cpe:2.3:o:freebsd:freebsd:10.4:*:*:*:*:*:*:*, cpe:2.3:o:freebsd:freebsd:11:*:*:*:*:*:*:*, cpe:2.3:o:freebsd:freebsd:11.1:*:*:*:*:*:*:*, cpe:2.3:o:opensuse:leap:42.2:*:*:*:*:*:*:*, cpe:2.3:o:opensuse:leap:42.3:*:*:*:*:*:*:*, cpe:2.3:o:redhat:enterprise_linux_desktop:7:*:*:*:*:*:*:*, cpe:2.3:o:redhat:enterprise_linux_server:7:*:*:*:*:*:*:*, cpe:2.3:a:w1.fi:hostapd:0.2.4:*:*:*:*:*:*:*, cpe:2.3:a:w1.fi:hostapd:0.2.5:*:*:*:*:*:*:*, cpe:2.3:a:w1.fi:hostapd:0.2.6:*:*:*:*:*:*:*, cpe:2.3:a:w1.fi:hostapd:0.2.8:*:*:*:*:*:*:*, cpe:2.3:a:w1.fi:hostapd:0.3.7:*:*:*:*:*:*:*, cpe:2.3:a:w1.fi:hostapd:0.3.9:*:*:*:*:*:*:*, cpe:2.3:a:w1.fi:hostapd:0.3.10:*:*:*:*:*:*:*, cpe:2.3:a:w1.fi:hostapd:0.3.11:*:*:*:*:*:*:*, cpe:2.3:a:w1.fi:hostapd:0.4.7:*:*:*:*:*:*:*, cpe:2.3:a:w1.fi:hostapd:0.4.8:*:*:*:*:*:*:*, cpe:2.3:a:w1.fi:hostapd:0.4.9:*:*:*:*:*:*:*, cpe:2.3:a:w1.fi:hostapd:0.4.10:*:*:*:*:*:*:*, cpe:2.3:a:w1.fi:hostapd:0.4.11:*:*:*:*:*:*:*, cpe:2.3:a:w1.fi:hostapd:0.5.7:*:*:*:*:*:*:*, cpe:2.3:a:w1.fi:hostapd:0.5.8:*:*:*:*:*:*:*, cpe:2.3:a:w1.fi:hostapd:0.5.9:*:*:*:*:*:*:*, cpe:2.3:a:w1.fi:hostapd:0.5.10:*:*:*:*:*:*:*, cpe:2.3:a:w1.fi:hostapd:0.5.11:*:*:*:*:*:*:*, cpe:2.3:a:w1.fi:hostapd:0.6.8:*:*:*:*:*:*:*, cpe:2.3:a:w1.fi:hostapd:0.6.9:*:*:*:*:*:*:*, cpe:2.3:a:w1.fi:hostapd:0.6.10:*:*:*:*:*:*:*, cpe:2.3:a:w1.fi:hostapd:0.7.3:*:*:*:*:*:*:*, cpe:2.3:a:w1.fi:hostapd:1.0:*:*:*:*:*:*:*, cpe:2.3:a:w1.fi:hostapd:1.1:*:*:*:*:*:*:*, cpe:2.3:a:w1.fi:hostapd:2.0:*:*:*:*:*:*:*, cpe:2.3:a:w1.fi:hostapd:2.1:*:*:*:*:*:*:*, cpe:2.3:a:w1.fi:hostapd:2.2:*:*:*:*:*:*:*, cpe:2.3:a:w1.fi:hostapd:2.3:*:*:*:*:*:*:*, cpe:2.3:a:w1.fi:hostapd:2.4:*:*:*:*:*:*:*, cpe:2.3:a:w1.fi:hostapd:2.5:*:*:*:*:*:*:*, cpe:2.3:a:w1.fi:hostapd:2.6:*:*:*:*:*:*:*, cpe:2.3:a:w1.fi:wpa_supplicant:0.2.4:*:*:*:*:*:*:*, cpe:2.3:a:w1.fi:wpa_supplicant:0.2.5:*:*:*:*:*:*:*, cpe:2.3:a:w1.fi:wpa_supplicant:0.2.6:*:*:*:*:*:*:*, cpe:2.3:a:w1.fi:wpa_supplicant:0.2.7:*:*:*:*:*:*:*, cpe:2.3:a:w1.fi:wpa_supplicant:0.2.8:*:*:*:*:*:*:*, cpe:2.3:a:w1.fi:wpa_supplicant:0.3.7:*:*:*:*:*:*:*, cpe:2.3:a:w1.fi:wpa_supplicant:0.3.8:*:*:*:*:*:*:*, cpe:2.3:a:w1.fi:wpa_supplicant:0.3.9:*:*:*:*:*:*:*, cpe:2.3:a:w1.fi:wpa_supplicant:0.3.10:*:*:*:*:*:*:*, cpe:2.3:a:w1.fi:wpa_supplicant:0.3.11:*:*:*:*:*:*:*, cpe:2.3:a:w1.fi:wpa_supplicant:0.4.7:*:*:*:*:*:*:*, cpe:2.3:a:w1.fi:wpa_supplicant:0.4.8:*:*:*:*:*:*:*, cpe:2.3:a:w1.fi:wpa_supplicant:0.4.9:*:*:*:*:*:*:*, cpe:2.3:a:w1.fi:wpa_supplicant:0.4.10:*:*:*:*:*:*:*, cpe:2.3:a:w1.fi:wpa_supplicant:0.4.11:*:*:*:*:*:*:*, cpe:2.3:a:w1.fi:wpa_supplicant:0.5.7:*:*:*:*:*:*:*, cpe:2.3:a:w1.fi:wpa_supplicant:0.5.8:*:*:*:*:*:*:*, cpe:2.3:a:w1.fi:wpa_supplicant:0.5.9:*:*:*:*:*:*:*, cpe:2.3:a:w1.fi:wpa_supplicant:0.5.10:*:*:*:*:*:*:*, cpe:2.3:a:w1.fi:wpa_supplicant:0.5.11:*:*:*:*:*:*:*, cpe:2.3:a:w1.fi:wpa_supplicant:0.6.8:*:*:*:*:*:*:*, cpe:2.3:a:w1.fi:wpa_supplicant:0.6.9:*:*:*:*:*:*:*, cpe:2.3:a:w1.fi:wpa_supplicant:0.6.10:*:*:*:*:*:*:*, cpe:2.3:a:w1.fi:wpa_supplicant:0.7.3:*:*:*:*:*:*:*, cpe:2.3:a:w1.fi:wpa_supplicant:1.0:*:*:*:*:*:*:*, cpe:2.3:a:w1.fi:wpa_supplicant:1.1:*:*:*:*:*:*:*, cpe:2.3:a:w1.fi:wpa_supplicant:2.0:*:*:*:*:*:*:*, cpe:2.3:a:w1.fi:wpa_supplicant:2.1:*:*:*:*:*:*:*, cpe:2.3:a:w1.fi:wpa_supplicant:2.2:*:*:*:*:*:*:*, cpe:2.3:a:w1.fi:wpa_supplicant:2.3:*:*:*:*:*:*:*, cpe:2.3:a:w1.fi:wpa_supplicant:2.4:*:*:*:*:*:*:*, cpe:2.3:a:w1.fi:wpa_supplicant:2.5:*:*:*:*:*:*:*, cpe:2.3:a:w1.fi:wpa_supplicant:2.6:*:*:*:*:*:*:*, cpe:2.3:o:suse:linux_enterprise_desktop:12:sp2:*:*:*:*:*:*, cpe:2.3:o:suse:linux_enterprise_desktop:12:sp3:*:*:*:*:*:*, cpe:2.3:o:suse:linux_enterprise_point_of_sale:11:sp3:*:*:*:*:*:*, cpe:2.3:o:suse:linux_enterprise_server:11:sp3:*:*:*:ltss:*:*, cpe:2.3:o:suse:linux_enterprise_server:11:sp4:*:*:*:*:*:*, cpe:2.3:o:suse:linux_enterprise_server:12:*:*:*:ltss:*:*:*, cpe:2.3:o:suse:openstack_cloud:6:*:*:*:*:*:*:*;I;both;CVSS:4.0/AV:A/AC:L/AT:P/PR:N/UI:N/VC:H/VI:H/VA:N/SC:H/SI:H/SA:N/E:U/CR:L/IR:M/AR:M;CVSS:4.0/AV:A/AC:L/AT:P/PR:N/UI:N/VC:H/VI:H/VA:N/SC:H/SI:H/SA:N/E:U/CR:H/IR:H/AR:H;4.5;5.9;CVSS:4.0/AV:A/AC:L/AT:P/PR:N/UI:N/VC:H/VI:H/VA:N/SC:H/SI:H/SA:N/E:U;5.9
CVE-2017-13078;CVSS:4.0/AV:A/AC:H/AT:P/PR:N/UI:N/VC:N/VI:H/VA:N/SC:N/SI:H/SA:N;CVSS:3.0/AV:A/AC:H/PR:N/UI:N/S:U/C:N/I:H/A:N;7.0;5.3;U;0.01134;Canonical Ubuntu linux 14.04 LTS [Firmware] | Canonical Ubuntu linux 16.04 LTS [Firmware] | Canonical Ubuntu linux 17.04 [Firmware] | Debian Debian linux 8.0 [Firmware] | Debian Debian linux 9.0 [Firmware] | Freebsd Freebsd 10 [Firmware] | Freebsd Freebsd 10.4 [Firmware] | Freebsd Freebsd 11 [Firmware] | Freebsd Freebsd 11.1 [Firmware] | Freebsd Freebsd [Firmware] | Opensuse Leap 42.2 [Firmware] | Opensuse Leap 42.3 [Firmware] | Redhat Enterprise linux desktop 7 [Firmware] | Redhat Enterprise linux server 7 [Firmware] | Suse Linux enterprise desktop 12 [Firmware] | Suse Linux enterprise point of sale 11 [Firmware] | Suse Linux enterprise server 11 [Firmware] | Suse Linux enterprise server 12 LTSS [Firmware] | Suse Openstack cloud 6 [Firmware] | W1.fi Hostapd 0.2.4 [Application] | W1.fi Hostapd 0.2.5 [Application] | W1.fi Hostapd 0.2.6 [Application] | W1.fi Hostapd 0.2.8 [Application] | W1.fi Hostapd 0.3.10 [Application] | W1.fi Hostapd 0.3.11 [Application] | W1.fi Hostapd 0.3.7 [Application] | W1.fi Hostapd 0.3.9 [Application] | W1.fi Hostapd 0.4.10 [Application] | W1.fi Hostapd 0.4.11 [Application] | W1.fi Hostapd 0.4.7 [Application] | W1.fi Hostapd 0.4.8 [Application] | W1.fi Hostapd 0.4.9 [Application] | W1.fi Hostapd 0.5.10 [Application] | W1.fi Hostapd 0.5.11 [Application] | W1.fi Hostapd 0.5.7 [Application] | W1.fi Hostapd 0.5.8 [Application] | W1.fi Hostapd 0.5.9 [Application] | W1.fi Hostapd 0.6.10 [Application] | W1.fi Hostapd 0.6.8 [Application] | W1.fi Hostapd 0.6.9 [Application] | W1.fi Hostapd 0.7.3 [Application] | W1.fi Hostapd 1.0 [Application] | W1.fi Hostapd 1.1 [Application] | W1.fi Hostapd 2.0 [Application] | W1.fi Hostapd 2.1 [Application] | W1.fi Hostapd 2.2 [Application] | W1.fi Hostapd 2.3 [Application] | W1.fi Hostapd 2.4 [Application] | W1.fi Hostapd 2.5 [Application] | W1.fi Hostapd 2.6 [Application] | W1.fi Wpa supplicant 0.2.4 [Application] | W1.fi Wpa supplicant 0.2.5 [Application] | W1.fi Wpa supplicant 0.2.6 [Application] | W1.fi Wpa supplicant 0.2.7 [Application] | W1.fi Wpa supplicant 0.2.8 [Application] | W1.fi Wpa supplicant 0.3.10 [Application] | W1.fi Wpa supplicant 0.3.11 [Application] | W1.fi Wpa supplicant 0.3.7 [Application] | W1.fi Wpa supplicant 0.3.8 [Application] | W1.fi Wpa supplicant 0.3.9 [Application] | W1.fi Wpa supplicant 0.4.10 [Application] | W1.fi Wpa supplicant 0.4.11 [Application] | W1.fi Wpa supplicant 0.4.7 [Application] | W1.fi Wpa supplicant 0.4.8 [Application] | W1.fi Wpa supplicant 0.4.9 [Application] | W1.fi Wpa supplicant 0.5.10 [Application] | W1.fi Wpa supplicant 0.5.11 [Application] | W1.fi Wpa supplicant 0.5.7 [Application] | W1.fi Wpa supplicant 0.5.8 [Application] | W1.fi Wpa supplicant 0.5.9 [Application] | W1.fi Wpa supplicant 0.6.10 [Application] | W1.fi Wpa supplicant 0.6.8 [Application] | W1.fi Wpa supplicant 0.6.9 [Application] | W1.fi Wpa supplicant 0.7.3 [Application] | W1.fi Wpa supplicant 1.0 [Application] | W1.fi Wpa supplicant 1.1 [Application] | W1.fi Wpa supplicant 2.0 [Application] | W1.fi Wpa supplicant 2.1 [Application] | W1.fi Wpa supplicant 2.2 [Application] | W1.fi Wpa supplicant 2.3 [Application] | W1.fi Wpa supplicant 2.4 [Application] | W1.fi Wpa supplicant 2.5 [Application] | W1.fi Wpa supplicant 2.6 [Application];cpe:2.3:o:canonical:ubuntu_linux:14.04:*:*:*:lts:*:*:*, cpe:2.3:o:canonical:ubuntu_linux:16.04:*:*:*:lts:*:*:*, cpe:2.3:o:canonical:ubuntu_linux:17.04:*:*:*:*:*:*:*, cpe:2.3:o:debian:debian_linux:8.0:*:*:*:*:*:*:*, cpe:2.3:o:debian:debian_linux:9.0:*:*:*:*:*:*:*, cpe:2.3:o:freebsd:freebsd:*:*:*:*:*:*:*:*, cpe:2.3:o:freebsd:freebsd:10:*:*:*:*:*:*:*, cpe:2.3:o:freebsd:freebsd:10.4:*:*:*:*:*:*:*, cpe:2.3:o:freebsd:freebsd:11:*:*:*:*:*:*:*, cpe:2.3:o:freebsd:freebsd:11.1:*:*:*:*:*:*:*, cpe:2.3:o:opensuse:leap:42.2:*:*:*:*:*:*:*, cpe:2.3:o:opensuse:leap:42.3:*:*:*:*:*:*:*, cpe:2.3:o:redhat:enterprise_linux_desktop:7:*:*:*:*:*:*:*, cpe:2.3:o:redhat:enterprise_linux_server:7:*:*:*:*:*:*:*, cpe:2.3:a:w1.fi:hostapd:0.2.4:*:*:*:*:*:*:*, cpe:2.3:a:w1.fi:hostapd:0.2.5:*:*:*:*:*:*:*, cpe:2.3:a:w1.fi:hostapd:0.2.6:*:*:*:*:*:*:*, cpe:2.3:a:w1.fi:hostapd:0.2.8:*:*:*:*:*:*:*, cpe:2.3:a:w1.fi:hostapd:0.3.7:*:*:*:*:*:*:*, cpe:2.3:a:w1.fi:hostapd:0.3.9:*:*:*:*:*:*:*, cpe:2.3:a:w1.fi:hostapd:0.3.10:*:*:*:*:*:*:*, cpe:2.3:a:w1.fi:hostapd:0.3.11:*:*:*:*:*:*:*, cpe:2.3:a:w1.fi:hostapd:0.4.7:*:*:*:*:*:*:*, cpe:2.3:a:w1.fi:hostapd:0.4.8:*:*:*:*:*:*:*, cpe:2.3:a:w1.fi:hostapd:0.4.9:*:*:*:*:*:*:*, cpe:2.3:a:w1.fi:hostapd:0.4.10:*:*:*:*:*:*:*, cpe:2.3:a:w1.fi:hostapd:0.4.11:*:*:*:*:*:*:*, cpe:2.3:a:w1.fi:hostapd:0.5.7:*:*:*:*:*:*:*, cpe:2.3:a:w1.fi:hostapd:0.5.8:*:*:*:*:*:*:*, cpe:2.3:a:w1.fi:hostapd:0.5.9:*:*:*:*:*:*:*, cpe:2.3:a:w1.fi:hostapd:0.5.10:*:*:*:*:*:*:*, cpe:2.3:a:w1.fi:hostapd:0.5.11:*:*:*:*:*:*:*, cpe:2.3:a:w1.fi:hostapd:0.6.8:*:*:*:*:*:*:*, cpe:2.3:a:w1.fi:hostapd:0.6.9:*:*:*:*:*:*:*, cpe:2.3:a:w1.fi:hostapd:0.6.10:*:*:*:*:*:*:*, cpe:2.3:a:w1.fi:hostapd:0.7.3:*:*:*:*:*:*:*, cpe:2.3:a:w1.fi:hostapd:1.0:*:*:*:*:*:*:*, cpe:2.3:a:w1.fi:hostapd:1.1:*:*:*:*:*:*:*, cpe:2.3:a:w1.fi:hostapd:2.0:*:*:*:*:*:*:*, cpe:2.3:a:w1.fi:hostapd:2.1:*:*:*:*:*:*:*, cpe:2.3:a:w1.fi:hostapd:2.2:*:*:*:*:*:*:*, cpe:2.3:a:w1.fi:hostapd:2.3:*:*:*:*:*:*:*, cpe:2.3:a:w1.fi:hostapd:2.4:*:*:*:*:*:*:*, cpe:2.3:a:w1.fi:hostapd:2.5:*:*:*:*:*:*:*, cpe:2.3:a:w1.fi:hostapd:2.6:*:*:*:*:*:*:*, cpe:2.3:a:w1.fi:wpa_supplicant:0.2.4:*:*:*:*:*:*:*, cpe:2.3:a:w1.fi:wpa_supplicant:0.2.5:*:*:*:*:*:*:*, cpe:2.3:a:w1.fi:wpa_supplicant:0.2.6:*:*:*:*:*:*:*, cpe:2.3:a:w1.fi:wpa_supplicant:0.2.7:*:*:*:*:*:*:*, cpe:2.3:a:w1.fi:wpa_supplicant:0.2.8:*:*:*:*:*:*:*, cpe:2.3:a:w1.fi:wpa_supplicant:0.3.7:*:*:*:*:*:*:*, cpe:2.3:a:w1.fi:wpa_supplicant:0.3.8:*:*:*:*:*:*:*, cpe:2.3:a:w1.fi:wpa_supplicant:0.3.9:*:*:*:*:*:*:*, cpe:2.3:a:w1.fi:wpa_supplicant:0.3.10:*:*:*:*:*:*:*, cpe:2.3:a:w1.fi:wpa_supplicant:0.3.11:*:*:*:*:*:*:*, cpe:2.3:a:w1.fi:wpa_supplicant:0.4.7:*:*:*:*:*:*:*, cpe:2.3:a:w1.fi:wpa_supplicant:0.4.8:*:*:*:*:*:*:*, cpe:2.3:a:w1.fi:wpa_supplicant:0.4.9:*:*:*:*:*:*:*, cpe:2.3:a:w1.fi:wpa_supplicant:0.4.10:*:*:*:*:*:*:*, cpe:2.3:a:w1.fi:wpa_supplicant:0.4.11:*:*:*:*:*:*:*, cpe:2.3:a:w1.fi:wpa_supplicant:0.5.7:*:*:*:*:*:*:*, cpe:2.3:a:w1.fi:wpa_supplicant:0.5.8:*:*:*:*:*:*:*, cpe:2.3:a:w1.fi:wpa_supplicant:0.5.9:*:*:*:*:*:*:*, cpe:2.3:a:w1.fi:wpa_supplicant:0.5.10:*:*:*:*:*:*:*, cpe:2.3:a:w1.fi:wpa_supplicant:0.5.11:*:*:*:*:*:*:*, cpe:2.3:a:w1.fi:wpa_supplicant:0.6.8:*:*:*:*:*:*:*, cpe:2.3:a:w1.fi:wpa_supplicant:0.6.9:*:*:*:*:*:*:*, cpe:2.3:a:w1.fi:wpa_supplicant:0.6.10:*:*:*:*:*:*:*, cpe:2.3:a:w1.fi:wpa_supplicant:0.7.3:*:*:*:*:*:*:*, cpe:2.3:a:w1.fi:wpa_supplicant:1.0:*:*:*:*:*:*:*, cpe:2.3:a:w1.fi:wpa_supplicant:1.1:*:*:*:*:*:*:*, cpe:2.3:a:w1.fi:wpa_supplicant:2.0:*:*:*:*:*:*:*, cpe:2.3:a:w1.fi:wpa_supplicant:2.1:*:*:*:*:*:*:*, cpe:2.3:a:w1.fi:wpa_supplicant:2.2:*:*:*:*:*:*:*, cpe:2.3:a:w1.fi:wpa_supplicant:2.3:*:*:*:*:*:*:*, cpe:2.3:a:w1.fi:wpa_supplicant:2.4:*:*:*:*:*:*:*, cpe:2.3:a:w1.fi:wpa_supplicant:2.5:*:*:*:*:*:*:*, cpe:2.3:a:w1.fi:wpa_supplicant:2.6:*:*:*:*:*:*:*, cpe:2.3:o:suse:linux_enterprise_desktop:12:sp2:*:*:*:*:*:*, cpe:2.3:o:suse:linux_enterprise_desktop:12:sp3:*:*:*:*:*:*, cpe:2.3:o:suse:linux_enterprise_point_of_sale:11:sp3:*:*:*:*:*:*, cpe:2.3:o:suse:linux_enterprise_server:11:sp3:*:*:*:ltss:*:*, cpe:2.3:o:suse:linux_enterprise_server:11:sp4:*:*:*:*:*:*, cpe:2.3:o:suse:linux_enterprise_server:12:*:*:*:ltss:*:*:*, cpe:2.3:o:suse:openstack_cloud:6:*:*:*:*:*:*:*;I;both;CVSS:4.0/AV:A/AC:H/AT:P/PR:N/UI:N/VC:N/VI:H/VA:N/SC:N/SI:H/SA:N/E:U/CR:L/IR:M/AR:M;CVSS:4.0/AV:A/AC:H/AT:P/PR:N/UI:N/VC:N/VI:H/VA:N/SC:N/SI:H/SA:N/E:U/CR:H/IR:H/AR:H;1.9;3.8;CVSS:4.0/AV:A/AC:H/AT:P/PR:N/UI:N/VC:N/VI:H/VA:N/SC:N/SI:H/SA:N/E:U;3.8
CVE-2017-13080;CVSS:4.0/AV:A/AC:H/AT:P/PR:N/UI:N/VC:N/VI:H/VA:N/SC:N/SI:H/SA:N;CVSS:3.0/AV:A/AC:H/PR:N/UI:N/S:U/C:N/I:H/A:N;7.0;5.3;U;0.00977;Canonical Ubuntu linux 14.04 LTS [Firmware] | Canonical Ubuntu linux 16.04 LTS [Firmware] | Canonical Ubuntu linux 17.04 [Firmware] | Debian Debian linux 8.0 [Firmware] | Debian Debian linux 9.0 [Firmware] | Freebsd Freebsd 10 [Firmware] | Freebsd Freebsd 10.4 [Firmware] | Freebsd Freebsd 11 [Firmware] | Freebsd Freebsd 11.1 [Firmware] | Freebsd Freebsd [Firmware] | Opensuse Leap 42.2 [Firmware] | Opensuse Leap 42.3 [Firmware] | Redhat Enterprise linux desktop 7 [Firmware] | Redhat Enterprise linux server 7 [Firmware] | Suse Linux enterprise desktop 12 [Firmware] | Suse Linux enterprise point of sale 11 [Firmware] | Suse Linux enterprise server 11 [Firmware] | Suse Linux enterprise server 12 LTSS [Firmware] | Suse Openstack cloud 6 [Firmware] | W1.fi Hostapd 0.2.4 [Application] | W1.fi Hostapd 0.2.5 [Application] | W1.fi Hostapd 0.2.6 [Application] | W1.fi Hostapd 0.2.8 [Application] | W1.fi Hostapd 0.3.10 [Application] | W1.fi Hostapd 0.3.11 [Application] | W1.fi Hostapd 0.3.7 [Application] | W1.fi Hostapd 0.3.9 [Application] | W1.fi Hostapd 0.4.10 [Application] | W1.fi Hostapd 0.4.11 [Application] | W1.fi Hostapd 0.4.7 [Application] | W1.fi Hostapd 0.4.8 [Application] | W1.fi Hostapd 0.4.9 [Application] | W1.fi Hostapd 0.5.10 [Application] | W1.fi Hostapd 0.5.11 [Application] | W1.fi Hostapd 0.5.7 [Application] | W1.fi Hostapd 0.5.8 [Application] | W1.fi Hostapd 0.5.9 [Application] | W1.fi Hostapd 0.6.10 [Application] | W1.fi Hostapd 0.6.8 [Application] | W1.fi Hostapd 0.6.9 [Application] | W1.fi Hostapd 0.7.3 [Application] | W1.fi Hostapd 1.0 [Application] | W1.fi Hostapd 1.1 [Application] | W1.fi Hostapd 2.0 [Application] | W1.fi Hostapd 2.1 [Application] | W1.fi Hostapd 2.2 [Application] | W1.fi Hostapd 2.3 [Application] | W1.fi Hostapd 2.4 [Application] | W1.fi Hostapd 2.5 [Application] | W1.fi Hostapd 2.6 [Application] | W1.fi Wpa supplicant 0.2.4 [Application] | W1.fi Wpa supplicant 0.2.5 [Application] | W1.fi Wpa supplicant 0.2.6 [Application] | W1.fi Wpa supplicant 0.2.7 [Application] | W1.fi Wpa supplicant 0.2.8 [Application] | W1.fi Wpa supplicant 0.3.10 [Application] | W1.fi Wpa supplicant 0.3.11 [Application] | W1.fi Wpa supplicant 0.3.7 [Application] | W1.fi Wpa supplicant 0.3.8 [Application] | W1.fi Wpa supplicant 0.3.9 [Application] | W1.fi Wpa supplicant 0.4.10 [Application] | W1.fi Wpa supplicant 0.4.11 [Application] | W1.fi Wpa supplicant 0.4.7 [Application] | W1.fi Wpa supplicant 0.4.8 [Application] | W1.fi Wpa supplicant 0.4.9 [Application] | W1.fi Wpa supplicant 0.5.10 [Application] | W1.fi Wpa supplicant 0.5.11 [Application] | W1.fi Wpa supplicant 0.5.7 [Application] | W1.fi Wpa supplicant 0.5.8 [Application] | W1.fi Wpa supplicant 0.5.9 [Application] | W1.fi Wpa supplicant 0.6.10 [Application] | W1.fi Wpa supplicant 0.6.8 [Application] | W1.fi Wpa supplicant 0.6.9 [Application] | W1.fi Wpa supplicant 0.7.3 [Application] | W1.fi Wpa supplicant 1.0 [Application] | W1.fi Wpa supplicant 1.1 [Application] | W1.fi Wpa supplicant 2.0 [Application] | W1.fi Wpa supplicant 2.1 [Application] | W1.fi Wpa supplicant 2.2 [Application] | W1.fi Wpa supplicant 2.3 [Application] | W1.fi Wpa supplicant 2.4 [Application] | W1.fi Wpa supplicant 2.5 [Application] | W1.fi Wpa supplicant 2.6 [Application];cpe:2.3:o:canonical:ubuntu_linux:14.04:*:*:*:lts:*:*:*, cpe:2.3:o:canonical:ubuntu_linux:16.04:*:*:*:lts:*:*:*, cpe:2.3:o:canonical:ubuntu_linux:17.04:*:*:*:*:*:*:*, cpe:2.3:o:debian:debian_linux:8.0:*:*:*:*:*:*:*, cpe:2.3:o:debian:debian_linux:9.0:*:*:*:*:*:*:*, cpe:2.3:o:freebsd:freebsd:*:*:*:*:*:*:*:*, cpe:2.3:o:freebsd:freebsd:10:*:*:*:*:*:*:*, cpe:2.3:o:freebsd:freebsd:10.4:*:*:*:*:*:*:*, cpe:2.3:o:freebsd:freebsd:11:*:*:*:*:*:*:*, cpe:2.3:o:freebsd:freebsd:11.1:*:*:*:*:*:*:*, cpe:2.3:o:opensuse:leap:42.2:*:*:*:*:*:*:*, cpe:2.3:o:opensuse:leap:42.3:*:*:*:*:*:*:*, cpe:2.3:o:redhat:enterprise_linux_desktop:7:*:*:*:*:*:*:*, cpe:2.3:o:redhat:enterprise_linux_server:7:*:*:*:*:*:*:*, cpe:2.3:a:w1.fi:hostapd:0.2.4:*:*:*:*:*:*:*, cpe:2.3:a:w1.fi:hostapd:0.2.5:*:*:*:*:*:*:*, cpe:2.3:a:w1.fi:hostapd:0.2.6:*:*:*:*:*:*:*, cpe:2.3:a:w1.fi:hostapd:0.2.8:*:*:*:*:*:*:*, cpe:2.3:a:w1.fi:hostapd:0.3.7:*:*:*:*:*:*:*, cpe:2.3:a:w1.fi:hostapd:0.3.9:*:*:*:*:*:*:*, cpe:2.3:a:w1.fi:hostapd:0.3.10:*:*:*:*:*:*:*, cpe:2.3:a:w1.fi:hostapd:0.3.11:*:*:*:*:*:*:*, cpe:2.3:a:w1.fi:hostapd:0.4.7:*:*:*:*:*:*:*, cpe:2.3:a:w1.fi:hostapd:0.4.8:*:*:*:*:*:*:*, cpe:2.3:a:w1.fi:hostapd:0.4.9:*:*:*:*:*:*:*, cpe:2.3:a:w1.fi:hostapd:0.4.10:*:*:*:*:*:*:*, cpe:2.3:a:w1.fi:hostapd:0.4.11:*:*:*:*:*:*:*, cpe:2.3:a:w1.fi:hostapd:0.5.7:*:*:*:*:*:*:*, cpe:2.3:a:w1.fi:hostapd:0.5.8:*:*:*:*:*:*:*, cpe:2.3:a:w1.fi:hostapd:0.5.9:*:*:*:*:*:*:*, cpe:2.3:a:w1.fi:hostapd:0.5.10:*:*:*:*:*:*:*, cpe:2.3:a:w1.fi:hostapd:0.5.11:*:*:*:*:*:*:*, cpe:2.3:a:w1.fi:hostapd:0.6.8:*:*:*:*:*:*:*, cpe:2.3:a:w1.fi:hostapd:0.6.9:*:*:*:*:*:*:*, cpe:2.3:a:w1.fi:hostapd:0.6.10:*:*:*:*:*:*:*, cpe:2.3:a:w1.fi:hostapd:0.7.3:*:*:*:*:*:*:*, cpe:2.3:a:w1.fi:hostapd:1.0:*:*:*:*:*:*:*, cpe:2.3:a:w1.fi:hostapd:1.1:*:*:*:*:*:*:*, cpe:2.3:a:w1.fi:hostapd:2.0:*:*:*:*:*:*:*, cpe:2.3:a:w1.fi:hostapd:2.1:*:*:*:*:*:*:*, cpe:2.3:a:w1.fi:hostapd:2.2:*:*:*:*:*:*:*, cpe:2.3:a:w1.fi:hostapd:2.3:*:*:*:*:*:*:*, cpe:2.3:a:w1.fi:hostapd:2.4:*:*:*:*:*:*:*, cpe:2.3:a:w1.fi:hostapd:2.5:*:*:*:*:*:*:*, cpe:2.3:a:w1.fi:hostapd:2.6:*:*:*:*:*:*:*, cpe:2.3:a:w1.fi:wpa_supplicant:0.2.4:*:*:*:*:*:*:*, cpe:2.3:a:w1.fi:wpa_supplicant:0.2.5:*:*:*:*:*:*:*, cpe:2.3:a:w1.fi:wpa_supplicant:0.2.6:*:*:*:*:*:*:*, cpe:2.3:a:w1.fi:wpa_supplicant:0.2.7:*:*:*:*:*:*:*, cpe:2.3:a:w1.fi:wpa_supplicant:0.2.8:*:*:*:*:*:*:*, cpe:2.3:a:w1.fi:wpa_supplicant:0.3.7:*:*:*:*:*:*:*, cpe:2.3:a:w1.fi:wpa_supplicant:0.3.8:*:*:*:*:*:*:*, cpe:2.3:a:w1.fi:wpa_supplicant:0.3.9:*:*:*:*:*:*:*, cpe:2.3:a:w1.fi:wpa_supplicant:0.3.10:*:*:*:*:*:*:*, cpe:2.3:a:w1.fi:wpa_supplicant:0.3.11:*:*:*:*:*:*:*, cpe:2.3:a:w1.fi:wpa_supplicant:0.4.7:*:*:*:*:*:*:*, cpe:2.3:a:w1.fi:wpa_supplicant:0.4.8:*:*:*:*:*:*:*, cpe:2.3:a:w1.fi:wpa_supplicant:0.4.9:*:*:*:*:*:*:*, cpe:2.3:a:w1.fi:wpa_supplicant:0.4.10:*:*:*:*:*:*:*, cpe:2.3:a:w1.fi:wpa_supplicant:0.4.11:*:*:*:*:*:*:*, cpe:2.3:a:w1.fi:wpa_supplicant:0.5.7:*:*:*:*:*:*:*, cpe:2.3:a:w1.fi:wpa_supplicant:0.5.8:*:*:*:*:*:*:*, cpe:2.3:a:w1.fi:wpa_supplicant:0.5.9:*:*:*:*:*:*:*, cpe:2.3:a:w1.fi:wpa_supplicant:0.5.10:*:*:*:*:*:*:*, cpe:2.3:a:w1.fi:wpa_supplicant:0.5.11:*:*:*:*:*:*:*, cpe:2.3:a:w1.fi:wpa_supplicant:0.6.8:*:*:*:*:*:*:*, cpe:2.3:a:w1.fi:wpa_supplicant:0.6.9:*:*:*:*:*:*:*, cpe:2.3:a:w1.fi:wpa_supplicant:0.6.10:*:*:*:*:*:*:*, cpe:2.3:a:w1.fi:wpa_supplicant:0.7.3:*:*:*:*:*:*:*, cpe:2.3:a:w1.fi:wpa_supplicant:1.0:*:*:*:*:*:*:*, cpe:2.3:a:w1.fi:wpa_supplicant:1.1:*:*:*:*:*:*:*, cpe:2.3:a:w1.fi:wpa_supplicant:2.0:*:*:*:*:*:*:*, cpe:2.3:a:w1.fi:wpa_supplicant:2.1:*:*:*:*:*:*:*, cpe:2.3:a:w1.fi:wpa_supplicant:2.2:*:*:*:*:*:*:*, cpe:2.3:a:w1.fi:wpa_supplicant:2.3:*:*:*:*:*:*:*, cpe:2.3:a:w1.fi:wpa_supplicant:2.4:*:*:*:*:*:*:*, cpe:2.3:a:w1.fi:wpa_supplicant:2.5:*:*:*:*:*:*:*, cpe:2.3:a:w1.fi:wpa_supplicant:2.6:*:*:*:*:*:*:*, cpe:2.3:o:suse:linux_enterprise_desktop:12:sp2:*:*:*:*:*:*, cpe:2.3:o:suse:linux_enterprise_desktop:12:sp3:*:*:*:*:*:*, cpe:2.3:o:suse:linux_enterprise_point_of_sale:11:sp3:*:*:*:*:*:*, cpe:2.3:o:suse:linux_enterprise_server:11:sp3:*:*:*:ltss:*:*, cpe:2.3:o:suse:linux_enterprise_server:11:sp4:*:*:*:*:*:*, cpe:2.3:o:suse:linux_enterprise_server:12:*:*:*:ltss:*:*:*, cpe:2.3:o:suse:openstack_cloud:6:*:*:*:*:*:*:*;I;both;CVSS:4.0/AV:A/AC:H/AT:P/PR:N/UI:N/VC:N/VI:H/VA:N/SC:N/SI:H/SA:N/E:U/CR:L/IR:M/AR:M;CVSS:4.0/AV:A/AC:H/AT:P/PR:N/UI:N/VC:N/VI:H/VA:N/SC:N/SI:H/SA:N/E:U/CR:H/IR:H/AR:H;1.9;3.8;CVSS:4.0/AV:A/AC:H/AT:P/PR:N/UI:N/VC:N/VI:H/VA:N/SC:N/SI:H/SA:N/E:U;3.8
CVE-2018-14787;CVSS:4.0/AV:L/AC:L/AT:N/PR:L/UI:N/VC:H/VI:H/VA:H/SC:H/SI:H/SA:H;CVSS:3.1/AV:L/AC:L/PR:L/UI:N/S:U/C:H/I:H/A:H;9.3;7.8;U;0.00111;Philips Intellispace cardiovascular [Application] | Philips Xcelera [Application];cpe:2.3:a:philips:intellispace_cardiovascular:*:*:*:*:*:*:*:*, cpe:2.3:a:philips:xcelera:*:*:*:*:*:*:*:*;I;hospital;CVSS:4.0/AV:L/AC:L/AT:N/PR:L/UI:N/VC:H/VI:H/VA:H/SC:H/SI:H/SA:H/E:U/CR:L/IR:M/AR:M;;6.0;N/A;CVSS:4.0/AV:L/AC:L/AT:N/PR:L/UI:N/VC:H/VI:H/VA:H/SC:H/SI:H/SA:H/E:U;7.4
CVE-2018-7526;CVSS:4.0/AV:N/AC:L/AT:P/PR:N/UI:N/VC:H/VI:N/VA:N/SC:H/SI:N/SA:N;CVSS:3.0/AV:N/AC:L/PR:N/UI:N/S:U/C:H/I:N/A:N;8.9;7.5;U;0.00228;Beaconmedaes Scroll medical air systems - [Hardware] | Beaconmedaes Scroll medical air systems firmware [Firmware];cpe:2.3:o:beaconmedaes:scroll_medical_air_systems_firmware:*:*:*:*:*:*:*:*, cpe:2.3:h:beaconmedaes:scroll_medical_air_systems:-:*:*:*:*:*:*:*;IIb;hospital;CVSS:4.0/AV:N/AC:L/AT:P/PR:N/UI:N/VC:H/VI:N/VA:N/SC:H/SI:N/SA:N/E:U/CR:L/IR:M/AR:M;;4.5;N/A;CVSS:4.0/AV:N/AC:L/AT:P/PR:N/UI:N/VC:H/VI:N/VA:N/SC:H/SI:N/SA:N/E:U;6.3
CVE-2016-8355;CVSS:4.0/AV:N/AC:L/AT:P/PR:L/UI:N/VC:H/VI:H/VA:H/SC:H/SI:H/SA:H;CVSS:3.0/AV:N/AC:L/PR:L/UI:N/S:C/C:H/I:H/A:H;9.0;9.9;U;0.00393;Smiths-medical Cadd-solis medication safety software 1.0 [Application] | Smiths-medical Cadd-solis medication safety software 2.0 [Application] | Smiths-medical Cadd-solis medication safety software 3.0 [Application] | Smiths-medical Cadd-solis medication safety software 3.1 [Application];cpe:2.3:a:smiths-medical:cadd-solis_medication_safety_software:1.0:*:*:*:*:*:*:*, cpe:2.3:a:smiths-medical:cadd-solis_medication_safety_software:2.0:*:*:*:*:*:*:*, cpe:2.3:a:smiths-medical:cadd-solis_medication_safety_software:3.0:*:*:*:*:*:*:*, cpe:2.3:a:smiths-medical:cadd-solis_medication_safety_software:3.1:*:*:*:*:*:*:*;IIa;hospital;CVSS:4.0/AV:N/AC:L/AT:P/PR:L/UI:N/VC:H/VI:H/VA:H/SC:H/SI:H/SA:H/E:U/CR:L/IR:M/AR:M/MSI:S/MSA:S;;6.9;N/A;CVSS:4.0/AV:N/AC:L/AT:P/PR:L/UI:N/VC:H/VI:H/VA:H/SC:H/SI:H/SA:H/E:U;6.1
CVE-2016-8358;CVSS:4.0/AV:N/AC:H/AT:P/PR:L/UI:N/VC:H/VI:H/VA:H/SC:H/SI:H/SA:H;CVSS:3.0/AV:N/AC:H/PR:L/UI:N/S:C/C:H/I:H/A:H;9.0;8.5;U;0.00149;Smiths-medical Cadd-solis medication safety software 1.0 [Application] | Smiths-medical Cadd-solis medication safety software 2.0 [Application] | Smiths-medical Cadd-solis medication safety software 3.0 [Application] | Smiths-medical Cadd-solis medication safety software 3.1 [Application];cpe:2.3:a:smiths-medical:cadd-solis_medication_safety_software:1.0:*:*:*:*:*:*:*, cpe:2.3:a:smiths-medical:cadd-solis_medication_safety_software:2.0:*:*:*:*:*:*:*, cpe:2.3:a:smiths-medical:cadd-solis_medication_safety_software:3.0:*:*:*:*:*:*:*, cpe:2.3:a:smiths-medical:cadd-solis_medication_safety_software:3.1:*:*:*:*:*:*:*;IIa;hospital;CVSS:4.0/AV:N/AC:H/AT:P/PR:L/UI:N/VC:H/VI:H/VA:H/SC:H/SI:H/SA:H/E:U/CR:L/IR:M/AR:M/MSI:S/MSA:S;;6.9;N/A;CVSS:4.0/AV:N/AC:H/AT:P/PR:L/UI:N/VC:H/VI:H/VA:H/SC:H/SI:H/SA:H/E:U;6.1
CVE-2016-5084;CVSS:4.0/AV:N/AC:L/AT:N/PR:N/UI:N/VC:H/VI:N/VA:N/SC:H/SI:N/SA:N;CVSS:3.0/AV:N/AC:L/PR:N/UI:N/S:U/C:H/I:N/A:N;9.2;7.5;U;0.01725;Animas Onetouch ping - [Hardware] | Animas Onetouch ping firmware - [Firmware];cpe:2.3:o:animas:onetouch_ping_firmware:-:*:*:*:*:*:*:*, cpe:2.3:h:animas:onetouch_ping:-:*:*:*:*:*:*:*;IIb;both;CVSS:4.0/AV:N/AC:L/AT:N/PR:N/UI:N/VC:H/VI:N/VA:N/SC:H/SI:N/SA:N/E:U/CR:L/IR:M/AR:M;CVSS:4.0/AV:N/AC:L/AT:N/PR:N/UI:N/VC:H/VI:N/VA:N/SC:H/SI:N/SA:N/E:U/CR:H/IR:H/AR:H;5.9;7.7;CVSS:4.0/AV:N/AC:L/AT:N/PR:N/UI:N/VC:H/VI:N/VA:N/SC:H/SI:N/SA:N/E:U;7.7
CVE-2016-5085;CVSS:4.0/AV:N/AC:L/AT:N/PR:N/UI:N/VC:N/VI:H/VA:N/SC:N/SI:H/SA:N;CVSS:3.0/AV:N/AC:L/PR:N/UI:N/S:U/C:N/I:H/A:N;9.2;7.5;U;0.032;Animas Onetouch ping - [Hardware] | Animas Onetouch ping firmware - [Firmware];cpe:2.3:o:animas:onetouch_ping_firmware:-:*:*:*:*:*:*:*, cpe:2.3:h:animas:onetouch_ping:-:*:*:*:*:*:*:*;IIb;both;CVSS:4.0/AV:N/AC:L/AT:N/PR:N/UI:N/VC:N/VI:H/VA:N/SC:N/SI:H/SA:N/E:U/CR:L/IR:M/AR:M/MSI:S;CVSS:4.0/AV:N/AC:L/AT:N/PR:N/UI:N/VC:N/VI:H/VA:N/SC:N/SI:H/SA:N/E:U/CR:H/IR:H/AR:H/MSI:S;7.8;8.8;CVSS:4.0/AV:N/AC:L/AT:N/PR:N/UI:N/VC:N/VI:H/VA:N/SC:N/SI:H/SA:N/E:U;7.7
CVE-2016-5086;CVSS:4.0/AV:N/AC:L/AT:N/PR:N/UI:N/VC:H/VI:H/VA:H/SC:N/SI:H/SA:N;CVSS:3.0/AV:N/AC:L/PR:N/UI:N/S:U/C:H/I:H/A:H;9.9;9.8;U;0.03014;Animas Onetouch ping - [Hardware] | Animas Onetouch ping firmware - [Firmware];cpe:2.3:o:animas:onetouch_ping_firmware:-:*:*:*:*:*:*:*, cpe:2.3:h:animas:onetouch_ping:-:*:*:*:*:*:*:*;IIb;both;CVSS:4.0/AV:N/AC:L/AT:N/PR:N/UI:N/VC:H/VI:H/VA:H/SC:N/SI:H/SA:N/E:U/CR:L/IR:M/AR:M/MSI:S;CVSS:4.0/AV:N/AC:L/AT:N/PR:N/UI:N/VC:H/VI:H/VA:H/SC:N/SI:H/SA:N/E:U/CR:H/IR:H/AR:H/MSI:S;8.9;9.4;CVSS:4.0/AV:N/AC:L/AT:N/PR:N/UI:N/VC:H/VI:H/VA:H/SC:N/SI:H/SA:N/E:U;8.9